solid OpenSCAD_Model
  facet normal 0.995183 0.0980314 0
    outer loop
      vertex 3.99144 0.261612 1.2
      vertex 3.96578 0.522104 0
      vertex 3.96578 0.522104 1.2
    endloop
  endfacet
  facet normal 0.995183 0.0980314 0
    outer loop
      vertex 3.96578 0.522104 0
      vertex 3.99144 0.261612 1.2
      vertex 3.99144 0.261612 0
    endloop
  endfacet
  facet normal 0.999465 0.0327027 0
    outer loop
      vertex 4 0 1.2
      vertex 3.99144 0.261612 0
      vertex 3.99144 0.261612 1.2
    endloop
  endfacet
  facet normal 0.999465 0.0327027 0
    outer loop
      vertex 3.99144 0.261612 0
      vertex 4 0 1.2
      vertex 4 0 0
    endloop
  endfacet
  facet normal -0.956943 -0.290277 0
    outer loop
      vertex -3.78772 -1.28576 0
      vertex -3.8637 -1.03528 1.2
      vertex -3.8637 -1.03528 0
    endloop
  endfacet
  facet normal -0.956943 -0.290277 0
    outer loop
      vertex -3.8637 -1.03528 1.2
      vertex -3.78772 -1.28576 0
      vertex -3.78772 -1.28576 1.2
    endloop
  endfacet
  facet normal 0.352249 -0.935906 0
    outer loop
      vertex 1.28576 -3.78772 0
      vertex 1.53073 -3.69552 1.2
      vertex 1.28576 -3.78772 1.2
    endloop
  endfacet
  facet normal 0.352249 -0.935906 0
    outer loop
      vertex 1.53073 -3.69552 1.2
      vertex 1.28576 -3.78772 0
      vertex 1.53073 -3.69552 0
    endloop
  endfacet
  facet normal 0.227081 0.973876 -0
    outer loop
      vertex 1.03528 3.8637 0
      vertex 0.780361 3.92314 1.2
      vertex 1.03528 3.8637 1.2
    endloop
  endfacet
  facet normal 0.227081 0.973876 0
    outer loop
      vertex 0.780361 3.92314 1.2
      vertex 1.03528 3.8637 0
      vertex 0.780361 3.92314 0
    endloop
  endfacet
  facet normal -0.634398 0.773007 0
    outer loop
      vertex -2.43505 3.17341 0
      vertex -2.63738 3.00736 1.2
      vertex -2.43505 3.17341 1.2
    endloop
  endfacet
  facet normal -0.634398 0.773007 0
    outer loop
      vertex -2.63738 3.00736 1.2
      vertex -2.43505 3.17341 0
      vertex -2.63738 3.00736 0
    endloop
  endfacet
  facet normal 0.290277 -0.956943 0
    outer loop
      vertex 1.03528 -3.8637 0
      vertex 1.28576 -3.78772 1.2
      vertex 1.03528 -3.8637 1.2
    endloop
  endfacet
  facet normal 0.290277 -0.956943 0
    outer loop
      vertex 1.28576 -3.78772 1.2
      vertex 1.03528 -3.8637 0
      vertex 1.28576 -3.78772 0
    endloop
  endfacet
  facet normal -0.227081 0.973876 0
    outer loop
      vertex -0.780361 3.92314 0
      vertex -1.03528 3.8637 1.2
      vertex -0.780361 3.92314 1.2
    endloop
  endfacet
  facet normal -0.227081 0.973876 0
    outer loop
      vertex -1.03528 3.8637 1.2
      vertex -0.780361 3.92314 0
      vertex -1.03528 3.8637 0
    endloop
  endfacet
  facet normal 0 0 -1
    outer loop
      vertex 2.2 0 0
      vertex 4 0 0
      vertex 3.99144 -0.261612 0
    endloop
  endfacet
  facet normal 0 0 -1
    outer loop
      vertex 2.19529 -0.143887 0
      vertex 3.99144 -0.261612 0
      vertex 3.96578 -0.522104 0
    endloop
  endfacet
  facet normal 0 0 -1
    outer loop
      vertex 4 0 0
      vertex 2.2 0 0
      vertex 3.99144 0.261612 0
    endloop
  endfacet
  facet normal 0 0 -1
    outer loop
      vertex 2.18118 -0.287157 0
      vertex 3.96578 -0.522104 0
      vertex 3.92314 -0.780361 0
    endloop
  endfacet
  facet normal 0 0 -1
    outer loop
      vertex 2.19529 0.143887 0
      vertex 3.99144 0.261612 0
      vertex 2.2 0 0
    endloop
  endfacet
  facet normal 0 0 -1
    outer loop
      vertex 2.15773 -0.429198 0
      vertex 3.92314 -0.780361 0
      vertex 3.8637 -1.03528 0
    endloop
  endfacet
  facet normal -0 0 -1
    outer loop
      vertex 3.99144 0.261612 0
      vertex 2.19529 0.143887 0
      vertex 3.96578 0.522104 0
    endloop
  endfacet
  facet normal 0 0 -1
    outer loop
      vertex 2.12504 -0.569402 0
      vertex 3.8637 -1.03528 0
      vertex 3.78772 -1.28576 0
    endloop
  endfacet
  facet normal 0 0 -1
    outer loop
      vertex 2.18118 0.287157 0
      vertex 3.96578 0.522104 0
      vertex 2.19529 0.143887 0
    endloop
  endfacet
  facet normal 0 0 -1
    outer loop
      vertex 2.08325 -0.707167 0
      vertex 3.78772 -1.28576 0
      vertex 3.69552 -1.53073 0
    endloop
  endfacet
  facet normal -0 0 -1
    outer loop
      vertex 3.96578 0.522104 0
      vertex 2.18118 0.287157 0
      vertex 3.92314 0.780361 0
    endloop
  endfacet
  facet normal 0 0 -1
    outer loop
      vertex 2.03253 -0.841903 0
      vertex 3.69552 -1.53073 0
      vertex 3.58749 -1.76915 0
    endloop
  endfacet
  facet normal 0 0 -1
    outer loop
      vertex 2.15773 0.429198 0
      vertex 3.92314 0.780361 0
      vertex 2.18118 0.287157 0
    endloop
  endfacet
  facet normal 0 0 -1
    outer loop
      vertex 1.97312 -0.973035 0
      vertex 3.58749 -1.76915 0
      vertex 3.4641 -2 0
    endloop
  endfacet
  facet normal -0 0 -1
    outer loop
      vertex 3.92314 0.780361 0
      vertex 2.15773 0.429198 0
      vertex 3.8637 1.03528 0
    endloop
  endfacet
  facet normal 0 0 -1
    outer loop
      vertex 1.90526 -1.1 0
      vertex 3.4641 -2 0
      vertex 3.32588 -2.22228 0
    endloop
  endfacet
  facet normal 0 0 -1
    outer loop
      vertex 2.12504 0.569402 0
      vertex 3.8637 1.03528 0
      vertex 2.15773 0.429198 0
    endloop
  endfacet
  facet normal 0 0 -1
    outer loop
      vertex 1.82923 -1.22225 0
      vertex 3.32588 -2.22228 0
      vertex 3.17341 -2.43505 0
    endloop
  endfacet
  facet normal -0 0 -1
    outer loop
      vertex 3.8637 1.03528 0
      vertex 2.12504 0.569402 0
      vertex 3.78772 1.28576 0
    endloop
  endfacet
  facet normal 0 0 -1
    outer loop
      vertex 1.74538 -1.33927 0
      vertex 3.17341 -2.43505 0
      vertex 3.00736 -2.63738 0
    endloop
  endfacet
  facet normal 0 0 -1
    outer loop
      vertex 2.08325 0.707167 0
      vertex 3.78772 1.28576 0
      vertex 2.12504 0.569402 0
    endloop
  endfacet
  facet normal 0 0 -1
    outer loop
      vertex 1.65405 -1.45056 0
      vertex 3.00736 -2.63738 0
      vertex 2.82843 -2.82843 0
    endloop
  endfacet
  facet normal -0 0 -1
    outer loop
      vertex 3.78772 1.28576 0
      vertex 2.08325 0.707167 0
      vertex 3.69552 1.53073 0
    endloop
  endfacet
  facet normal 0 0 -1
    outer loop
      vertex 1.55563 -1.55563 0
      vertex 2.82843 -2.82843 0
      vertex 2.63738 -3.00736 0
    endloop
  endfacet
  facet normal 0 0 -1
    outer loop
      vertex 2.03253 0.841903 0
      vertex 3.69552 1.53073 0
      vertex 2.08325 0.707167 0
    endloop
  endfacet
  facet normal 0 0 -1
    outer loop
      vertex 1.45056 -1.65405 0
      vertex 2.63738 -3.00736 0
      vertex 2.43505 -3.17341 0
    endloop
  endfacet
  facet normal -0 0 -1
    outer loop
      vertex 3.69552 1.53073 0
      vertex 2.03253 0.841903 0
      vertex 3.58749 1.76915 0
    endloop
  endfacet
  facet normal 0 0 -1
    outer loop
      vertex 1.33927 -1.74538 0
      vertex 2.43505 -3.17341 0
      vertex 2.22228 -3.32588 0
    endloop
  endfacet
  facet normal 0 0 -1
    outer loop
      vertex 1.97312 0.973035 0
      vertex 3.58749 1.76915 0
      vertex 2.03253 0.841903 0
    endloop
  endfacet
  facet normal -0 0 -1
    outer loop
      vertex 3.58749 1.76915 0
      vertex 1.97312 0.973035 0
      vertex 3.4641 2 0
    endloop
  endfacet
  facet normal 0 0 -1
    outer loop
      vertex 3.99144 -0.261612 0
      vertex 2.19529 -0.143887 0
      vertex 2.2 0 0
    endloop
  endfacet
  facet normal 0 0 -1
    outer loop
      vertex 3.96578 -0.522104 0
      vertex 2.18118 -0.287157 0
      vertex 2.19529 -0.143887 0
    endloop
  endfacet
  facet normal 0 0 -1
    outer loop
      vertex 3.92314 -0.780361 0
      vertex 2.15773 -0.429198 0
      vertex 2.18118 -0.287157 0
    endloop
  endfacet
  facet normal 0 0 -1
    outer loop
      vertex 3.8637 -1.03528 0
      vertex 2.12504 -0.569402 0
      vertex 2.15773 -0.429198 0
    endloop
  endfacet
  facet normal 0 0 -1
    outer loop
      vertex 3.78772 -1.28576 0
      vertex 2.08325 -0.707167 0
      vertex 2.12504 -0.569402 0
    endloop
  endfacet
  facet normal 0 0 -1
    outer loop
      vertex 3.69552 -1.53073 0
      vertex 2.03253 -0.841903 0
      vertex 2.08325 -0.707167 0
    endloop
  endfacet
  facet normal 0 0 -1
    outer loop
      vertex 1.22225 -1.82923 0
      vertex 2.22228 -3.32588 0
      vertex 2 -3.4641 0
    endloop
  endfacet
  facet normal 0 0 -1
    outer loop
      vertex 3.58749 -1.76915 0
      vertex 1.97312 -0.973035 0
      vertex 2.03253 -0.841903 0
    endloop
  endfacet
  facet normal 0 0 -1
    outer loop
      vertex 3.4641 -2 0
      vertex 1.90526 -1.1 0
      vertex 1.97312 -0.973035 0
    endloop
  endfacet
  facet normal 0 0 -1
    outer loop
      vertex 3.32588 -2.22228 0
      vertex 1.82923 -1.22225 0
      vertex 1.90526 -1.1 0
    endloop
  endfacet
  facet normal 0 0 -1
    outer loop
      vertex 1.1 -1.90526 0
      vertex 2 -3.4641 0
      vertex 1.76915 -3.58749 0
    endloop
  endfacet
  facet normal 0 0 -1
    outer loop
      vertex 3.17341 -2.43505 0
      vertex 1.74538 -1.33927 0
      vertex 1.82923 -1.22225 0
    endloop
  endfacet
  facet normal 0 0 -1
    outer loop
      vertex 3.00736 -2.63738 0
      vertex 1.65405 -1.45056 0
      vertex 1.74538 -1.33927 0
    endloop
  endfacet
  facet normal 0 0 -1
    outer loop
      vertex 2.82843 -2.82843 0
      vertex 1.55563 -1.55563 0
      vertex 1.65405 -1.45056 0
    endloop
  endfacet
  facet normal 0 0 -1
    outer loop
      vertex 0.973035 -1.97312 0
      vertex 1.76915 -3.58749 0
      vertex 1.53073 -3.69552 0
    endloop
  endfacet
  facet normal 0 0 -1
    outer loop
      vertex 2.63738 -3.00736 0
      vertex 1.45056 -1.65405 0
      vertex 1.55563 -1.55563 0
    endloop
  endfacet
  facet normal 0 0 -1
    outer loop
      vertex 2.43505 -3.17341 0
      vertex 1.33927 -1.74538 0
      vertex 1.45056 -1.65405 0
    endloop
  endfacet
  facet normal 0 0 -1
    outer loop
      vertex 0.841903 -2.03253 0
      vertex 1.53073 -3.69552 0
      vertex 1.28576 -3.78772 0
    endloop
  endfacet
  facet normal 0 0 -1
    outer loop
      vertex 2.22228 -3.32588 0
      vertex 1.22225 -1.82923 0
      vertex 1.33927 -1.74538 0
    endloop
  endfacet
  facet normal 0 0 -1
    outer loop
      vertex 2 -3.4641 0
      vertex 1.1 -1.90526 0
      vertex 1.22225 -1.82923 0
    endloop
  endfacet
  facet normal 0 0 -1
    outer loop
      vertex 0.707167 -2.08325 0
      vertex 1.28576 -3.78772 0
      vertex 1.03528 -3.8637 0
    endloop
  endfacet
  facet normal 0 0 -1
    outer loop
      vertex 1.76915 -3.58749 0
      vertex 0.973035 -1.97312 0
      vertex 1.1 -1.90526 0
    endloop
  endfacet
  facet normal 0 0 -1
    outer loop
      vertex 1.53073 -3.69552 0
      vertex 0.841903 -2.03253 0
      vertex 0.973035 -1.97312 0
    endloop
  endfacet
  facet normal 0 0 -1
    outer loop
      vertex 0.569402 -2.12504 0
      vertex 1.03528 -3.8637 0
      vertex 0.780361 -3.92314 0
    endloop
  endfacet
  facet normal 0 0 -1
    outer loop
      vertex 1.28576 -3.78772 0
      vertex 0.707167 -2.08325 0
      vertex 0.841903 -2.03253 0
    endloop
  endfacet
  facet normal 0 0 -1
    outer loop
      vertex 1.03528 -3.8637 0
      vertex 0.569402 -2.12504 0
      vertex 0.707167 -2.08325 0
    endloop
  endfacet
  facet normal 0 0 -1
    outer loop
      vertex 0.429198 -2.15773 0
      vertex 0.780361 -3.92314 0
      vertex 0.522104 -3.96578 0
    endloop
  endfacet
  facet normal 0 0 -1
    outer loop
      vertex 0.780361 -3.92314 0
      vertex 0.429198 -2.15773 0
      vertex 0.569402 -2.12504 0
    endloop
  endfacet
  facet normal 0 0 -1
    outer loop
      vertex 0.522104 -3.96578 0
      vertex 0.287157 -2.18118 0
      vertex 0.429198 -2.15773 0
    endloop
  endfacet
  facet normal 0 0 -1
    outer loop
      vertex 0.261612 -3.99144 0
      vertex 0.287157 -2.18118 0
      vertex 0.522104 -3.96578 0
    endloop
  endfacet
  facet normal 0 0 -1
    outer loop
      vertex 0.261612 -3.99144 0
      vertex 0.143887 -2.19529 0
      vertex 0.287157 -2.18118 0
    endloop
  endfacet
  facet normal 0 0 -1
    outer loop
      vertex 0 -4 0
      vertex 0.143887 -2.19529 0
      vertex 0.261612 -3.99144 0
    endloop
  endfacet
  facet normal 0 0 -1
    outer loop
      vertex 0 -4 0
      vertex 0 -2.2 0
      vertex 0.143887 -2.19529 0
    endloop
  endfacet
  facet normal 0 0 -1
    outer loop
      vertex 0 -4 0
      vertex -0.143887 -2.19529 0
      vertex 0 -2.2 0
    endloop
  endfacet
  facet normal 0 0 -1
    outer loop
      vertex -0.261612 -3.99144 0
      vertex -0.143887 -2.19529 0
      vertex 0 -4 0
    endloop
  endfacet
  facet normal 0 0 -1
    outer loop
      vertex -0.261612 -3.99144 0
      vertex -0.287157 -2.18118 0
      vertex -0.143887 -2.19529 0
    endloop
  endfacet
  facet normal 0 0 -1
    outer loop
      vertex -0.522104 -3.96578 0
      vertex -0.287157 -2.18118 0
      vertex -0.261612 -3.99144 0
    endloop
  endfacet
  facet normal -0 0 -1
    outer loop
      vertex -0.287157 -2.18118 0
      vertex -0.522104 -3.96578 0
      vertex -0.429198 -2.15773 0
    endloop
  endfacet
  facet normal 0 0 -1
    outer loop
      vertex -0.780361 -3.92314 0
      vertex -0.429198 -2.15773 0
      vertex -0.522104 -3.96578 0
    endloop
  endfacet
  facet normal -0 0 -1
    outer loop
      vertex -0.429198 -2.15773 0
      vertex -0.780361 -3.92314 0
      vertex -0.569402 -2.12504 0
    endloop
  endfacet
  facet normal 0 0 -1
    outer loop
      vertex -1.03528 -3.8637 0
      vertex -0.569402 -2.12504 0
      vertex -0.780361 -3.92314 0
    endloop
  endfacet
  facet normal -0 0 -1
    outer loop
      vertex -0.569402 -2.12504 0
      vertex -1.03528 -3.8637 0
      vertex -0.707167 -2.08325 0
    endloop
  endfacet
  facet normal 0 0 -1
    outer loop
      vertex -1.28576 -3.78772 0
      vertex -0.707167 -2.08325 0
      vertex -1.03528 -3.8637 0
    endloop
  endfacet
  facet normal -0 0 -1
    outer loop
      vertex -0.707167 -2.08325 0
      vertex -1.28576 -3.78772 0
      vertex -0.841903 -2.03253 0
    endloop
  endfacet
  facet normal 0 0 -1
    outer loop
      vertex -1.53073 -3.69552 0
      vertex -0.841903 -2.03253 0
      vertex -1.28576 -3.78772 0
    endloop
  endfacet
  facet normal -0 0 -1
    outer loop
      vertex -0.841903 -2.03253 0
      vertex -1.53073 -3.69552 0
      vertex -0.973035 -1.97312 0
    endloop
  endfacet
  facet normal 0 0 -1
    outer loop
      vertex -1.76915 -3.58749 0
      vertex -0.973035 -1.97312 0
      vertex -1.53073 -3.69552 0
    endloop
  endfacet
  facet normal -0 0 -1
    outer loop
      vertex -0.973035 -1.97312 0
      vertex -1.76915 -3.58749 0
      vertex -1.1 -1.90526 0
    endloop
  endfacet
  facet normal 0 0 -1
    outer loop
      vertex -2 -3.4641 0
      vertex -1.1 -1.90526 0
      vertex -1.76915 -3.58749 0
    endloop
  endfacet
  facet normal -0 0 -1
    outer loop
      vertex -1.1 -1.90526 0
      vertex -2 -3.4641 0
      vertex -1.22225 -1.82923 0
    endloop
  endfacet
  facet normal 0 0 -1
    outer loop
      vertex -2.22228 -3.32588 0
      vertex -1.22225 -1.82923 0
      vertex -2 -3.4641 0
    endloop
  endfacet
  facet normal -0 0 -1
    outer loop
      vertex -1.22225 -1.82923 0
      vertex -2.22228 -3.32588 0
      vertex -1.33927 -1.74538 0
    endloop
  endfacet
  facet normal 0 0 -1
    outer loop
      vertex -2.43505 -3.17341 0
      vertex -1.33927 -1.74538 0
      vertex -2.22228 -3.32588 0
    endloop
  endfacet
  facet normal -0 0 -1
    outer loop
      vertex -1.33927 -1.74538 0
      vertex -2.43505 -3.17341 0
      vertex -1.45056 -1.65405 0
    endloop
  endfacet
  facet normal 0 0 -1
    outer loop
      vertex -2.63738 -3.00736 0
      vertex -1.45056 -1.65405 0
      vertex -2.43505 -3.17341 0
    endloop
  endfacet
  facet normal -0 0 -1
    outer loop
      vertex -1.45056 -1.65405 0
      vertex -2.63738 -3.00736 0
      vertex -1.55563 -1.55563 0
    endloop
  endfacet
  facet normal 0 0 -1
    outer loop
      vertex -2.82843 -2.82843 0
      vertex -1.55563 -1.55563 0
      vertex -2.63738 -3.00736 0
    endloop
  endfacet
  facet normal -0 0 -1
    outer loop
      vertex -1.55563 -1.55563 0
      vertex -2.82843 -2.82843 0
      vertex -1.65405 -1.45056 0
    endloop
  endfacet
  facet normal 0 0 -1
    outer loop
      vertex -3.00736 -2.63738 0
      vertex -1.65405 -1.45056 0
      vertex -2.82843 -2.82843 0
    endloop
  endfacet
  facet normal -0 0 -1
    outer loop
      vertex -1.65405 -1.45056 0
      vertex -3.00736 -2.63738 0
      vertex -1.74538 -1.33927 0
    endloop
  endfacet
  facet normal 0 0 -1
    outer loop
      vertex -3.17341 -2.43505 0
      vertex -1.74538 -1.33927 0
      vertex -3.00736 -2.63738 0
    endloop
  endfacet
  facet normal -0 0 -1
    outer loop
      vertex -1.74538 -1.33927 0
      vertex -3.17341 -2.43505 0
      vertex -1.82923 -1.22225 0
    endloop
  endfacet
  facet normal 0 0 -1
    outer loop
      vertex -3.32588 -2.22228 0
      vertex -1.82923 -1.22225 0
      vertex -3.17341 -2.43505 0
    endloop
  endfacet
  facet normal -0 0 -1
    outer loop
      vertex -1.82923 -1.22225 0
      vertex -3.32588 -2.22228 0
      vertex -1.90526 -1.1 0
    endloop
  endfacet
  facet normal -0 0 -1
    outer loop
      vertex -1.90526 -1.1 0
      vertex -3.4641 -2 0
      vertex -1.97312 -0.973035 0
    endloop
  endfacet
  facet normal 0 0 -1
    outer loop
      vertex -3.4641 -2 0
      vertex -1.90526 -1.1 0
      vertex -3.32588 -2.22228 0
    endloop
  endfacet
  facet normal 0 0 -1
    outer loop
      vertex 1.90526 1.1 0
      vertex 3.4641 2 0
      vertex 1.97312 0.973035 0
    endloop
  endfacet
  facet normal -0 0 -1
    outer loop
      vertex 3.4641 2 0
      vertex 1.90526 1.1 0
      vertex 3.32588 2.22228 0
    endloop
  endfacet
  facet normal 0 0 -1
    outer loop
      vertex 1.82923 1.22225 0
      vertex 3.32588 2.22228 0
      vertex 1.90526 1.1 0
    endloop
  endfacet
  facet normal -0 0 -1
    outer loop
      vertex 3.32588 2.22228 0
      vertex 1.82923 1.22225 0
      vertex 3.17341 2.43505 0
    endloop
  endfacet
  facet normal 0 0 -1
    outer loop
      vertex 1.74538 1.33927 0
      vertex 3.17341 2.43505 0
      vertex 1.82923 1.22225 0
    endloop
  endfacet
  facet normal -0 0 -1
    outer loop
      vertex 3.17341 2.43505 0
      vertex 1.74538 1.33927 0
      vertex 3.00736 2.63738 0
    endloop
  endfacet
  facet normal 0 0 -1
    outer loop
      vertex 1.65405 1.45056 0
      vertex 3.00736 2.63738 0
      vertex 1.74538 1.33927 0
    endloop
  endfacet
  facet normal -0 0 -1
    outer loop
      vertex 3.00736 2.63738 0
      vertex 1.65405 1.45056 0
      vertex 2.82843 2.82843 0
    endloop
  endfacet
  facet normal 0 0 -1
    outer loop
      vertex 1.55563 1.55563 0
      vertex 2.82843 2.82843 0
      vertex 1.65405 1.45056 0
    endloop
  endfacet
  facet normal -0 0 -1
    outer loop
      vertex 2.82843 2.82843 0
      vertex 1.55563 1.55563 0
      vertex 2.63738 3.00736 0
    endloop
  endfacet
  facet normal 0 0 -1
    outer loop
      vertex 1.45056 1.65405 0
      vertex 2.63738 3.00736 0
      vertex 1.55563 1.55563 0
    endloop
  endfacet
  facet normal -0 0 -1
    outer loop
      vertex 2.63738 3.00736 0
      vertex 1.45056 1.65405 0
      vertex 2.43505 3.17341 0
    endloop
  endfacet
  facet normal 0 0 -1
    outer loop
      vertex 1.33927 1.74538 0
      vertex 2.43505 3.17341 0
      vertex 1.45056 1.65405 0
    endloop
  endfacet
  facet normal -0 0 -1
    outer loop
      vertex 2.43505 3.17341 0
      vertex 1.33927 1.74538 0
      vertex 2.22228 3.32588 0
    endloop
  endfacet
  facet normal 0 0 -1
    outer loop
      vertex 1.22225 1.82923 0
      vertex 2.22228 3.32588 0
      vertex 1.33927 1.74538 0
    endloop
  endfacet
  facet normal -0 0 -1
    outer loop
      vertex 2.22228 3.32588 0
      vertex 1.22225 1.82923 0
      vertex 2 3.4641 0
    endloop
  endfacet
  facet normal 0 0 -1
    outer loop
      vertex 1.1 1.90526 0
      vertex 2 3.4641 0
      vertex 1.22225 1.82923 0
    endloop
  endfacet
  facet normal -0 0 -1
    outer loop
      vertex 2 3.4641 0
      vertex 1.1 1.90526 0
      vertex 1.76915 3.58749 0
    endloop
  endfacet
  facet normal 0 0 -1
    outer loop
      vertex 0.973035 1.97312 0
      vertex 1.76915 3.58749 0
      vertex 1.1 1.90526 0
    endloop
  endfacet
  facet normal -0 0 -1
    outer loop
      vertex 1.76915 3.58749 0
      vertex 0.973035 1.97312 0
      vertex 1.53073 3.69552 0
    endloop
  endfacet
  facet normal 0 0 -1
    outer loop
      vertex 0.841903 2.03253 0
      vertex 1.53073 3.69552 0
      vertex 0.973035 1.97312 0
    endloop
  endfacet
  facet normal -0 0 -1
    outer loop
      vertex 1.53073 3.69552 0
      vertex 0.841903 2.03253 0
      vertex 1.28576 3.78772 0
    endloop
  endfacet
  facet normal 0 0 -1
    outer loop
      vertex 0.707167 2.08325 0
      vertex 1.28576 3.78772 0
      vertex 0.841903 2.03253 0
    endloop
  endfacet
  facet normal -0 0 -1
    outer loop
      vertex 1.28576 3.78772 0
      vertex 0.707167 2.08325 0
      vertex 1.03528 3.8637 0
    endloop
  endfacet
  facet normal 0 0 -1
    outer loop
      vertex 0.569402 2.12504 0
      vertex 1.03528 3.8637 0
      vertex 0.707167 2.08325 0
    endloop
  endfacet
  facet normal -0 0 -1
    outer loop
      vertex 1.03528 3.8637 0
      vertex 0.569402 2.12504 0
      vertex 0.780361 3.92314 0
    endloop
  endfacet
  facet normal 0 0 -1
    outer loop
      vertex 0.429198 2.15773 0
      vertex 0.780361 3.92314 0
      vertex 0.569402 2.12504 0
    endloop
  endfacet
  facet normal -0 0 -1
    outer loop
      vertex 0.780361 3.92314 0
      vertex 0.429198 2.15773 0
      vertex 0.522104 3.96578 0
    endloop
  endfacet
  facet normal 0 0 -1
    outer loop
      vertex 0.287157 2.18118 0
      vertex 0.522104 3.96578 0
      vertex 0.429198 2.15773 0
    endloop
  endfacet
  facet normal 0 0 -1
    outer loop
      vertex 0.287157 2.18118 0
      vertex 0.261612 3.99144 0
      vertex 0.522104 3.96578 0
    endloop
  endfacet
  facet normal 0 0 -1
    outer loop
      vertex 0.143887 2.19529 0
      vertex 0.261612 3.99144 0
      vertex 0.287157 2.18118 0
    endloop
  endfacet
  facet normal 0 0 -1
    outer loop
      vertex 0 2.2 0
      vertex 0.261612 3.99144 0
      vertex 0.143887 2.19529 0
    endloop
  endfacet
  facet normal 0 0 -1
    outer loop
      vertex 0 2.2 0
      vertex 0 4 0
      vertex 0.261612 3.99144 0
    endloop
  endfacet
  facet normal 0 0 -1
    outer loop
      vertex -0.143887 2.19529 0
      vertex 0 4 0
      vertex 0 2.2 0
    endloop
  endfacet
  facet normal 0 0 -1
    outer loop
      vertex -0.143887 2.19529 0
      vertex -0.261612 3.99144 0
      vertex 0 4 0
    endloop
  endfacet
  facet normal 0 0 -1
    outer loop
      vertex -0.287157 2.18118 0
      vertex -0.261612 3.99144 0
      vertex -0.143887 2.19529 0
    endloop
  endfacet
  facet normal 0 0 -1
    outer loop
      vertex -0.522104 3.96578 0
      vertex -0.287157 2.18118 0
      vertex -0.429198 2.15773 0
    endloop
  endfacet
  facet normal 0 0 -1
    outer loop
      vertex -0.287157 2.18118 0
      vertex -0.522104 3.96578 0
      vertex -0.261612 3.99144 0
    endloop
  endfacet
  facet normal 0 0 -1
    outer loop
      vertex -0.780361 3.92314 0
      vertex -0.429198 2.15773 0
      vertex -0.569402 2.12504 0
    endloop
  endfacet
  facet normal 0 0 -1
    outer loop
      vertex -1.03528 3.8637 0
      vertex -0.569402 2.12504 0
      vertex -0.707167 2.08325 0
    endloop
  endfacet
  facet normal 0 0 -1
    outer loop
      vertex -0.429198 2.15773 0
      vertex -0.780361 3.92314 0
      vertex -0.522104 3.96578 0
    endloop
  endfacet
  facet normal 0 0 -1
    outer loop
      vertex -1.28576 3.78772 0
      vertex -0.707167 2.08325 0
      vertex -0.841903 2.03253 0
    endloop
  endfacet
  facet normal 0 0 -1
    outer loop
      vertex -1.53073 3.69552 0
      vertex -0.841903 2.03253 0
      vertex -0.973035 1.97312 0
    endloop
  endfacet
  facet normal 0 0 -1
    outer loop
      vertex -0.569402 2.12504 0
      vertex -1.03528 3.8637 0
      vertex -0.780361 3.92314 0
    endloop
  endfacet
  facet normal 0 0 -1
    outer loop
      vertex -1.76915 3.58749 0
      vertex -0.973035 1.97312 0
      vertex -1.1 1.90526 0
    endloop
  endfacet
  facet normal 0 0 -1
    outer loop
      vertex -2 3.4641 0
      vertex -1.1 1.90526 0
      vertex -1.22225 1.82923 0
    endloop
  endfacet
  facet normal 0 0 -1
    outer loop
      vertex -0.707167 2.08325 0
      vertex -1.28576 3.78772 0
      vertex -1.03528 3.8637 0
    endloop
  endfacet
  facet normal 0 0 -1
    outer loop
      vertex -2.22228 3.32588 0
      vertex -1.22225 1.82923 0
      vertex -1.33927 1.74538 0
    endloop
  endfacet
  facet normal 0 0 -1
    outer loop
      vertex -2.43505 3.17341 0
      vertex -1.33927 1.74538 0
      vertex -1.45056 1.65405 0
    endloop
  endfacet
  facet normal 0 0 -1
    outer loop
      vertex -0.841903 2.03253 0
      vertex -1.53073 3.69552 0
      vertex -1.28576 3.78772 0
    endloop
  endfacet
  facet normal 0 0 -1
    outer loop
      vertex -2.63738 3.00736 0
      vertex -1.45056 1.65405 0
      vertex -1.55563 1.55563 0
    endloop
  endfacet
  facet normal 0 0 -1
    outer loop
      vertex -2.82843 2.82843 0
      vertex -1.55563 1.55563 0
      vertex -1.65405 1.45056 0
    endloop
  endfacet
  facet normal 0 0 -1
    outer loop
      vertex -3.00736 2.63738 0
      vertex -1.65405 1.45056 0
      vertex -1.74538 1.33927 0
    endloop
  endfacet
  facet normal 0 0 -1
    outer loop
      vertex -0.973035 1.97312 0
      vertex -1.76915 3.58749 0
      vertex -1.53073 3.69552 0
    endloop
  endfacet
  facet normal 0 0 -1
    outer loop
      vertex -3.17341 2.43505 0
      vertex -1.74538 1.33927 0
      vertex -1.82923 1.22225 0
    endloop
  endfacet
  facet normal 0 0 -1
    outer loop
      vertex -3.32588 2.22228 0
      vertex -1.82923 1.22225 0
      vertex -1.90526 1.1 0
    endloop
  endfacet
  facet normal 0 0 -1
    outer loop
      vertex -3.4641 2 0
      vertex -1.90526 1.1 0
      vertex -1.97312 0.973035 0
    endloop
  endfacet
  facet normal 0 0 -1
    outer loop
      vertex -1.1 1.90526 0
      vertex -2 3.4641 0
      vertex -1.76915 3.58749 0
    endloop
  endfacet
  facet normal 0 0 -1
    outer loop
      vertex -3.58749 1.76915 0
      vertex -1.97312 0.973035 0
      vertex -2.03253 0.841903 0
    endloop
  endfacet
  facet normal 0 0 -1
    outer loop
      vertex -3.69552 1.53073 0
      vertex -2.03253 0.841903 0
      vertex -2.08325 0.707167 0
    endloop
  endfacet
  facet normal 0 0 -1
    outer loop
      vertex -3.78772 1.28576 0
      vertex -2.08325 0.707167 0
      vertex -2.12504 0.569402 0
    endloop
  endfacet
  facet normal 0 0 -1
    outer loop
      vertex -3.8637 1.03528 0
      vertex -2.12504 0.569402 0
      vertex -2.15773 0.429198 0
    endloop
  endfacet
  facet normal 0 0 -1
    outer loop
      vertex -3.92314 0.780361 0
      vertex -2.15773 0.429198 0
      vertex -2.18118 0.287157 0
    endloop
  endfacet
  facet normal 0 0 -1
    outer loop
      vertex -3.96578 0.522104 0
      vertex -2.18118 0.287157 0
      vertex -2.19529 0.143887 0
    endloop
  endfacet
  facet normal 0 0 -1
    outer loop
      vertex -1.22225 1.82923 0
      vertex -2.22228 3.32588 0
      vertex -2 3.4641 0
    endloop
  endfacet
  facet normal 0 0 -1
    outer loop
      vertex -3.99144 0.261612 0
      vertex -2.19529 0.143887 0
      vertex -2.2 0 0
    endloop
  endfacet
  facet normal 0 0 -1
    outer loop
      vertex -3.58749 -1.76915 0
      vertex -1.97312 -0.973035 0
      vertex -3.4641 -2 0
    endloop
  endfacet
  facet normal -0 0 -1
    outer loop
      vertex -1.97312 -0.973035 0
      vertex -3.58749 -1.76915 0
      vertex -2.03253 -0.841903 0
    endloop
  endfacet
  facet normal 0 0 -1
    outer loop
      vertex -1.33927 1.74538 0
      vertex -2.43505 3.17341 0
      vertex -2.22228 3.32588 0
    endloop
  endfacet
  facet normal 0 0 -1
    outer loop
      vertex -3.69552 -1.53073 0
      vertex -2.03253 -0.841903 0
      vertex -3.58749 -1.76915 0
    endloop
  endfacet
  facet normal 0 0 -1
    outer loop
      vertex -1.45056 1.65405 0
      vertex -2.63738 3.00736 0
      vertex -2.43505 3.17341 0
    endloop
  endfacet
  facet normal -0 0 -1
    outer loop
      vertex -2.03253 -0.841903 0
      vertex -3.69552 -1.53073 0
      vertex -2.08325 -0.707167 0
    endloop
  endfacet
  facet normal 0 0 -1
    outer loop
      vertex -1.55563 1.55563 0
      vertex -2.82843 2.82843 0
      vertex -2.63738 3.00736 0
    endloop
  endfacet
  facet normal 0 0 -1
    outer loop
      vertex -3.78772 -1.28576 0
      vertex -2.08325 -0.707167 0
      vertex -3.69552 -1.53073 0
    endloop
  endfacet
  facet normal 0 0 -1
    outer loop
      vertex -1.65405 1.45056 0
      vertex -3.00736 2.63738 0
      vertex -2.82843 2.82843 0
    endloop
  endfacet
  facet normal -0 0 -1
    outer loop
      vertex -2.08325 -0.707167 0
      vertex -3.78772 -1.28576 0
      vertex -2.12504 -0.569402 0
    endloop
  endfacet
  facet normal 0 0 -1
    outer loop
      vertex -1.74538 1.33927 0
      vertex -3.17341 2.43505 0
      vertex -3.00736 2.63738 0
    endloop
  endfacet
  facet normal 0 0 -1
    outer loop
      vertex -3.8637 -1.03528 0
      vertex -2.12504 -0.569402 0
      vertex -3.78772 -1.28576 0
    endloop
  endfacet
  facet normal 0 0 -1
    outer loop
      vertex -1.82923 1.22225 0
      vertex -3.32588 2.22228 0
      vertex -3.17341 2.43505 0
    endloop
  endfacet
  facet normal -0 0 -1
    outer loop
      vertex -2.12504 -0.569402 0
      vertex -3.8637 -1.03528 0
      vertex -2.15773 -0.429198 0
    endloop
  endfacet
  facet normal 0 0 -1
    outer loop
      vertex -1.90526 1.1 0
      vertex -3.4641 2 0
      vertex -3.32588 2.22228 0
    endloop
  endfacet
  facet normal 0 0 -1
    outer loop
      vertex -3.92314 -0.780361 0
      vertex -2.15773 -0.429198 0
      vertex -3.8637 -1.03528 0
    endloop
  endfacet
  facet normal 0 0 -1
    outer loop
      vertex -1.97312 0.973035 0
      vertex -3.58749 1.76915 0
      vertex -3.4641 2 0
    endloop
  endfacet
  facet normal -0 0 -1
    outer loop
      vertex -2.15773 -0.429198 0
      vertex -3.92314 -0.780361 0
      vertex -2.18118 -0.287157 0
    endloop
  endfacet
  facet normal 0 0 -1
    outer loop
      vertex -2.03253 0.841903 0
      vertex -3.69552 1.53073 0
      vertex -3.58749 1.76915 0
    endloop
  endfacet
  facet normal 0 0 -1
    outer loop
      vertex -3.96578 -0.522104 0
      vertex -2.18118 -0.287157 0
      vertex -3.92314 -0.780361 0
    endloop
  endfacet
  facet normal 0 0 -1
    outer loop
      vertex -2.08325 0.707167 0
      vertex -3.78772 1.28576 0
      vertex -3.69552 1.53073 0
    endloop
  endfacet
  facet normal -0 0 -1
    outer loop
      vertex -2.18118 -0.287157 0
      vertex -3.96578 -0.522104 0
      vertex -2.19529 -0.143887 0
    endloop
  endfacet
  facet normal 0 0 -1
    outer loop
      vertex -2.12504 0.569402 0
      vertex -3.8637 1.03528 0
      vertex -3.78772 1.28576 0
    endloop
  endfacet
  facet normal 0 0 -1
    outer loop
      vertex -3.99144 -0.261612 0
      vertex -2.19529 -0.143887 0
      vertex -3.96578 -0.522104 0
    endloop
  endfacet
  facet normal 0 0 -1
    outer loop
      vertex -2.15773 0.429198 0
      vertex -3.92314 0.780361 0
      vertex -3.8637 1.03528 0
    endloop
  endfacet
  facet normal -0 0 -1
    outer loop
      vertex -2.19529 -0.143887 0
      vertex -3.99144 -0.261612 0
      vertex -2.2 0 0
    endloop
  endfacet
  facet normal 0 0 -1
    outer loop
      vertex -2.18118 0.287157 0
      vertex -3.96578 0.522104 0
      vertex -3.92314 0.780361 0
    endloop
  endfacet
  facet normal 0 0 -1
    outer loop
      vertex -4 0 0
      vertex -2.2 0 0
      vertex -3.99144 -0.261612 0
    endloop
  endfacet
  facet normal 0 0 -1
    outer loop
      vertex -2.19529 0.143887 0
      vertex -3.99144 0.261612 0
      vertex -3.96578 0.522104 0
    endloop
  endfacet
  facet normal 0 0 -1
    outer loop
      vertex -2.2 0 0
      vertex -4 0 0
      vertex -3.99144 0.261612 0
    endloop
  endfacet
  facet normal 0.162901 -0.986642 0
    outer loop
      vertex 0.522104 -3.96578 0
      vertex 0.780361 -3.92314 1.2
      vertex 0.522104 -3.96578 1.2
    endloop
  endfacet
  facet normal 0.162901 -0.986642 0
    outer loop
      vertex 0.780361 -3.92314 1.2
      vertex 0.522104 -3.96578 0
      vertex 0.780361 -3.92314 0
    endloop
  endfacet
  facet normal -0.986642 0.162901 0
    outer loop
      vertex -3.96578 0.522104 0
      vertex -3.92314 0.780361 1.2
      vertex -3.92314 0.780361 0
    endloop
  endfacet
  facet normal -0.986642 0.162901 0
    outer loop
      vertex -3.92314 0.780361 1.2
      vertex -3.96578 0.522104 0
      vertex -3.96578 0.522104 1.2
    endloop
  endfacet
  facet normal -0.773007 -0.634398 0
    outer loop
      vertex -3.00736 -2.63738 0
      vertex -3.17341 -2.43505 1.2
      vertex -3.17341 -2.43505 0
    endloop
  endfacet
  facet normal -0.773007 -0.634398 0
    outer loop
      vertex -3.17341 -2.43505 1.2
      vertex -3.00736 -2.63738 0
      vertex -3.00736 -2.63738 1.2
    endloop
  endfacet
  facet normal 0.973876 0.227081 0
    outer loop
      vertex 3.92314 0.780361 1.2
      vertex 3.8637 1.03528 0
      vertex 3.8637 1.03528 1.2
    endloop
  endfacet
  facet normal 0.973876 0.227081 0
    outer loop
      vertex 3.8637 1.03528 0
      vertex 3.92314 0.780361 1.2
      vertex 3.92314 0.780361 0
    endloop
  endfacet
  facet normal 0.0327027 0.999465 -0
    outer loop
      vertex 0.261612 3.99144 0
      vertex 0 4 1.2
      vertex 0.261612 3.99144 1.2
    endloop
  endfacet
  facet normal 0.0327027 0.999465 0
    outer loop
      vertex 0 4 1.2
      vertex 0.261612 3.99144 0
      vertex 0 4 0
    endloop
  endfacet
  facet normal 0.773007 -0.634398 0
    outer loop
      vertex 3.00736 -2.63738 1.2
      vertex 3.17341 -2.43505 0
      vertex 3.17341 -2.43505 1.2
    endloop
  endfacet
  facet normal 0.773007 -0.634398 0
    outer loop
      vertex 3.17341 -2.43505 0
      vertex 3.00736 -2.63738 1.2
      vertex 3.00736 -2.63738 0
    endloop
  endfacet
  facet normal 0.956943 -0.290277 0
    outer loop
      vertex 3.78772 -1.28576 1.2
      vertex 3.8637 -1.03528 0
      vertex 3.8637 -1.03528 1.2
    endloop
  endfacet
  facet normal 0.956943 -0.290277 0
    outer loop
      vertex 3.8637 -1.03528 0
      vertex 3.78772 -1.28576 1.2
      vertex 3.78772 -1.28576 0
    endloop
  endfacet
  facet normal 0.412718 0.910859 -0
    outer loop
      vertex 1.76915 3.58749 0
      vertex 1.53073 3.69552 1.2
      vertex 1.76915 3.58749 1.2
    endloop
  endfacet
  facet normal 0.412718 0.910859 0
    outer loop
      vertex 1.53073 3.69552 1.2
      vertex 1.76915 3.58749 0
      vertex 1.53073 3.69552 0
    endloop
  endfacet
  facet normal -0.973876 -0.227081 0
    outer loop
      vertex -3.8637 -1.03528 0
      vertex -3.92314 -0.780361 1.2
      vertex -3.92314 -0.780361 0
    endloop
  endfacet
  facet normal -0.973876 -0.227081 0
    outer loop
      vertex -3.92314 -0.780361 1.2
      vertex -3.8637 -1.03528 0
      vertex -3.8637 -1.03528 1.2
    endloop
  endfacet
  facet normal -0.910859 0.412718 0
    outer loop
      vertex -3.69552 1.53073 0
      vertex -3.58749 1.76915 1.2
      vertex -3.58749 1.76915 0
    endloop
  endfacet
  facet normal -0.910859 0.412718 0
    outer loop
      vertex -3.58749 1.76915 1.2
      vertex -3.69552 1.53073 0
      vertex -3.69552 1.53073 1.2
    endloop
  endfacet
  facet normal -0.290277 -0.956943 0
    outer loop
      vertex -1.28576 -3.78772 0
      vertex -1.03528 -3.8637 1.2
      vertex -1.28576 -3.78772 1.2
    endloop
  endfacet
  facet normal -0.290277 -0.956943 -0
    outer loop
      vertex -1.03528 -3.8637 1.2
      vertex -1.28576 -3.78772 0
      vertex -1.03528 -3.8637 0
    endloop
  endfacet
  facet normal 0.290277 0.956943 -0
    outer loop
      vertex 1.28576 3.78772 0
      vertex 1.03528 3.8637 1.2
      vertex 1.28576 3.78772 1.2
    endloop
  endfacet
  facet normal 0.290277 0.956943 0
    outer loop
      vertex 1.03528 3.8637 1.2
      vertex 1.28576 3.78772 0
      vertex 1.03528 3.8637 0
    endloop
  endfacet
  facet normal -0.986642 -0.162901 0
    outer loop
      vertex -3.92314 -0.780361 0
      vertex -3.96578 -0.522104 1.2
      vertex -3.96578 -0.522104 0
    endloop
  endfacet
  facet normal -0.986642 -0.162901 0
    outer loop
      vertex -3.96578 -0.522104 1.2
      vertex -3.92314 -0.780361 0
      vertex -3.92314 -0.780361 1.2
    endloop
  endfacet
  facet normal -0.729879 0.683576 0
    outer loop
      vertex -3.00736 2.63738 0
      vertex -2.82843 2.82843 1.2
      vertex -2.82843 2.82843 0
    endloop
  endfacet
  facet normal -0.729879 0.683576 0
    outer loop
      vertex -2.82843 2.82843 1.2
      vertex -3.00736 2.63738 0
      vertex -3.00736 2.63738 1.2
    endloop
  endfacet
  facet normal 0 0 1
    outer loop
      vertex 2.2 0 1.2
      vertex 4 0 1.2
      vertex 3.99144 0.261612 1.2
    endloop
  endfacet
  facet normal 0 0 1
    outer loop
      vertex 2.19529 0.143887 1.2
      vertex 3.99144 0.261612 1.2
      vertex 3.96578 0.522104 1.2
    endloop
  endfacet
  facet normal 0 0 1
    outer loop
      vertex 4 0 1.2
      vertex 2.2 0 1.2
      vertex 3.99144 -0.261612 1.2
    endloop
  endfacet
  facet normal 0 0 1
    outer loop
      vertex 2.18118 0.287157 1.2
      vertex 3.96578 0.522104 1.2
      vertex 3.92314 0.780361 1.2
    endloop
  endfacet
  facet normal -0 0 1
    outer loop
      vertex 2.19529 -0.143887 1.2
      vertex 3.99144 -0.261612 1.2
      vertex 2.2 0 1.2
    endloop
  endfacet
  facet normal 0 0 1
    outer loop
      vertex 2.15773 0.429198 1.2
      vertex 3.92314 0.780361 1.2
      vertex 3.8637 1.03528 1.2
    endloop
  endfacet
  facet normal 0 0 1
    outer loop
      vertex 3.99144 -0.261612 1.2
      vertex 2.19529 -0.143887 1.2
      vertex 3.96578 -0.522104 1.2
    endloop
  endfacet
  facet normal 0 0 1
    outer loop
      vertex 2.12504 0.569402 1.2
      vertex 3.8637 1.03528 1.2
      vertex 3.78772 1.28576 1.2
    endloop
  endfacet
  facet normal -0 0 1
    outer loop
      vertex 2.18118 -0.287157 1.2
      vertex 3.96578 -0.522104 1.2
      vertex 2.19529 -0.143887 1.2
    endloop
  endfacet
  facet normal 0 0 1
    outer loop
      vertex 2.08325 0.707167 1.2
      vertex 3.78772 1.28576 1.2
      vertex 3.69552 1.53073 1.2
    endloop
  endfacet
  facet normal 0 0 1
    outer loop
      vertex 3.96578 -0.522104 1.2
      vertex 2.18118 -0.287157 1.2
      vertex 3.92314 -0.780361 1.2
    endloop
  endfacet
  facet normal 0 0 1
    outer loop
      vertex 2.03253 0.841903 1.2
      vertex 3.69552 1.53073 1.2
      vertex 3.58749 1.76915 1.2
    endloop
  endfacet
  facet normal -0 0 1
    outer loop
      vertex 2.15773 -0.429198 1.2
      vertex 3.92314 -0.780361 1.2
      vertex 2.18118 -0.287157 1.2
    endloop
  endfacet
  facet normal 0 0 1
    outer loop
      vertex 1.97312 0.973035 1.2
      vertex 3.58749 1.76915 1.2
      vertex 3.4641 2 1.2
    endloop
  endfacet
  facet normal 0 0 1
    outer loop
      vertex 3.92314 -0.780361 1.2
      vertex 2.15773 -0.429198 1.2
      vertex 3.8637 -1.03528 1.2
    endloop
  endfacet
  facet normal 0 0 1
    outer loop
      vertex 1.90526 1.1 1.2
      vertex 3.4641 2 1.2
      vertex 3.32588 2.22228 1.2
    endloop
  endfacet
  facet normal -0 0 1
    outer loop
      vertex 2.12504 -0.569402 1.2
      vertex 3.8637 -1.03528 1.2
      vertex 2.15773 -0.429198 1.2
    endloop
  endfacet
  facet normal 0 0 1
    outer loop
      vertex 1.82923 1.22225 1.2
      vertex 3.32588 2.22228 1.2
      vertex 3.17341 2.43505 1.2
    endloop
  endfacet
  facet normal 0 0 1
    outer loop
      vertex 3.8637 -1.03528 1.2
      vertex 2.12504 -0.569402 1.2
      vertex 3.78772 -1.28576 1.2
    endloop
  endfacet
  facet normal 0 0 1
    outer loop
      vertex 1.74538 1.33927 1.2
      vertex 3.17341 2.43505 1.2
      vertex 3.00736 2.63738 1.2
    endloop
  endfacet
  facet normal -0 0 1
    outer loop
      vertex 2.08325 -0.707167 1.2
      vertex 3.78772 -1.28576 1.2
      vertex 2.12504 -0.569402 1.2
    endloop
  endfacet
  facet normal 0 0 1
    outer loop
      vertex 1.65405 1.45056 1.2
      vertex 3.00736 2.63738 1.2
      vertex 2.82843 2.82843 1.2
    endloop
  endfacet
  facet normal 0 0 1
    outer loop
      vertex 3.78772 -1.28576 1.2
      vertex 2.08325 -0.707167 1.2
      vertex 3.69552 -1.53073 1.2
    endloop
  endfacet
  facet normal 0 0 1
    outer loop
      vertex 1.55563 1.55563 1.2
      vertex 2.82843 2.82843 1.2
      vertex 2.63738 3.00736 1.2
    endloop
  endfacet
  facet normal -0 0 1
    outer loop
      vertex 2.03253 -0.841903 1.2
      vertex 3.69552 -1.53073 1.2
      vertex 2.08325 -0.707167 1.2
    endloop
  endfacet
  facet normal 0 0 1
    outer loop
      vertex 1.45056 1.65405 1.2
      vertex 2.63738 3.00736 1.2
      vertex 2.43505 3.17341 1.2
    endloop
  endfacet
  facet normal 0 0 1
    outer loop
      vertex 3.69552 -1.53073 1.2
      vertex 2.03253 -0.841903 1.2
      vertex 3.58749 -1.76915 1.2
    endloop
  endfacet
  facet normal 0 0 1
    outer loop
      vertex 1.33927 1.74538 1.2
      vertex 2.43505 3.17341 1.2
      vertex 2.22228 3.32588 1.2
    endloop
  endfacet
  facet normal -0 0 1
    outer loop
      vertex 1.97312 -0.973035 1.2
      vertex 3.58749 -1.76915 1.2
      vertex 2.03253 -0.841903 1.2
    endloop
  endfacet
  facet normal 0 0 1
    outer loop
      vertex 3.58749 -1.76915 1.2
      vertex 1.97312 -0.973035 1.2
      vertex 3.4641 -2 1.2
    endloop
  endfacet
  facet normal 0 0 1
    outer loop
      vertex 3.99144 0.261612 1.2
      vertex 2.19529 0.143887 1.2
      vertex 2.2 0 1.2
    endloop
  endfacet
  facet normal 0 0 1
    outer loop
      vertex 3.96578 0.522104 1.2
      vertex 2.18118 0.287157 1.2
      vertex 2.19529 0.143887 1.2
    endloop
  endfacet
  facet normal 0 0 1
    outer loop
      vertex 3.92314 0.780361 1.2
      vertex 2.15773 0.429198 1.2
      vertex 2.18118 0.287157 1.2
    endloop
  endfacet
  facet normal 0 0 1
    outer loop
      vertex 3.8637 1.03528 1.2
      vertex 2.12504 0.569402 1.2
      vertex 2.15773 0.429198 1.2
    endloop
  endfacet
  facet normal 0 0 1
    outer loop
      vertex 3.78772 1.28576 1.2
      vertex 2.08325 0.707167 1.2
      vertex 2.12504 0.569402 1.2
    endloop
  endfacet
  facet normal 0 0 1
    outer loop
      vertex 3.69552 1.53073 1.2
      vertex 2.03253 0.841903 1.2
      vertex 2.08325 0.707167 1.2
    endloop
  endfacet
  facet normal 0 0 1
    outer loop
      vertex 1.22225 1.82923 1.2
      vertex 2.22228 3.32588 1.2
      vertex 2 3.4641 1.2
    endloop
  endfacet
  facet normal 0 0 1
    outer loop
      vertex 3.58749 1.76915 1.2
      vertex 1.97312 0.973035 1.2
      vertex 2.03253 0.841903 1.2
    endloop
  endfacet
  facet normal 0 0 1
    outer loop
      vertex 3.4641 2 1.2
      vertex 1.90526 1.1 1.2
      vertex 1.97312 0.973035 1.2
    endloop
  endfacet
  facet normal 0 0 1
    outer loop
      vertex 3.32588 2.22228 1.2
      vertex 1.82923 1.22225 1.2
      vertex 1.90526 1.1 1.2
    endloop
  endfacet
  facet normal 0 0 1
    outer loop
      vertex 1.1 1.90526 1.2
      vertex 2 3.4641 1.2
      vertex 1.76915 3.58749 1.2
    endloop
  endfacet
  facet normal 0 0 1
    outer loop
      vertex 3.17341 2.43505 1.2
      vertex 1.74538 1.33927 1.2
      vertex 1.82923 1.22225 1.2
    endloop
  endfacet
  facet normal 0 0 1
    outer loop
      vertex 3.00736 2.63738 1.2
      vertex 1.65405 1.45056 1.2
      vertex 1.74538 1.33927 1.2
    endloop
  endfacet
  facet normal 0 0 1
    outer loop
      vertex 2.82843 2.82843 1.2
      vertex 1.55563 1.55563 1.2
      vertex 1.65405 1.45056 1.2
    endloop
  endfacet
  facet normal 0 0 1
    outer loop
      vertex 0.973035 1.97312 1.2
      vertex 1.76915 3.58749 1.2
      vertex 1.53073 3.69552 1.2
    endloop
  endfacet
  facet normal 0 0 1
    outer loop
      vertex 2.63738 3.00736 1.2
      vertex 1.45056 1.65405 1.2
      vertex 1.55563 1.55563 1.2
    endloop
  endfacet
  facet normal 0 0 1
    outer loop
      vertex 2.43505 3.17341 1.2
      vertex 1.33927 1.74538 1.2
      vertex 1.45056 1.65405 1.2
    endloop
  endfacet
  facet normal 0 0 1
    outer loop
      vertex 0.841903 2.03253 1.2
      vertex 1.53073 3.69552 1.2
      vertex 1.28576 3.78772 1.2
    endloop
  endfacet
  facet normal 0 0 1
    outer loop
      vertex 2.22228 3.32588 1.2
      vertex 1.22225 1.82923 1.2
      vertex 1.33927 1.74538 1.2
    endloop
  endfacet
  facet normal 0 0 1
    outer loop
      vertex 2 3.4641 1.2
      vertex 1.1 1.90526 1.2
      vertex 1.22225 1.82923 1.2
    endloop
  endfacet
  facet normal 0 0 1
    outer loop
      vertex 0.707167 2.08325 1.2
      vertex 1.28576 3.78772 1.2
      vertex 1.03528 3.8637 1.2
    endloop
  endfacet
  facet normal 0 0 1
    outer loop
      vertex 1.76915 3.58749 1.2
      vertex 0.973035 1.97312 1.2
      vertex 1.1 1.90526 1.2
    endloop
  endfacet
  facet normal 0 0 1
    outer loop
      vertex 1.53073 3.69552 1.2
      vertex 0.841903 2.03253 1.2
      vertex 0.973035 1.97312 1.2
    endloop
  endfacet
  facet normal 0 0 1
    outer loop
      vertex 0.569402 2.12504 1.2
      vertex 1.03528 3.8637 1.2
      vertex 0.780361 3.92314 1.2
    endloop
  endfacet
  facet normal 0 0 1
    outer loop
      vertex 1.28576 3.78772 1.2
      vertex 0.707167 2.08325 1.2
      vertex 0.841903 2.03253 1.2
    endloop
  endfacet
  facet normal 0 0 1
    outer loop
      vertex 1.03528 3.8637 1.2
      vertex 0.569402 2.12504 1.2
      vertex 0.707167 2.08325 1.2
    endloop
  endfacet
  facet normal 0 0 1
    outer loop
      vertex 0.429198 2.15773 1.2
      vertex 0.780361 3.92314 1.2
      vertex 0.522104 3.96578 1.2
    endloop
  endfacet
  facet normal 0 0 1
    outer loop
      vertex 0.780361 3.92314 1.2
      vertex 0.429198 2.15773 1.2
      vertex 0.569402 2.12504 1.2
    endloop
  endfacet
  facet normal 0 0 1
    outer loop
      vertex 0.522104 3.96578 1.2
      vertex 0.287157 2.18118 1.2
      vertex 0.429198 2.15773 1.2
    endloop
  endfacet
  facet normal 0 0 1
    outer loop
      vertex 0.261612 3.99144 1.2
      vertex 0.287157 2.18118 1.2
      vertex 0.522104 3.96578 1.2
    endloop
  endfacet
  facet normal 0 0 1
    outer loop
      vertex 0.261612 3.99144 1.2
      vertex 0.143887 2.19529 1.2
      vertex 0.287157 2.18118 1.2
    endloop
  endfacet
  facet normal 0 0 1
    outer loop
      vertex 0 4 1.2
      vertex 0.143887 2.19529 1.2
      vertex 0.261612 3.99144 1.2
    endloop
  endfacet
  facet normal 0 0 1
    outer loop
      vertex 0 4 1.2
      vertex 0 2.2 1.2
      vertex 0.143887 2.19529 1.2
    endloop
  endfacet
  facet normal 0 0 1
    outer loop
      vertex 0 4 1.2
      vertex -0.143887 2.19529 1.2
      vertex 0 2.2 1.2
    endloop
  endfacet
  facet normal -0 0 1
    outer loop
      vertex -0.261612 3.99144 1.2
      vertex -0.143887 2.19529 1.2
      vertex 0 4 1.2
    endloop
  endfacet
  facet normal 0 0 1
    outer loop
      vertex -0.261612 3.99144 1.2
      vertex -0.287157 2.18118 1.2
      vertex -0.143887 2.19529 1.2
    endloop
  endfacet
  facet normal -0 0 1
    outer loop
      vertex -0.522104 3.96578 1.2
      vertex -0.287157 2.18118 1.2
      vertex -0.261612 3.99144 1.2
    endloop
  endfacet
  facet normal 0 0 1
    outer loop
      vertex -0.287157 2.18118 1.2
      vertex -0.522104 3.96578 1.2
      vertex -0.429198 2.15773 1.2
    endloop
  endfacet
  facet normal -0 0 1
    outer loop
      vertex -0.780361 3.92314 1.2
      vertex -0.429198 2.15773 1.2
      vertex -0.522104 3.96578 1.2
    endloop
  endfacet
  facet normal 0 0 1
    outer loop
      vertex -0.429198 2.15773 1.2
      vertex -0.780361 3.92314 1.2
      vertex -0.569402 2.12504 1.2
    endloop
  endfacet
  facet normal -0 0 1
    outer loop
      vertex -1.03528 3.8637 1.2
      vertex -0.569402 2.12504 1.2
      vertex -0.780361 3.92314 1.2
    endloop
  endfacet
  facet normal 0 0 1
    outer loop
      vertex -0.569402 2.12504 1.2
      vertex -1.03528 3.8637 1.2
      vertex -0.707167 2.08325 1.2
    endloop
  endfacet
  facet normal -0 0 1
    outer loop
      vertex -1.28576 3.78772 1.2
      vertex -0.707167 2.08325 1.2
      vertex -1.03528 3.8637 1.2
    endloop
  endfacet
  facet normal 0 0 1
    outer loop
      vertex -0.707167 2.08325 1.2
      vertex -1.28576 3.78772 1.2
      vertex -0.841903 2.03253 1.2
    endloop
  endfacet
  facet normal -0 0 1
    outer loop
      vertex -1.53073 3.69552 1.2
      vertex -0.841903 2.03253 1.2
      vertex -1.28576 3.78772 1.2
    endloop
  endfacet
  facet normal 0 0 1
    outer loop
      vertex -0.841903 2.03253 1.2
      vertex -1.53073 3.69552 1.2
      vertex -0.973035 1.97312 1.2
    endloop
  endfacet
  facet normal -0 0 1
    outer loop
      vertex -1.76915 3.58749 1.2
      vertex -0.973035 1.97312 1.2
      vertex -1.53073 3.69552 1.2
    endloop
  endfacet
  facet normal 0 0 1
    outer loop
      vertex -0.973035 1.97312 1.2
      vertex -1.76915 3.58749 1.2
      vertex -1.1 1.90526 1.2
    endloop
  endfacet
  facet normal -0 0 1
    outer loop
      vertex -2 3.4641 1.2
      vertex -1.1 1.90526 1.2
      vertex -1.76915 3.58749 1.2
    endloop
  endfacet
  facet normal 0 0 1
    outer loop
      vertex -1.1 1.90526 1.2
      vertex -2 3.4641 1.2
      vertex -1.22225 1.82923 1.2
    endloop
  endfacet
  facet normal -0 0 1
    outer loop
      vertex -2.22228 3.32588 1.2
      vertex -1.22225 1.82923 1.2
      vertex -2 3.4641 1.2
    endloop
  endfacet
  facet normal 0 0 1
    outer loop
      vertex -1.22225 1.82923 1.2
      vertex -2.22228 3.32588 1.2
      vertex -1.33927 1.74538 1.2
    endloop
  endfacet
  facet normal -0 0 1
    outer loop
      vertex -2.43505 3.17341 1.2
      vertex -1.33927 1.74538 1.2
      vertex -2.22228 3.32588 1.2
    endloop
  endfacet
  facet normal 0 0 1
    outer loop
      vertex -1.33927 1.74538 1.2
      vertex -2.43505 3.17341 1.2
      vertex -1.45056 1.65405 1.2
    endloop
  endfacet
  facet normal -0 0 1
    outer loop
      vertex -2.63738 3.00736 1.2
      vertex -1.45056 1.65405 1.2
      vertex -2.43505 3.17341 1.2
    endloop
  endfacet
  facet normal 0 0 1
    outer loop
      vertex -1.45056 1.65405 1.2
      vertex -2.63738 3.00736 1.2
      vertex -1.55563 1.55563 1.2
    endloop
  endfacet
  facet normal -0 0 1
    outer loop
      vertex -2.82843 2.82843 1.2
      vertex -1.55563 1.55563 1.2
      vertex -2.63738 3.00736 1.2
    endloop
  endfacet
  facet normal 0 0 1
    outer loop
      vertex -1.55563 1.55563 1.2
      vertex -2.82843 2.82843 1.2
      vertex -1.65405 1.45056 1.2
    endloop
  endfacet
  facet normal -0 0 1
    outer loop
      vertex -3.00736 2.63738 1.2
      vertex -1.65405 1.45056 1.2
      vertex -2.82843 2.82843 1.2
    endloop
  endfacet
  facet normal 0 0 1
    outer loop
      vertex -1.65405 1.45056 1.2
      vertex -3.00736 2.63738 1.2
      vertex -1.74538 1.33927 1.2
    endloop
  endfacet
  facet normal -0 0 1
    outer loop
      vertex -3.17341 2.43505 1.2
      vertex -1.74538 1.33927 1.2
      vertex -3.00736 2.63738 1.2
    endloop
  endfacet
  facet normal 0 0 1
    outer loop
      vertex -1.74538 1.33927 1.2
      vertex -3.17341 2.43505 1.2
      vertex -1.82923 1.22225 1.2
    endloop
  endfacet
  facet normal -0 0 1
    outer loop
      vertex -3.32588 2.22228 1.2
      vertex -1.82923 1.22225 1.2
      vertex -3.17341 2.43505 1.2
    endloop
  endfacet
  facet normal 0 0 1
    outer loop
      vertex -1.82923 1.22225 1.2
      vertex -3.32588 2.22228 1.2
      vertex -1.90526 1.1 1.2
    endloop
  endfacet
  facet normal 0 0 1
    outer loop
      vertex -1.90526 1.1 1.2
      vertex -3.4641 2 1.2
      vertex -1.97312 0.973035 1.2
    endloop
  endfacet
  facet normal -0 0 1
    outer loop
      vertex -3.4641 2 1.2
      vertex -1.90526 1.1 1.2
      vertex -3.32588 2.22228 1.2
    endloop
  endfacet
  facet normal -0 0 1
    outer loop
      vertex 1.90526 -1.1 1.2
      vertex 3.4641 -2 1.2
      vertex 1.97312 -0.973035 1.2
    endloop
  endfacet
  facet normal 0 0 1
    outer loop
      vertex 3.4641 -2 1.2
      vertex 1.90526 -1.1 1.2
      vertex 3.32588 -2.22228 1.2
    endloop
  endfacet
  facet normal -0 0 1
    outer loop
      vertex 1.82923 -1.22225 1.2
      vertex 3.32588 -2.22228 1.2
      vertex 1.90526 -1.1 1.2
    endloop
  endfacet
  facet normal 0 0 1
    outer loop
      vertex 3.32588 -2.22228 1.2
      vertex 1.82923 -1.22225 1.2
      vertex 3.17341 -2.43505 1.2
    endloop
  endfacet
  facet normal -0 0 1
    outer loop
      vertex 1.74538 -1.33927 1.2
      vertex 3.17341 -2.43505 1.2
      vertex 1.82923 -1.22225 1.2
    endloop
  endfacet
  facet normal 0 0 1
    outer loop
      vertex 3.17341 -2.43505 1.2
      vertex 1.74538 -1.33927 1.2
      vertex 3.00736 -2.63738 1.2
    endloop
  endfacet
  facet normal -0 0 1
    outer loop
      vertex 1.65405 -1.45056 1.2
      vertex 3.00736 -2.63738 1.2
      vertex 1.74538 -1.33927 1.2
    endloop
  endfacet
  facet normal 0 0 1
    outer loop
      vertex 3.00736 -2.63738 1.2
      vertex 1.65405 -1.45056 1.2
      vertex 2.82843 -2.82843 1.2
    endloop
  endfacet
  facet normal -0 0 1
    outer loop
      vertex 1.55563 -1.55563 1.2
      vertex 2.82843 -2.82843 1.2
      vertex 1.65405 -1.45056 1.2
    endloop
  endfacet
  facet normal 0 0 1
    outer loop
      vertex 2.82843 -2.82843 1.2
      vertex 1.55563 -1.55563 1.2
      vertex 2.63738 -3.00736 1.2
    endloop
  endfacet
  facet normal -0 0 1
    outer loop
      vertex 1.45056 -1.65405 1.2
      vertex 2.63738 -3.00736 1.2
      vertex 1.55563 -1.55563 1.2
    endloop
  endfacet
  facet normal 0 0 1
    outer loop
      vertex 2.63738 -3.00736 1.2
      vertex 1.45056 -1.65405 1.2
      vertex 2.43505 -3.17341 1.2
    endloop
  endfacet
  facet normal -0 0 1
    outer loop
      vertex 1.33927 -1.74538 1.2
      vertex 2.43505 -3.17341 1.2
      vertex 1.45056 -1.65405 1.2
    endloop
  endfacet
  facet normal 0 0 1
    outer loop
      vertex 2.43505 -3.17341 1.2
      vertex 1.33927 -1.74538 1.2
      vertex 2.22228 -3.32588 1.2
    endloop
  endfacet
  facet normal -0 0 1
    outer loop
      vertex 1.22225 -1.82923 1.2
      vertex 2.22228 -3.32588 1.2
      vertex 1.33927 -1.74538 1.2
    endloop
  endfacet
  facet normal 0 0 1
    outer loop
      vertex 2.22228 -3.32588 1.2
      vertex 1.22225 -1.82923 1.2
      vertex 2 -3.4641 1.2
    endloop
  endfacet
  facet normal -0 0 1
    outer loop
      vertex 1.1 -1.90526 1.2
      vertex 2 -3.4641 1.2
      vertex 1.22225 -1.82923 1.2
    endloop
  endfacet
  facet normal 0 0 1
    outer loop
      vertex 2 -3.4641 1.2
      vertex 1.1 -1.90526 1.2
      vertex 1.76915 -3.58749 1.2
    endloop
  endfacet
  facet normal -0 0 1
    outer loop
      vertex 0.973035 -1.97312 1.2
      vertex 1.76915 -3.58749 1.2
      vertex 1.1 -1.90526 1.2
    endloop
  endfacet
  facet normal 0 0 1
    outer loop
      vertex 1.76915 -3.58749 1.2
      vertex 0.973035 -1.97312 1.2
      vertex 1.53073 -3.69552 1.2
    endloop
  endfacet
  facet normal -0 0 1
    outer loop
      vertex 0.841903 -2.03253 1.2
      vertex 1.53073 -3.69552 1.2
      vertex 0.973035 -1.97312 1.2
    endloop
  endfacet
  facet normal 0 0 1
    outer loop
      vertex 1.53073 -3.69552 1.2
      vertex 0.841903 -2.03253 1.2
      vertex 1.28576 -3.78772 1.2
    endloop
  endfacet
  facet normal -0 0 1
    outer loop
      vertex 0.707167 -2.08325 1.2
      vertex 1.28576 -3.78772 1.2
      vertex 0.841903 -2.03253 1.2
    endloop
  endfacet
  facet normal 0 0 1
    outer loop
      vertex 1.28576 -3.78772 1.2
      vertex 0.707167 -2.08325 1.2
      vertex 1.03528 -3.8637 1.2
    endloop
  endfacet
  facet normal -0 0 1
    outer loop
      vertex 0.569402 -2.12504 1.2
      vertex 1.03528 -3.8637 1.2
      vertex 0.707167 -2.08325 1.2
    endloop
  endfacet
  facet normal 0 0 1
    outer loop
      vertex 1.03528 -3.8637 1.2
      vertex 0.569402 -2.12504 1.2
      vertex 0.780361 -3.92314 1.2
    endloop
  endfacet
  facet normal -0 0 1
    outer loop
      vertex 0.429198 -2.15773 1.2
      vertex 0.780361 -3.92314 1.2
      vertex 0.569402 -2.12504 1.2
    endloop
  endfacet
  facet normal 0 0 1
    outer loop
      vertex 0.780361 -3.92314 1.2
      vertex 0.429198 -2.15773 1.2
      vertex 0.522104 -3.96578 1.2
    endloop
  endfacet
  facet normal -0 0 1
    outer loop
      vertex 0.287157 -2.18118 1.2
      vertex 0.522104 -3.96578 1.2
      vertex 0.429198 -2.15773 1.2
    endloop
  endfacet
  facet normal 0 0 1
    outer loop
      vertex 0.287157 -2.18118 1.2
      vertex 0.261612 -3.99144 1.2
      vertex 0.522104 -3.96578 1.2
    endloop
  endfacet
  facet normal -0 0 1
    outer loop
      vertex 0.143887 -2.19529 1.2
      vertex 0.261612 -3.99144 1.2
      vertex 0.287157 -2.18118 1.2
    endloop
  endfacet
  facet normal -0 0 1
    outer loop
      vertex 0 -2.2 1.2
      vertex 0.261612 -3.99144 1.2
      vertex 0.143887 -2.19529 1.2
    endloop
  endfacet
  facet normal 0 0 1
    outer loop
      vertex 0 -2.2 1.2
      vertex 0 -4 1.2
      vertex 0.261612 -3.99144 1.2
    endloop
  endfacet
  facet normal 0 0 1
    outer loop
      vertex -0.143887 -2.19529 1.2
      vertex 0 -4 1.2
      vertex 0 -2.2 1.2
    endloop
  endfacet
  facet normal 0 0 1
    outer loop
      vertex -0.143887 -2.19529 1.2
      vertex -0.261612 -3.99144 1.2
      vertex 0 -4 1.2
    endloop
  endfacet
  facet normal 0 0 1
    outer loop
      vertex -0.287157 -2.18118 1.2
      vertex -0.261612 -3.99144 1.2
      vertex -0.143887 -2.19529 1.2
    endloop
  endfacet
  facet normal 0 0 1
    outer loop
      vertex -0.522104 -3.96578 1.2
      vertex -0.287157 -2.18118 1.2
      vertex -0.429198 -2.15773 1.2
    endloop
  endfacet
  facet normal 0 0 1
    outer loop
      vertex -0.287157 -2.18118 1.2
      vertex -0.522104 -3.96578 1.2
      vertex -0.261612 -3.99144 1.2
    endloop
  endfacet
  facet normal 0 0 1
    outer loop
      vertex -0.780361 -3.92314 1.2
      vertex -0.429198 -2.15773 1.2
      vertex -0.569402 -2.12504 1.2
    endloop
  endfacet
  facet normal 0 0 1
    outer loop
      vertex -1.03528 -3.8637 1.2
      vertex -0.569402 -2.12504 1.2
      vertex -0.707167 -2.08325 1.2
    endloop
  endfacet
  facet normal 0 0 1
    outer loop
      vertex -0.429198 -2.15773 1.2
      vertex -0.780361 -3.92314 1.2
      vertex -0.522104 -3.96578 1.2
    endloop
  endfacet
  facet normal 0 0 1
    outer loop
      vertex -1.28576 -3.78772 1.2
      vertex -0.707167 -2.08325 1.2
      vertex -0.841903 -2.03253 1.2
    endloop
  endfacet
  facet normal 0 0 1
    outer loop
      vertex -1.53073 -3.69552 1.2
      vertex -0.841903 -2.03253 1.2
      vertex -0.973035 -1.97312 1.2
    endloop
  endfacet
  facet normal 0 0 1
    outer loop
      vertex -0.569402 -2.12504 1.2
      vertex -1.03528 -3.8637 1.2
      vertex -0.780361 -3.92314 1.2
    endloop
  endfacet
  facet normal 0 0 1
    outer loop
      vertex -1.76915 -3.58749 1.2
      vertex -0.973035 -1.97312 1.2
      vertex -1.1 -1.90526 1.2
    endloop
  endfacet
  facet normal 0 0 1
    outer loop
      vertex -2 -3.4641 1.2
      vertex -1.1 -1.90526 1.2
      vertex -1.22225 -1.82923 1.2
    endloop
  endfacet
  facet normal 0 0 1
    outer loop
      vertex -0.707167 -2.08325 1.2
      vertex -1.28576 -3.78772 1.2
      vertex -1.03528 -3.8637 1.2
    endloop
  endfacet
  facet normal 0 0 1
    outer loop
      vertex -2.22228 -3.32588 1.2
      vertex -1.22225 -1.82923 1.2
      vertex -1.33927 -1.74538 1.2
    endloop
  endfacet
  facet normal 0 0 1
    outer loop
      vertex -2.43505 -3.17341 1.2
      vertex -1.33927 -1.74538 1.2
      vertex -1.45056 -1.65405 1.2
    endloop
  endfacet
  facet normal 0 0 1
    outer loop
      vertex -0.841903 -2.03253 1.2
      vertex -1.53073 -3.69552 1.2
      vertex -1.28576 -3.78772 1.2
    endloop
  endfacet
  facet normal 0 0 1
    outer loop
      vertex -2.63738 -3.00736 1.2
      vertex -1.45056 -1.65405 1.2
      vertex -1.55563 -1.55563 1.2
    endloop
  endfacet
  facet normal 0 0 1
    outer loop
      vertex -2.82843 -2.82843 1.2
      vertex -1.55563 -1.55563 1.2
      vertex -1.65405 -1.45056 1.2
    endloop
  endfacet
  facet normal 0 0 1
    outer loop
      vertex -3.00736 -2.63738 1.2
      vertex -1.65405 -1.45056 1.2
      vertex -1.74538 -1.33927 1.2
    endloop
  endfacet
  facet normal 0 0 1
    outer loop
      vertex -0.973035 -1.97312 1.2
      vertex -1.76915 -3.58749 1.2
      vertex -1.53073 -3.69552 1.2
    endloop
  endfacet
  facet normal 0 0 1
    outer loop
      vertex -3.17341 -2.43505 1.2
      vertex -1.74538 -1.33927 1.2
      vertex -1.82923 -1.22225 1.2
    endloop
  endfacet
  facet normal 0 0 1
    outer loop
      vertex -3.32588 -2.22228 1.2
      vertex -1.82923 -1.22225 1.2
      vertex -1.90526 -1.1 1.2
    endloop
  endfacet
  facet normal 0 0 1
    outer loop
      vertex -3.4641 -2 1.2
      vertex -1.90526 -1.1 1.2
      vertex -1.97312 -0.973035 1.2
    endloop
  endfacet
  facet normal 0 0 1
    outer loop
      vertex -1.1 -1.90526 1.2
      vertex -2 -3.4641 1.2
      vertex -1.76915 -3.58749 1.2
    endloop
  endfacet
  facet normal 0 0 1
    outer loop
      vertex -3.58749 -1.76915 1.2
      vertex -1.97312 -0.973035 1.2
      vertex -2.03253 -0.841903 1.2
    endloop
  endfacet
  facet normal 0 0 1
    outer loop
      vertex -3.69552 -1.53073 1.2
      vertex -2.03253 -0.841903 1.2
      vertex -2.08325 -0.707167 1.2
    endloop
  endfacet
  facet normal 0 0 1
    outer loop
      vertex -3.78772 -1.28576 1.2
      vertex -2.08325 -0.707167 1.2
      vertex -2.12504 -0.569402 1.2
    endloop
  endfacet
  facet normal 0 0 1
    outer loop
      vertex -3.8637 -1.03528 1.2
      vertex -2.12504 -0.569402 1.2
      vertex -2.15773 -0.429198 1.2
    endloop
  endfacet
  facet normal 0 0 1
    outer loop
      vertex -3.92314 -0.780361 1.2
      vertex -2.15773 -0.429198 1.2
      vertex -2.18118 -0.287157 1.2
    endloop
  endfacet
  facet normal 0 0 1
    outer loop
      vertex -3.96578 -0.522104 1.2
      vertex -2.18118 -0.287157 1.2
      vertex -2.19529 -0.143887 1.2
    endloop
  endfacet
  facet normal 0 0 1
    outer loop
      vertex -1.22225 -1.82923 1.2
      vertex -2.22228 -3.32588 1.2
      vertex -2 -3.4641 1.2
    endloop
  endfacet
  facet normal 0 0 1
    outer loop
      vertex -3.99144 -0.261612 1.2
      vertex -2.19529 -0.143887 1.2
      vertex -2.2 0 1.2
    endloop
  endfacet
  facet normal -0 0 1
    outer loop
      vertex -3.58749 1.76915 1.2
      vertex -1.97312 0.973035 1.2
      vertex -3.4641 2 1.2
    endloop
  endfacet
  facet normal 0 0 1
    outer loop
      vertex -1.97312 0.973035 1.2
      vertex -3.58749 1.76915 1.2
      vertex -2.03253 0.841903 1.2
    endloop
  endfacet
  facet normal 0 0 1
    outer loop
      vertex -1.33927 -1.74538 1.2
      vertex -2.43505 -3.17341 1.2
      vertex -2.22228 -3.32588 1.2
    endloop
  endfacet
  facet normal -0 0 1
    outer loop
      vertex -3.69552 1.53073 1.2
      vertex -2.03253 0.841903 1.2
      vertex -3.58749 1.76915 1.2
    endloop
  endfacet
  facet normal 0 0 1
    outer loop
      vertex -1.45056 -1.65405 1.2
      vertex -2.63738 -3.00736 1.2
      vertex -2.43505 -3.17341 1.2
    endloop
  endfacet
  facet normal 0 0 1
    outer loop
      vertex -2.03253 0.841903 1.2
      vertex -3.69552 1.53073 1.2
      vertex -2.08325 0.707167 1.2
    endloop
  endfacet
  facet normal 0 0 1
    outer loop
      vertex -1.55563 -1.55563 1.2
      vertex -2.82843 -2.82843 1.2
      vertex -2.63738 -3.00736 1.2
    endloop
  endfacet
  facet normal -0 0 1
    outer loop
      vertex -3.78772 1.28576 1.2
      vertex -2.08325 0.707167 1.2
      vertex -3.69552 1.53073 1.2
    endloop
  endfacet
  facet normal 0 0 1
    outer loop
      vertex -1.65405 -1.45056 1.2
      vertex -3.00736 -2.63738 1.2
      vertex -2.82843 -2.82843 1.2
    endloop
  endfacet
  facet normal 0 0 1
    outer loop
      vertex -2.08325 0.707167 1.2
      vertex -3.78772 1.28576 1.2
      vertex -2.12504 0.569402 1.2
    endloop
  endfacet
  facet normal 0 0 1
    outer loop
      vertex -1.74538 -1.33927 1.2
      vertex -3.17341 -2.43505 1.2
      vertex -3.00736 -2.63738 1.2
    endloop
  endfacet
  facet normal -0 0 1
    outer loop
      vertex -3.8637 1.03528 1.2
      vertex -2.12504 0.569402 1.2
      vertex -3.78772 1.28576 1.2
    endloop
  endfacet
  facet normal 0 0 1
    outer loop
      vertex -1.82923 -1.22225 1.2
      vertex -3.32588 -2.22228 1.2
      vertex -3.17341 -2.43505 1.2
    endloop
  endfacet
  facet normal 0 0 1
    outer loop
      vertex -2.12504 0.569402 1.2
      vertex -3.8637 1.03528 1.2
      vertex -2.15773 0.429198 1.2
    endloop
  endfacet
  facet normal 0 0 1
    outer loop
      vertex -1.90526 -1.1 1.2
      vertex -3.4641 -2 1.2
      vertex -3.32588 -2.22228 1.2
    endloop
  endfacet
  facet normal -0 0 1
    outer loop
      vertex -3.92314 0.780361 1.2
      vertex -2.15773 0.429198 1.2
      vertex -3.8637 1.03528 1.2
    endloop
  endfacet
  facet normal 0 0 1
    outer loop
      vertex -1.97312 -0.973035 1.2
      vertex -3.58749 -1.76915 1.2
      vertex -3.4641 -2 1.2
    endloop
  endfacet
  facet normal 0 0 1
    outer loop
      vertex -2.15773 0.429198 1.2
      vertex -3.92314 0.780361 1.2
      vertex -2.18118 0.287157 1.2
    endloop
  endfacet
  facet normal 0 0 1
    outer loop
      vertex -2.03253 -0.841903 1.2
      vertex -3.69552 -1.53073 1.2
      vertex -3.58749 -1.76915 1.2
    endloop
  endfacet
  facet normal -0 0 1
    outer loop
      vertex -3.96578 0.522104 1.2
      vertex -2.18118 0.287157 1.2
      vertex -3.92314 0.780361 1.2
    endloop
  endfacet
  facet normal 0 0 1
    outer loop
      vertex -2.08325 -0.707167 1.2
      vertex -3.78772 -1.28576 1.2
      vertex -3.69552 -1.53073 1.2
    endloop
  endfacet
  facet normal 0 0 1
    outer loop
      vertex -2.18118 0.287157 1.2
      vertex -3.96578 0.522104 1.2
      vertex -2.19529 0.143887 1.2
    endloop
  endfacet
  facet normal 0 0 1
    outer loop
      vertex -2.12504 -0.569402 1.2
      vertex -3.8637 -1.03528 1.2
      vertex -3.78772 -1.28576 1.2
    endloop
  endfacet
  facet normal -0 0 1
    outer loop
      vertex -3.99144 0.261612 1.2
      vertex -2.19529 0.143887 1.2
      vertex -3.96578 0.522104 1.2
    endloop
  endfacet
  facet normal 0 0 1
    outer loop
      vertex -2.15773 -0.429198 1.2
      vertex -3.92314 -0.780361 1.2
      vertex -3.8637 -1.03528 1.2
    endloop
  endfacet
  facet normal 0 0 1
    outer loop
      vertex -2.19529 0.143887 1.2
      vertex -3.99144 0.261612 1.2
      vertex -2.2 0 1.2
    endloop
  endfacet
  facet normal 0 0 1
    outer loop
      vertex -2.18118 -0.287157 1.2
      vertex -3.96578 -0.522104 1.2
      vertex -3.92314 -0.780361 1.2
    endloop
  endfacet
  facet normal 0 0 1
    outer loop
      vertex -4 0 1.2
      vertex -2.2 0 1.2
      vertex -3.99144 0.261612 1.2
    endloop
  endfacet
  facet normal 0 0 1
    outer loop
      vertex -2.19529 -0.143887 1.2
      vertex -3.99144 -0.261612 1.2
      vertex -3.96578 -0.522104 1.2
    endloop
  endfacet
  facet normal 0 0 1
    outer loop
      vertex -2.2 0 1.2
      vertex -4 0 1.2
      vertex -3.99144 -0.261612 1.2
    endloop
  endfacet
  facet normal 0.634398 0.773007 -0
    outer loop
      vertex 2.63738 3.00736 0
      vertex 2.43505 3.17341 1.2
      vertex 2.63738 3.00736 1.2
    endloop
  endfacet
  facet normal 0.634398 0.773007 0
    outer loop
      vertex 2.43505 3.17341 1.2
      vertex 2.63738 3.00736 0
      vertex 2.43505 3.17341 0
    endloop
  endfacet
  facet normal 0.582481 0.812845 -0
    outer loop
      vertex 2.43505 3.17341 0
      vertex 2.22228 3.32588 1.2
      vertex 2.43505 3.17341 1.2
    endloop
  endfacet
  facet normal 0.582481 0.812845 0
    outer loop
      vertex 2.22228 3.32588 1.2
      vertex 2.43505 3.17341 0
      vertex 2.22228 3.32588 0
    endloop
  endfacet
  facet normal -0.910859 -0.412718 0
    outer loop
      vertex -3.58749 -1.76915 0
      vertex -3.69552 -1.53073 1.2
      vertex -3.69552 -1.53073 0
    endloop
  endfacet
  facet normal -0.910859 -0.412718 0
    outer loop
      vertex -3.69552 -1.53073 1.2
      vertex -3.58749 -1.76915 0
      vertex -3.58749 -1.76915 1.2
    endloop
  endfacet
  facet normal -0.352249 -0.935906 0
    outer loop
      vertex -1.53073 -3.69552 0
      vertex -1.28576 -3.78772 1.2
      vertex -1.53073 -3.69552 1.2
    endloop
  endfacet
  facet normal -0.352249 -0.935906 -0
    outer loop
      vertex -1.28576 -3.78772 1.2
      vertex -1.53073 -3.69552 0
      vertex -1.28576 -3.78772 0
    endloop
  endfacet
  facet normal -0.973876 0.227081 0
    outer loop
      vertex -3.92314 0.780361 0
      vertex -3.8637 1.03528 1.2
      vertex -3.8637 1.03528 0
    endloop
  endfacet
  facet normal -0.973876 0.227081 0
    outer loop
      vertex -3.8637 1.03528 1.2
      vertex -3.92314 0.780361 0
      vertex -3.92314 0.780361 1.2
    endloop
  endfacet
  facet normal -0.849207 -0.528061 0
    outer loop
      vertex -3.32588 -2.22228 0
      vertex -3.4641 -2 1.2
      vertex -3.4641 -2 0
    endloop
  endfacet
  facet normal -0.849207 -0.528061 0
    outer loop
      vertex -3.4641 -2 1.2
      vertex -3.32588 -2.22228 0
      vertex -3.32588 -2.22228 1.2
    endloop
  endfacet
  facet normal 0.995183 -0.0980314 0
    outer loop
      vertex 3.96578 -0.522104 1.2
      vertex 3.99144 -0.261612 0
      vertex 3.99144 -0.261612 1.2
    endloop
  endfacet
  facet normal 0.995183 -0.0980314 0
    outer loop
      vertex 3.99144 -0.261612 0
      vertex 3.96578 -0.522104 1.2
      vertex 3.96578 -0.522104 0
    endloop
  endfacet
  facet normal 0.999465 -0.0327027 0
    outer loop
      vertex 3.99144 -0.261612 1.2
      vertex 4 0 0
      vertex 4 0 1.2
    endloop
  endfacet
  facet normal 0.999465 -0.0327027 0
    outer loop
      vertex 4 0 0
      vertex 3.99144 -0.261612 1.2
      vertex 3.99144 -0.261612 0
    endloop
  endfacet
  facet normal 0.0980314 0.995183 -0
    outer loop
      vertex 0.522104 3.96578 0
      vertex 0.261612 3.99144 1.2
      vertex 0.522104 3.96578 1.2
    endloop
  endfacet
  facet normal 0.0980314 0.995183 0
    outer loop
      vertex 0.261612 3.99144 1.2
      vertex 0.522104 3.96578 0
      vertex 0.261612 3.99144 0
    endloop
  endfacet
  facet normal -0.935906 0.352249 0
    outer loop
      vertex -3.78772 1.28576 0
      vertex -3.69552 1.53073 1.2
      vertex -3.69552 1.53073 0
    endloop
  endfacet
  facet normal -0.935906 0.352249 0
    outer loop
      vertex -3.69552 1.53073 1.2
      vertex -3.78772 1.28576 0
      vertex -3.78772 1.28576 1.2
    endloop
  endfacet
  facet normal 0.162901 0.986642 -0
    outer loop
      vertex 0.780361 3.92314 0
      vertex 0.522104 3.96578 1.2
      vertex 0.780361 3.92314 1.2
    endloop
  endfacet
  facet normal 0.162901 0.986642 0
    outer loop
      vertex 0.522104 3.96578 1.2
      vertex 0.780361 3.92314 0
      vertex 0.522104 3.96578 0
    endloop
  endfacet
  facet normal -0.773007 0.634398 0
    outer loop
      vertex -3.17341 2.43505 0
      vertex -3.00736 2.63738 1.2
      vertex -3.00736 2.63738 0
    endloop
  endfacet
  facet normal -0.773007 0.634398 0
    outer loop
      vertex -3.00736 2.63738 1.2
      vertex -3.17341 2.43505 0
      vertex -3.17341 2.43505 1.2
    endloop
  endfacet
  facet normal -0.935906 -0.352249 0
    outer loop
      vertex -3.69552 -1.53073 0
      vertex -3.78772 -1.28576 1.2
      vertex -3.78772 -1.28576 0
    endloop
  endfacet
  facet normal -0.935906 -0.352249 0
    outer loop
      vertex -3.78772 -1.28576 1.2
      vertex -3.69552 -1.53073 0
      vertex -3.69552 -1.53073 1.2
    endloop
  endfacet
  facet normal 0.683576 0.729879 -0
    outer loop
      vertex 2.82843 2.82843 0
      vertex 2.63738 3.00736 1.2
      vertex 2.82843 2.82843 1.2
    endloop
  endfacet
  facet normal 0.683576 0.729879 0
    outer loop
      vertex 2.63738 3.00736 1.2
      vertex 2.82843 2.82843 0
      vertex 2.63738 3.00736 0
    endloop
  endfacet
  facet normal 0.471391 -0.881924 0
    outer loop
      vertex 1.76915 -3.58749 0
      vertex 2 -3.4641 1.2
      vertex 1.76915 -3.58749 1.2
    endloop
  endfacet
  facet normal 0.471391 -0.881924 0
    outer loop
      vertex 2 -3.4641 1.2
      vertex 1.76915 -3.58749 0
      vertex 2 -3.4641 0
    endloop
  endfacet
  facet normal 0.528061 0.849207 -0
    outer loop
      vertex 2.22228 3.32588 0
      vertex 2 3.4641 1.2
      vertex 2.22228 3.32588 1.2
    endloop
  endfacet
  facet normal 0.528061 0.849207 0
    outer loop
      vertex 2 3.4641 1.2
      vertex 2.22228 3.32588 0
      vertex 2 3.4641 0
    endloop
  endfacet
  facet normal 0.849207 0.528061 0
    outer loop
      vertex 3.4641 2 1.2
      vertex 3.32588 2.22228 0
      vertex 3.32588 2.22228 1.2
    endloop
  endfacet
  facet normal 0.849207 0.528061 0
    outer loop
      vertex 3.32588 2.22228 0
      vertex 3.4641 2 1.2
      vertex 3.4641 2 0
    endloop
  endfacet
  facet normal 0.634398 -0.773007 0
    outer loop
      vertex 2.43505 -3.17341 0
      vertex 2.63738 -3.00736 1.2
      vertex 2.43505 -3.17341 1.2
    endloop
  endfacet
  facet normal 0.634398 -0.773007 0
    outer loop
      vertex 2.63738 -3.00736 1.2
      vertex 2.43505 -3.17341 0
      vertex 2.63738 -3.00736 0
    endloop
  endfacet
  facet normal 0.0980314 -0.995183 0
    outer loop
      vertex 0.261612 -3.99144 0
      vertex 0.522104 -3.96578 1.2
      vertex 0.261612 -3.99144 1.2
    endloop
  endfacet
  facet normal 0.0980314 -0.995183 0
    outer loop
      vertex 0.522104 -3.96578 1.2
      vertex 0.261612 -3.99144 0
      vertex 0.522104 -3.96578 0
    endloop
  endfacet
  facet normal -0.290277 0.956943 0
    outer loop
      vertex -1.03528 3.8637 0
      vertex -1.28576 3.78772 1.2
      vertex -1.03528 3.8637 1.2
    endloop
  endfacet
  facet normal -0.290277 0.956943 0
    outer loop
      vertex -1.28576 3.78772 1.2
      vertex -1.03528 3.8637 0
      vertex -1.28576 3.78772 0
    endloop
  endfacet
  facet normal -0.0980314 -0.995183 0
    outer loop
      vertex -0.522104 -3.96578 0
      vertex -0.261612 -3.99144 1.2
      vertex -0.522104 -3.96578 1.2
    endloop
  endfacet
  facet normal -0.0980314 -0.995183 -0
    outer loop
      vertex -0.261612 -3.99144 1.2
      vertex -0.522104 -3.96578 0
      vertex -0.261612 -3.99144 0
    endloop
  endfacet
  facet normal -0.582481 0.812845 0
    outer loop
      vertex -2.22228 3.32588 0
      vertex -2.43505 3.17341 1.2
      vertex -2.22228 3.32588 1.2
    endloop
  endfacet
  facet normal -0.582481 0.812845 0
    outer loop
      vertex -2.43505 3.17341 1.2
      vertex -2.22228 3.32588 0
      vertex -2.43505 3.17341 0
    endloop
  endfacet
  facet normal 0.910859 0.412718 0
    outer loop
      vertex 3.69552 1.53073 1.2
      vertex 3.58749 1.76915 0
      vertex 3.58749 1.76915 1.2
    endloop
  endfacet
  facet normal 0.910859 0.412718 0
    outer loop
      vertex 3.58749 1.76915 0
      vertex 3.69552 1.53073 1.2
      vertex 3.69552 1.53073 0
    endloop
  endfacet
  facet normal 0.0327027 -0.999465 0
    outer loop
      vertex 0 -4 0
      vertex 0.261612 -3.99144 1.2
      vertex 0 -4 1.2
    endloop
  endfacet
  facet normal 0.0327027 -0.999465 0
    outer loop
      vertex 0.261612 -3.99144 1.2
      vertex 0 -4 0
      vertex 0.261612 -3.99144 0
    endloop
  endfacet
  facet normal 0.986642 -0.162901 0
    outer loop
      vertex 3.92314 -0.780361 1.2
      vertex 3.96578 -0.522104 0
      vertex 3.96578 -0.522104 1.2
    endloop
  endfacet
  facet normal 0.986642 -0.162901 0
    outer loop
      vertex 3.96578 -0.522104 0
      vertex 3.92314 -0.780361 1.2
      vertex 3.92314 -0.780361 0
    endloop
  endfacet
  facet normal 0.956943 0.290277 0
    outer loop
      vertex 3.8637 1.03528 1.2
      vertex 3.78772 1.28576 0
      vertex 3.78772 1.28576 1.2
    endloop
  endfacet
  facet normal 0.956943 0.290277 0
    outer loop
      vertex 3.78772 1.28576 0
      vertex 3.8637 1.03528 1.2
      vertex 3.8637 1.03528 0
    endloop
  endfacet
  facet normal -0.999465 -0.0327027 0
    outer loop
      vertex -3.99144 -0.261612 0
      vertex -4 0 1.2
      vertex -4 0 0
    endloop
  endfacet
  facet normal -0.999465 -0.0327027 0
    outer loop
      vertex -4 0 1.2
      vertex -3.99144 -0.261612 0
      vertex -3.99144 -0.261612 1.2
    endloop
  endfacet
  facet normal 0.881924 0.471391 0
    outer loop
      vertex 3.58749 1.76915 1.2
      vertex 3.4641 2 0
      vertex 3.4641 2 1.2
    endloop
  endfacet
  facet normal 0.881924 0.471391 0
    outer loop
      vertex 3.4641 2 0
      vertex 3.58749 1.76915 1.2
      vertex 3.58749 1.76915 0
    endloop
  endfacet
  facet normal 0.729879 -0.683576 0
    outer loop
      vertex 2.82843 -2.82843 1.2
      vertex 3.00736 -2.63738 0
      vertex 3.00736 -2.63738 1.2
    endloop
  endfacet
  facet normal 0.729879 -0.683576 0
    outer loop
      vertex 3.00736 -2.63738 0
      vertex 2.82843 -2.82843 1.2
      vertex 2.82843 -2.82843 0
    endloop
  endfacet
  facet normal 0.227081 -0.973876 0
    outer loop
      vertex 0.780361 -3.92314 0
      vertex 1.03528 -3.8637 1.2
      vertex 0.780361 -3.92314 1.2
    endloop
  endfacet
  facet normal 0.227081 -0.973876 0
    outer loop
      vertex 1.03528 -3.8637 1.2
      vertex 0.780361 -3.92314 0
      vertex 1.03528 -3.8637 0
    endloop
  endfacet
  facet normal 0.910859 -0.412718 0
    outer loop
      vertex 3.58749 -1.76915 1.2
      vertex 3.69552 -1.53073 0
      vertex 3.69552 -1.53073 1.2
    endloop
  endfacet
  facet normal 0.910859 -0.412718 0
    outer loop
      vertex 3.69552 -1.53073 0
      vertex 3.58749 -1.76915 1.2
      vertex 3.58749 -1.76915 0
    endloop
  endfacet
  facet normal -0.582481 -0.812845 0
    outer loop
      vertex -2.43505 -3.17341 0
      vertex -2.22228 -3.32588 1.2
      vertex -2.43505 -3.17341 1.2
    endloop
  endfacet
  facet normal -0.582481 -0.812845 -0
    outer loop
      vertex -2.22228 -3.32588 1.2
      vertex -2.43505 -3.17341 0
      vertex -2.22228 -3.32588 0
    endloop
  endfacet
  facet normal -0.812845 -0.582481 0
    outer loop
      vertex -3.17341 -2.43505 0
      vertex -3.32588 -2.22228 1.2
      vertex -3.32588 -2.22228 0
    endloop
  endfacet
  facet normal -0.812845 -0.582481 0
    outer loop
      vertex -3.32588 -2.22228 1.2
      vertex -3.17341 -2.43505 0
      vertex -3.17341 -2.43505 1.2
    endloop
  endfacet
  facet normal 0.582481 -0.812845 0
    outer loop
      vertex 2.22228 -3.32588 0
      vertex 2.43505 -3.17341 1.2
      vertex 2.22228 -3.32588 1.2
    endloop
  endfacet
  facet normal 0.582481 -0.812845 0
    outer loop
      vertex 2.43505 -3.17341 1.2
      vertex 2.22228 -3.32588 0
      vertex 2.43505 -3.17341 0
    endloop
  endfacet
  facet normal 0.729879 0.683576 0
    outer loop
      vertex 3.00736 2.63738 1.2
      vertex 2.82843 2.82843 0
      vertex 2.82843 2.82843 1.2
    endloop
  endfacet
  facet normal 0.729879 0.683576 0
    outer loop
      vertex 2.82843 2.82843 0
      vertex 3.00736 2.63738 1.2
      vertex 3.00736 2.63738 0
    endloop
  endfacet
  facet normal -0.412718 0.910859 0
    outer loop
      vertex -1.53073 3.69552 0
      vertex -1.76915 3.58749 1.2
      vertex -1.53073 3.69552 1.2
    endloop
  endfacet
  facet normal -0.412718 0.910859 0
    outer loop
      vertex -1.76915 3.58749 1.2
      vertex -1.53073 3.69552 0
      vertex -1.76915 3.58749 0
    endloop
  endfacet
  facet normal 0.471391 0.881924 -0
    outer loop
      vertex 2 3.4641 0
      vertex 1.76915 3.58749 1.2
      vertex 2 3.4641 1.2
    endloop
  endfacet
  facet normal 0.471391 0.881924 0
    outer loop
      vertex 1.76915 3.58749 1.2
      vertex 2 3.4641 0
      vertex 1.76915 3.58749 0
    endloop
  endfacet
  facet normal -0.956943 0.290277 0
    outer loop
      vertex -3.8637 1.03528 0
      vertex -3.78772 1.28576 1.2
      vertex -3.78772 1.28576 0
    endloop
  endfacet
  facet normal -0.956943 0.290277 0
    outer loop
      vertex -3.78772 1.28576 1.2
      vertex -3.8637 1.03528 0
      vertex -3.8637 1.03528 1.2
    endloop
  endfacet
  facet normal -0.162901 0.986642 0
    outer loop
      vertex -0.522104 3.96578 0
      vertex -0.780361 3.92314 1.2
      vertex -0.522104 3.96578 1.2
    endloop
  endfacet
  facet normal -0.162901 0.986642 0
    outer loop
      vertex -0.780361 3.92314 1.2
      vertex -0.522104 3.96578 0
      vertex -0.780361 3.92314 0
    endloop
  endfacet
  facet normal -0.683576 0.729879 0
    outer loop
      vertex -2.63738 3.00736 0
      vertex -2.82843 2.82843 1.2
      vertex -2.63738 3.00736 1.2
    endloop
  endfacet
  facet normal -0.683576 0.729879 0
    outer loop
      vertex -2.82843 2.82843 1.2
      vertex -2.63738 3.00736 0
      vertex -2.82843 2.82843 0
    endloop
  endfacet
  facet normal -0.812845 0.582481 0
    outer loop
      vertex -3.32588 2.22228 0
      vertex -3.17341 2.43505 1.2
      vertex -3.17341 2.43505 0
    endloop
  endfacet
  facet normal -0.812845 0.582481 0
    outer loop
      vertex -3.17341 2.43505 1.2
      vertex -3.32588 2.22228 0
      vertex -3.32588 2.22228 1.2
    endloop
  endfacet
  facet normal 0.528061 -0.849207 0
    outer loop
      vertex 2 -3.4641 0
      vertex 2.22228 -3.32588 1.2
      vertex 2 -3.4641 1.2
    endloop
  endfacet
  facet normal 0.528061 -0.849207 0
    outer loop
      vertex 2.22228 -3.32588 1.2
      vertex 2 -3.4641 0
      vertex 2.22228 -3.32588 0
    endloop
  endfacet
  facet normal 0.881924 -0.471391 0
    outer loop
      vertex 3.4641 -2 1.2
      vertex 3.58749 -1.76915 0
      vertex 3.58749 -1.76915 1.2
    endloop
  endfacet
  facet normal 0.881924 -0.471391 0
    outer loop
      vertex 3.58749 -1.76915 0
      vertex 3.4641 -2 1.2
      vertex 3.4641 -2 0
    endloop
  endfacet
  facet normal -0.849207 0.528061 0
    outer loop
      vertex -3.4641 2 0
      vertex -3.32588 2.22228 1.2
      vertex -3.32588 2.22228 0
    endloop
  endfacet
  facet normal -0.849207 0.528061 0
    outer loop
      vertex -3.32588 2.22228 1.2
      vertex -3.4641 2 0
      vertex -3.4641 2 1.2
    endloop
  endfacet
  facet normal -0.995183 0.0980314 0
    outer loop
      vertex -3.99144 0.261612 0
      vertex -3.96578 0.522104 1.2
      vertex -3.96578 0.522104 0
    endloop
  endfacet
  facet normal -0.995183 0.0980314 0
    outer loop
      vertex -3.96578 0.522104 1.2
      vertex -3.99144 0.261612 0
      vertex -3.99144 0.261612 1.2
    endloop
  endfacet
  facet normal 0.935906 -0.352249 0
    outer loop
      vertex 3.69552 -1.53073 1.2
      vertex 3.78772 -1.28576 0
      vertex 3.78772 -1.28576 1.2
    endloop
  endfacet
  facet normal 0.935906 -0.352249 0
    outer loop
      vertex 3.78772 -1.28576 0
      vertex 3.69552 -1.53073 1.2
      vertex 3.69552 -1.53073 0
    endloop
  endfacet
  facet normal 0.352249 0.935906 -0
    outer loop
      vertex 1.53073 3.69552 0
      vertex 1.28576 3.78772 1.2
      vertex 1.53073 3.69552 1.2
    endloop
  endfacet
  facet normal 0.352249 0.935906 0
    outer loop
      vertex 1.28576 3.78772 1.2
      vertex 1.53073 3.69552 0
      vertex 1.28576 3.78772 0
    endloop
  endfacet
  facet normal -0.683576 -0.729879 0
    outer loop
      vertex -2.82843 -2.82843 0
      vertex -2.63738 -3.00736 1.2
      vertex -2.82843 -2.82843 1.2
    endloop
  endfacet
  facet normal -0.683576 -0.729879 -0
    outer loop
      vertex -2.63738 -3.00736 1.2
      vertex -2.82843 -2.82843 0
      vertex -2.63738 -3.00736 0
    endloop
  endfacet
  facet normal -0.528061 0.849207 0
    outer loop
      vertex -2 3.4641 0
      vertex -2.22228 3.32588 1.2
      vertex -2 3.4641 1.2
    endloop
  endfacet
  facet normal -0.528061 0.849207 0
    outer loop
      vertex -2.22228 3.32588 1.2
      vertex -2 3.4641 0
      vertex -2.22228 3.32588 0
    endloop
  endfacet
  facet normal -0.352249 0.935906 0
    outer loop
      vertex -1.28576 3.78772 0
      vertex -1.53073 3.69552 1.2
      vertex -1.28576 3.78772 1.2
    endloop
  endfacet
  facet normal -0.352249 0.935906 0
    outer loop
      vertex -1.53073 3.69552 1.2
      vertex -1.28576 3.78772 0
      vertex -1.53073 3.69552 0
    endloop
  endfacet
  facet normal 0.812845 0.582481 0
    outer loop
      vertex 3.32588 2.22228 1.2
      vertex 3.17341 2.43505 0
      vertex 3.17341 2.43505 1.2
    endloop
  endfacet
  facet normal 0.812845 0.582481 0
    outer loop
      vertex 3.17341 2.43505 0
      vertex 3.32588 2.22228 1.2
      vertex 3.32588 2.22228 0
    endloop
  endfacet
  facet normal 0.935906 0.352249 0
    outer loop
      vertex 3.78772 1.28576 1.2
      vertex 3.69552 1.53073 0
      vertex 3.69552 1.53073 1.2
    endloop
  endfacet
  facet normal 0.935906 0.352249 0
    outer loop
      vertex 3.69552 1.53073 0
      vertex 3.78772 1.28576 1.2
      vertex 3.78772 1.28576 0
    endloop
  endfacet
  facet normal 0.986642 0.162901 0
    outer loop
      vertex 3.96578 0.522104 1.2
      vertex 3.92314 0.780361 0
      vertex 3.92314 0.780361 1.2
    endloop
  endfacet
  facet normal 0.986642 0.162901 0
    outer loop
      vertex 3.92314 0.780361 0
      vertex 3.96578 0.522104 1.2
      vertex 3.96578 0.522104 0
    endloop
  endfacet
  facet normal -0.0327027 0.999465 0
    outer loop
      vertex 0 4 0
      vertex -0.261612 3.99144 1.2
      vertex 0 4 1.2
    endloop
  endfacet
  facet normal -0.0327027 0.999465 0
    outer loop
      vertex -0.261612 3.99144 1.2
      vertex 0 4 0
      vertex -0.261612 3.99144 0
    endloop
  endfacet
  facet normal -0.0980314 0.995183 0
    outer loop
      vertex -0.261612 3.99144 0
      vertex -0.522104 3.96578 1.2
      vertex -0.261612 3.99144 1.2
    endloop
  endfacet
  facet normal -0.0980314 0.995183 0
    outer loop
      vertex -0.522104 3.96578 1.2
      vertex -0.261612 3.99144 0
      vertex -0.522104 3.96578 0
    endloop
  endfacet
  facet normal -0.412718 -0.910859 0
    outer loop
      vertex -1.76915 -3.58749 0
      vertex -1.53073 -3.69552 1.2
      vertex -1.76915 -3.58749 1.2
    endloop
  endfacet
  facet normal -0.412718 -0.910859 -0
    outer loop
      vertex -1.53073 -3.69552 1.2
      vertex -1.76915 -3.58749 0
      vertex -1.53073 -3.69552 0
    endloop
  endfacet
  facet normal 0.683576 -0.729879 0
    outer loop
      vertex 2.63738 -3.00736 0
      vertex 2.82843 -2.82843 1.2
      vertex 2.63738 -3.00736 1.2
    endloop
  endfacet
  facet normal 0.683576 -0.729879 0
    outer loop
      vertex 2.82843 -2.82843 1.2
      vertex 2.63738 -3.00736 0
      vertex 2.82843 -2.82843 0
    endloop
  endfacet
  facet normal -0.528061 -0.849207 0
    outer loop
      vertex -2.22228 -3.32588 0
      vertex -2 -3.4641 1.2
      vertex -2.22228 -3.32588 1.2
    endloop
  endfacet
  facet normal -0.528061 -0.849207 -0
    outer loop
      vertex -2 -3.4641 1.2
      vertex -2.22228 -3.32588 0
      vertex -2 -3.4641 0
    endloop
  endfacet
  facet normal -0.0327027 -0.999465 0
    outer loop
      vertex -0.261612 -3.99144 0
      vertex 0 -4 1.2
      vertex -0.261612 -3.99144 1.2
    endloop
  endfacet
  facet normal -0.0327027 -0.999465 -0
    outer loop
      vertex 0 -4 1.2
      vertex -0.261612 -3.99144 0
      vertex 0 -4 0
    endloop
  endfacet
  facet normal 0.412718 -0.910859 0
    outer loop
      vertex 1.53073 -3.69552 0
      vertex 1.76915 -3.58749 1.2
      vertex 1.53073 -3.69552 1.2
    endloop
  endfacet
  facet normal 0.412718 -0.910859 0
    outer loop
      vertex 1.76915 -3.58749 1.2
      vertex 1.53073 -3.69552 0
      vertex 1.76915 -3.58749 0
    endloop
  endfacet
  facet normal -0.995183 -0.0980314 0
    outer loop
      vertex -3.96578 -0.522104 0
      vertex -3.99144 -0.261612 1.2
      vertex -3.99144 -0.261612 0
    endloop
  endfacet
  facet normal -0.995183 -0.0980314 0
    outer loop
      vertex -3.99144 -0.261612 1.2
      vertex -3.96578 -0.522104 0
      vertex -3.96578 -0.522104 1.2
    endloop
  endfacet
  facet normal -0.227081 -0.973876 0
    outer loop
      vertex -1.03528 -3.8637 0
      vertex -0.780361 -3.92314 1.2
      vertex -1.03528 -3.8637 1.2
    endloop
  endfacet
  facet normal -0.227081 -0.973876 -0
    outer loop
      vertex -0.780361 -3.92314 1.2
      vertex -1.03528 -3.8637 0
      vertex -0.780361 -3.92314 0
    endloop
  endfacet
  facet normal -0.729879 -0.683576 0
    outer loop
      vertex -2.82843 -2.82843 0
      vertex -3.00736 -2.63738 1.2
      vertex -3.00736 -2.63738 0
    endloop
  endfacet
  facet normal -0.729879 -0.683576 0
    outer loop
      vertex -3.00736 -2.63738 1.2
      vertex -2.82843 -2.82843 0
      vertex -2.82843 -2.82843 1.2
    endloop
  endfacet
  facet normal -0.471391 0.881924 0
    outer loop
      vertex -1.76915 3.58749 0
      vertex -2 3.4641 1.2
      vertex -1.76915 3.58749 1.2
    endloop
  endfacet
  facet normal -0.471391 0.881924 0
    outer loop
      vertex -2 3.4641 1.2
      vertex -1.76915 3.58749 0
      vertex -2 3.4641 0
    endloop
  endfacet
  facet normal 0.973876 -0.227081 0
    outer loop
      vertex 3.8637 -1.03528 1.2
      vertex 3.92314 -0.780361 0
      vertex 3.92314 -0.780361 1.2
    endloop
  endfacet
  facet normal 0.973876 -0.227081 0
    outer loop
      vertex 3.92314 -0.780361 0
      vertex 3.8637 -1.03528 1.2
      vertex 3.8637 -1.03528 0
    endloop
  endfacet
  facet normal -0.162901 -0.986642 0
    outer loop
      vertex -0.780361 -3.92314 0
      vertex -0.522104 -3.96578 1.2
      vertex -0.780361 -3.92314 1.2
    endloop
  endfacet
  facet normal -0.162901 -0.986642 -0
    outer loop
      vertex -0.522104 -3.96578 1.2
      vertex -0.780361 -3.92314 0
      vertex -0.522104 -3.96578 0
    endloop
  endfacet
  facet normal 0.849207 -0.528061 0
    outer loop
      vertex 3.32588 -2.22228 1.2
      vertex 3.4641 -2 0
      vertex 3.4641 -2 1.2
    endloop
  endfacet
  facet normal 0.849207 -0.528061 0
    outer loop
      vertex 3.4641 -2 0
      vertex 3.32588 -2.22228 1.2
      vertex 3.32588 -2.22228 0
    endloop
  endfacet
  facet normal 0.812845 -0.582481 0
    outer loop
      vertex 3.17341 -2.43505 1.2
      vertex 3.32588 -2.22228 0
      vertex 3.32588 -2.22228 1.2
    endloop
  endfacet
  facet normal 0.812845 -0.582481 0
    outer loop
      vertex 3.32588 -2.22228 0
      vertex 3.17341 -2.43505 1.2
      vertex 3.17341 -2.43505 0
    endloop
  endfacet
  facet normal -0.881924 0.471391 0
    outer loop
      vertex -3.58749 1.76915 0
      vertex -3.4641 2 1.2
      vertex -3.4641 2 0
    endloop
  endfacet
  facet normal -0.881924 0.471391 0
    outer loop
      vertex -3.4641 2 1.2
      vertex -3.58749 1.76915 0
      vertex -3.58749 1.76915 1.2
    endloop
  endfacet
  facet normal 0.773007 0.634398 0
    outer loop
      vertex 3.17341 2.43505 1.2
      vertex 3.00736 2.63738 0
      vertex 3.00736 2.63738 1.2
    endloop
  endfacet
  facet normal 0.773007 0.634398 0
    outer loop
      vertex 3.00736 2.63738 0
      vertex 3.17341 2.43505 1.2
      vertex 3.17341 2.43505 0
    endloop
  endfacet
  facet normal -0.471391 -0.881924 0
    outer loop
      vertex -2 -3.4641 0
      vertex -1.76915 -3.58749 1.2
      vertex -2 -3.4641 1.2
    endloop
  endfacet
  facet normal -0.471391 -0.881924 -0
    outer loop
      vertex -1.76915 -3.58749 1.2
      vertex -2 -3.4641 0
      vertex -1.76915 -3.58749 0
    endloop
  endfacet
  facet normal -0.999465 0.0327027 0
    outer loop
      vertex -4 0 0
      vertex -3.99144 0.261612 1.2
      vertex -3.99144 0.261612 0
    endloop
  endfacet
  facet normal -0.999465 0.0327027 0
    outer loop
      vertex -3.99144 0.261612 1.2
      vertex -4 0 0
      vertex -4 0 1.2
    endloop
  endfacet
  facet normal -0.881924 -0.471391 0
    outer loop
      vertex -3.4641 -2 0
      vertex -3.58749 -1.76915 1.2
      vertex -3.58749 -1.76915 0
    endloop
  endfacet
  facet normal -0.881924 -0.471391 0
    outer loop
      vertex -3.58749 -1.76915 1.2
      vertex -3.4641 -2 0
      vertex -3.4641 -2 1.2
    endloop
  endfacet
  facet normal -0.634398 -0.773007 0
    outer loop
      vertex -2.63738 -3.00736 0
      vertex -2.43505 -3.17341 1.2
      vertex -2.63738 -3.00736 1.2
    endloop
  endfacet
  facet normal -0.634398 -0.773007 -0
    outer loop
      vertex -2.43505 -3.17341 1.2
      vertex -2.63738 -3.00736 0
      vertex -2.43505 -3.17341 0
    endloop
  endfacet
  facet normal -0.881933 -0.471374 0
    outer loop
      vertex 1.97312 0.973035 0
      vertex 1.90526 1.1 1.2
      vertex 1.90526 1.1 0
    endloop
  endfacet
  facet normal -0.881933 -0.471374 0
    outer loop
      vertex 1.90526 1.1 1.2
      vertex 1.97312 0.973035 0
      vertex 1.97312 0.973035 1.2
    endloop
  endfacet
  facet normal 0.162888 0.986645 -0
    outer loop
      vertex -0.287157 -2.18118 0
      vertex -0.429198 -2.15773 1.2
      vertex -0.287157 -2.18118 1.2
    endloop
  endfacet
  facet normal 0.162888 0.986645 0
    outer loop
      vertex -0.429198 -2.15773 1.2
      vertex -0.287157 -2.18118 0
      vertex -0.429198 -2.15773 0
    endloop
  endfacet
  facet normal 0.582453 0.812864 -0
    outer loop
      vertex -1.22225 -1.82923 0
      vertex -1.33927 -1.74538 1.2
      vertex -1.22225 -1.82923 1.2
    endloop
  endfacet
  facet normal 0.582453 0.812864 0
    outer loop
      vertex -1.33927 -1.74538 1.2
      vertex -1.22225 -1.82923 0
      vertex -1.33927 -1.74538 0
    endloop
  endfacet
  facet normal -0.956941 0.290281 0
    outer loop
      vertex 2.08325 -0.707167 0
      vertex 2.12504 -0.569402 1.2
      vertex 2.12504 -0.569402 0
    endloop
  endfacet
  facet normal -0.956941 0.290281 0
    outer loop
      vertex 2.12504 -0.569402 1.2
      vertex 2.08325 -0.707167 0
      vertex 2.08325 -0.707167 1.2
    endloop
  endfacet
  facet normal 0.0327165 0.999465 -0
    outer loop
      vertex 0 -2.2 0
      vertex -0.143887 -2.19529 1.2
      vertex 0 -2.2 1.2
    endloop
  endfacet
  facet normal 0.0327165 0.999465 0
    outer loop
      vertex -0.143887 -2.19529 1.2
      vertex 0 -2.2 0
      vertex -0.143887 -2.19529 0
    endloop
  endfacet
  facet normal -0.986645 -0.162888 0
    outer loop
      vertex 2.18118 0.287157 0
      vertex 2.15773 0.429198 1.2
      vertex 2.15773 0.429198 0
    endloop
  endfacet
  facet normal -0.986645 -0.162888 0
    outer loop
      vertex 2.15773 0.429198 1.2
      vertex 2.18118 0.287157 0
      vertex 2.18118 0.287157 1.2
    endloop
  endfacet
  facet normal -0.910877 0.412677 0
    outer loop
      vertex 1.97312 -0.973035 0
      vertex 2.03253 -0.841903 1.2
      vertex 2.03253 -0.841903 0
    endloop
  endfacet
  facet normal -0.910877 0.412677 0
    outer loop
      vertex 2.03253 -0.841903 1.2
      vertex 1.97312 -0.973035 0
      vertex 1.97312 -0.973035 1.2
    endloop
  endfacet
  facet normal -0.290281 -0.956941 0
    outer loop
      vertex 0.569402 2.12504 0
      vertex 0.707167 2.08325 1.2
      vertex 0.569402 2.12504 1.2
    endloop
  endfacet
  facet normal -0.290281 -0.956941 -0
    outer loop
      vertex 0.707167 2.08325 1.2
      vertex 0.569402 2.12504 0
      vertex 0.707167 2.08325 0
    endloop
  endfacet
  facet normal -0.999465 -0.0327165 0
    outer loop
      vertex 2.2 0 0
      vertex 2.19529 0.143887 1.2
      vertex 2.19529 0.143887 0
    endloop
  endfacet
  facet normal -0.999465 -0.0327165 0
    outer loop
      vertex 2.19529 0.143887 1.2
      vertex 2.2 0 0
      vertex 2.2 0 1.2
    endloop
  endfacet
  facet normal -0.995185 -0.0980112 0
    outer loop
      vertex 2.19529 0.143887 0
      vertex 2.18118 0.287157 1.2
      vertex 2.18118 0.287157 0
    endloop
  endfacet
  facet normal -0.995185 -0.0980112 0
    outer loop
      vertex 2.18118 0.287157 1.2
      vertex 2.19529 0.143887 0
      vertex 2.19529 0.143887 1.2
    endloop
  endfacet
  facet normal -0.973878 -0.22707 0
    outer loop
      vertex 2.15773 0.429198 0
      vertex 2.12504 0.569402 1.2
      vertex 2.12504 0.569402 0
    endloop
  endfacet
  facet normal -0.973878 -0.22707 0
    outer loop
      vertex 2.12504 0.569402 1.2
      vertex 2.15773 0.429198 0
      vertex 2.15773 0.429198 1.2
    endloop
  endfacet
  facet normal -0.773022 0.634379 0
    outer loop
      vertex 1.65405 -1.45056 0
      vertex 1.74538 -1.33927 1.2
      vertex 1.74538 -1.33927 0
    endloop
  endfacet
  facet normal -0.773022 0.634379 0
    outer loop
      vertex 1.74538 -1.33927 1.2
      vertex 1.65405 -1.45056 0
      vertex 1.65405 -1.45056 1.2
    endloop
  endfacet
  facet normal -0.812864 -0.582453 0
    outer loop
      vertex 1.82923 1.22225 0
      vertex 1.74538 1.33927 1.2
      vertex 1.74538 1.33927 0
    endloop
  endfacet
  facet normal -0.812864 -0.582453 0
    outer loop
      vertex 1.74538 1.33927 1.2
      vertex 1.82923 1.22225 0
      vertex 1.82923 1.22225 1.2
    endloop
  endfacet
  facet normal 0.683634 -0.729825 0
    outer loop
      vertex -1.55563 1.55563 0
      vertex -1.45056 1.65405 1.2
      vertex -1.55563 1.55563 1.2
    endloop
  endfacet
  facet normal 0.683634 -0.729825 0
    outer loop
      vertex -1.45056 1.65405 1.2
      vertex -1.55563 1.55563 0
      vertex -1.45056 1.65405 0
    endloop
  endfacet
  facet normal -0.956941 -0.290281 0
    outer loop
      vertex 2.12504 0.569402 0
      vertex 2.08325 0.707167 1.2
      vertex 2.08325 0.707167 0
    endloop
  endfacet
  facet normal -0.956941 -0.290281 0
    outer loop
      vertex 2.08325 0.707167 1.2
      vertex 2.12504 0.569402 0
      vertex 2.12504 0.569402 1.2
    endloop
  endfacet
  facet normal -0.412677 -0.910877 0
    outer loop
      vertex 0.841903 2.03253 0
      vertex 0.973035 1.97312 1.2
      vertex 0.841903 2.03253 1.2
    endloop
  endfacet
  facet normal -0.412677 -0.910877 -0
    outer loop
      vertex 0.973035 1.97312 1.2
      vertex 0.841903 2.03253 0
      vertex 0.973035 1.97312 0
    endloop
  endfacet
  facet normal -0.729825 0.683634 0
    outer loop
      vertex 1.55563 -1.55563 0
      vertex 1.65405 -1.45056 1.2
      vertex 1.65405 -1.45056 0
    endloop
  endfacet
  facet normal -0.729825 0.683634 0
    outer loop
      vertex 1.65405 -1.45056 1.2
      vertex 1.55563 -1.55563 0
      vertex 1.55563 -1.55563 1.2
    endloop
  endfacet
  facet normal 0.773022 -0.634379 0
    outer loop
      vertex -1.74538 1.33927 1.2
      vertex -1.65405 1.45056 0
      vertex -1.65405 1.45056 1.2
    endloop
  endfacet
  facet normal 0.773022 -0.634379 0
    outer loop
      vertex -1.65405 1.45056 0
      vertex -1.74538 1.33927 1.2
      vertex -1.74538 1.33927 0
    endloop
  endfacet
  facet normal 0.528118 0.849171 -0
    outer loop
      vertex -1.1 -1.90526 0
      vertex -1.22225 -1.82923 1.2
      vertex -1.1 -1.90526 1.2
    endloop
  endfacet
  facet normal 0.528118 0.849171 0
    outer loop
      vertex -1.22225 -1.82923 1.2
      vertex -1.1 -1.90526 0
      vertex -1.22225 -1.82923 0
    endloop
  endfacet
  facet normal 0.956941 0.290281 0
    outer loop
      vertex -2.08325 -0.707167 1.2
      vertex -2.12504 -0.569402 0
      vertex -2.12504 -0.569402 1.2
    endloop
  endfacet
  facet normal 0.956941 0.290281 0
    outer loop
      vertex -2.12504 -0.569402 0
      vertex -2.08325 -0.707167 1.2
      vertex -2.08325 -0.707167 0
    endloop
  endfacet
  facet normal 0.683634 0.729825 -0
    outer loop
      vertex -1.45056 -1.65405 0
      vertex -1.55563 -1.55563 1.2
      vertex -1.45056 -1.65405 1.2
    endloop
  endfacet
  facet normal 0.683634 0.729825 0
    outer loop
      vertex -1.55563 -1.55563 1.2
      vertex -1.45056 -1.65405 0
      vertex -1.55563 -1.55563 0
    endloop
  endfacet
  facet normal -0.352305 0.935885 0
    outer loop
      vertex 0.841903 -2.03253 0
      vertex 0.707167 -2.08325 1.2
      vertex 0.841903 -2.03253 1.2
    endloop
  endfacet
  facet normal -0.352305 0.935885 0
    outer loop
      vertex 0.707167 -2.08325 1.2
      vertex 0.841903 -2.03253 0
      vertex 0.707167 -2.08325 0
    endloop
  endfacet
  facet normal -0.935885 -0.352305 0
    outer loop
      vertex 2.08325 0.707167 0
      vertex 2.03253 0.841903 1.2
      vertex 2.03253 0.841903 0
    endloop
  endfacet
  facet normal -0.935885 -0.352305 0
    outer loop
      vertex 2.03253 0.841903 1.2
      vertex 2.08325 0.707167 0
      vertex 2.08325 0.707167 1.2
    endloop
  endfacet
  facet normal 0.973878 -0.22707 0
    outer loop
      vertex -2.15773 0.429198 1.2
      vertex -2.12504 0.569402 0
      vertex -2.12504 0.569402 1.2
    endloop
  endfacet
  facet normal 0.973878 -0.22707 0
    outer loop
      vertex -2.12504 0.569402 0
      vertex -2.15773 0.429198 1.2
      vertex -2.15773 0.429198 0
    endloop
  endfacet
  facet normal 0.935885 -0.352305 0
    outer loop
      vertex -2.08325 0.707167 1.2
      vertex -2.03253 0.841903 0
      vertex -2.03253 0.841903 1.2
    endloop
  endfacet
  facet normal 0.935885 -0.352305 0
    outer loop
      vertex -2.03253 0.841903 0
      vertex -2.08325 0.707167 1.2
      vertex -2.08325 0.707167 0
    endloop
  endfacet
  facet normal 0.999465 -0.0327165 0
    outer loop
      vertex -2.2 0 1.2
      vertex -2.19529 0.143887 0
      vertex -2.19529 0.143887 1.2
    endloop
  endfacet
  facet normal 0.999465 -0.0327165 0
    outer loop
      vertex -2.19529 0.143887 0
      vertex -2.2 0 1.2
      vertex -2.2 0 0
    endloop
  endfacet
  facet normal -0.849171 -0.528118 0
    outer loop
      vertex 1.90526 1.1 0
      vertex 1.82923 1.22225 1.2
      vertex 1.82923 1.22225 0
    endloop
  endfacet
  facet normal -0.849171 -0.528118 0
    outer loop
      vertex 1.82923 1.22225 1.2
      vertex 1.90526 1.1 0
      vertex 1.90526 1.1 1.2
    endloop
  endfacet
  facet normal -0.634379 -0.773022 0
    outer loop
      vertex 1.33927 1.74538 0
      vertex 1.45056 1.65405 1.2
      vertex 1.33927 1.74538 1.2
    endloop
  endfacet
  facet normal -0.634379 -0.773022 -0
    outer loop
      vertex 1.45056 1.65405 1.2
      vertex 1.33927 1.74538 0
      vertex 1.45056 1.65405 0
    endloop
  endfacet
  facet normal 0.729825 0.683634 0
    outer loop
      vertex -1.55563 -1.55563 1.2
      vertex -1.65405 -1.45056 0
      vertex -1.65405 -1.45056 1.2
    endloop
  endfacet
  facet normal 0.729825 0.683634 0
    outer loop
      vertex -1.65405 -1.45056 0
      vertex -1.55563 -1.55563 1.2
      vertex -1.55563 -1.55563 0
    endloop
  endfacet
  facet normal -0.986645 0.162888 0
    outer loop
      vertex 2.15773 -0.429198 0
      vertex 2.18118 -0.287157 1.2
      vertex 2.18118 -0.287157 0
    endloop
  endfacet
  facet normal -0.986645 0.162888 0
    outer loop
      vertex 2.18118 -0.287157 1.2
      vertex 2.15773 -0.429198 0
      vertex 2.15773 -0.429198 1.2
    endloop
  endfacet
  facet normal -0.634379 0.773022 0
    outer loop
      vertex 1.45056 -1.65405 0
      vertex 1.33927 -1.74538 1.2
      vertex 1.45056 -1.65405 1.2
    endloop
  endfacet
  facet normal -0.634379 0.773022 0
    outer loop
      vertex 1.33927 -1.74538 1.2
      vertex 1.45056 -1.65405 0
      vertex 1.33927 -1.74538 0
    endloop
  endfacet
  facet normal -0.352305 -0.935885 0
    outer loop
      vertex 0.707167 2.08325 0
      vertex 0.841903 2.03253 1.2
      vertex 0.707167 2.08325 1.2
    endloop
  endfacet
  facet normal -0.352305 -0.935885 -0
    outer loop
      vertex 0.841903 2.03253 1.2
      vertex 0.707167 2.08325 0
      vertex 0.841903 2.03253 0
    endloop
  endfacet
  facet normal 0.0980112 -0.995185 0
    outer loop
      vertex -0.287157 2.18118 0
      vertex -0.143887 2.19529 1.2
      vertex -0.287157 2.18118 1.2
    endloop
  endfacet
  facet normal 0.0980112 -0.995185 0
    outer loop
      vertex -0.143887 2.19529 1.2
      vertex -0.287157 2.18118 0
      vertex -0.143887 2.19529 0
    endloop
  endfacet
  facet normal 0.849171 -0.528118 0
    outer loop
      vertex -1.90526 1.1 1.2
      vertex -1.82923 1.22225 0
      vertex -1.82923 1.22225 1.2
    endloop
  endfacet
  facet normal 0.849171 -0.528118 0
    outer loop
      vertex -1.82923 1.22225 0
      vertex -1.90526 1.1 1.2
      vertex -1.90526 1.1 0
    endloop
  endfacet
  facet normal -0.995185 0.0980112 0
    outer loop
      vertex 2.18118 -0.287157 0
      vertex 2.19529 -0.143887 1.2
      vertex 2.19529 -0.143887 0
    endloop
  endfacet
  facet normal -0.995185 0.0980112 0
    outer loop
      vertex 2.19529 -0.143887 1.2
      vertex 2.18118 -0.287157 0
      vertex 2.18118 -0.287157 1.2
    endloop
  endfacet
  facet normal 0.634379 0.773022 -0
    outer loop
      vertex -1.33927 -1.74538 0
      vertex -1.45056 -1.65405 1.2
      vertex -1.33927 -1.74538 1.2
    endloop
  endfacet
  facet normal 0.634379 0.773022 0
    outer loop
      vertex -1.45056 -1.65405 1.2
      vertex -1.33927 -1.74538 0
      vertex -1.45056 -1.65405 0
    endloop
  endfacet
  facet normal 0.881933 0.471374 0
    outer loop
      vertex -1.90526 -1.1 1.2
      vertex -1.97312 -0.973035 0
      vertex -1.97312 -0.973035 1.2
    endloop
  endfacet
  facet normal 0.881933 0.471374 0
    outer loop
      vertex -1.97312 -0.973035 0
      vertex -1.90526 -1.1 1.2
      vertex -1.90526 -1.1 0
    endloop
  endfacet
  facet normal 0.773022 0.634379 0
    outer loop
      vertex -1.65405 -1.45056 1.2
      vertex -1.74538 -1.33927 0
      vertex -1.74538 -1.33927 1.2
    endloop
  endfacet
  facet normal 0.773022 0.634379 0
    outer loop
      vertex -1.74538 -1.33927 0
      vertex -1.65405 -1.45056 1.2
      vertex -1.65405 -1.45056 0
    endloop
  endfacet
  facet normal -0.22707 0.973878 0
    outer loop
      vertex 0.569402 -2.12504 0
      vertex 0.429198 -2.15773 1.2
      vertex 0.569402 -2.12504 1.2
    endloop
  endfacet
  facet normal -0.22707 0.973878 0
    outer loop
      vertex 0.429198 -2.15773 1.2
      vertex 0.569402 -2.12504 0
      vertex 0.429198 -2.15773 0
    endloop
  endfacet
  facet normal -0.683634 0.729825 0
    outer loop
      vertex 1.55563 -1.55563 0
      vertex 1.45056 -1.65405 1.2
      vertex 1.55563 -1.55563 1.2
    endloop
  endfacet
  facet normal -0.683634 0.729825 0
    outer loop
      vertex 1.45056 -1.65405 1.2
      vertex 1.55563 -1.55563 0
      vertex 1.45056 -1.65405 0
    endloop
  endfacet
  facet normal -0.471374 -0.881933 0
    outer loop
      vertex 0.973035 1.97312 0
      vertex 1.1 1.90526 1.2
      vertex 0.973035 1.97312 1.2
    endloop
  endfacet
  facet normal -0.471374 -0.881933 -0
    outer loop
      vertex 1.1 1.90526 1.2
      vertex 0.973035 1.97312 0
      vertex 1.1 1.90526 0
    endloop
  endfacet
  facet normal -0.999465 0.0327165 0
    outer loop
      vertex 2.19529 -0.143887 0
      vertex 2.2 0 1.2
      vertex 2.2 0 0
    endloop
  endfacet
  facet normal -0.999465 0.0327165 0
    outer loop
      vertex 2.2 0 1.2
      vertex 2.19529 -0.143887 0
      vertex 2.19529 -0.143887 1.2
    endloop
  endfacet
  facet normal 0.471374 -0.881933 0
    outer loop
      vertex -1.1 1.90526 0
      vertex -0.973035 1.97312 1.2
      vertex -1.1 1.90526 1.2
    endloop
  endfacet
  facet normal 0.471374 -0.881933 0
    outer loop
      vertex -0.973035 1.97312 1.2
      vertex -1.1 1.90526 0
      vertex -0.973035 1.97312 0
    endloop
  endfacet
  facet normal -0.973878 0.22707 0
    outer loop
      vertex 2.12504 -0.569402 0
      vertex 2.15773 -0.429198 1.2
      vertex 2.15773 -0.429198 0
    endloop
  endfacet
  facet normal -0.973878 0.22707 0
    outer loop
      vertex 2.15773 -0.429198 1.2
      vertex 2.12504 -0.569402 0
      vertex 2.12504 -0.569402 1.2
    endloop
  endfacet
  facet normal 0.162888 -0.986645 0
    outer loop
      vertex -0.429198 2.15773 0
      vertex -0.287157 2.18118 1.2
      vertex -0.429198 2.15773 1.2
    endloop
  endfacet
  facet normal 0.162888 -0.986645 0
    outer loop
      vertex -0.287157 2.18118 1.2
      vertex -0.429198 2.15773 0
      vertex -0.287157 2.18118 0
    endloop
  endfacet
  facet normal -0.22707 -0.973878 0
    outer loop
      vertex 0.429198 2.15773 0
      vertex 0.569402 2.12504 1.2
      vertex 0.429198 2.15773 1.2
    endloop
  endfacet
  facet normal -0.22707 -0.973878 -0
    outer loop
      vertex 0.569402 2.12504 1.2
      vertex 0.429198 2.15773 0
      vertex 0.569402 2.12504 0
    endloop
  endfacet
  facet normal 0.412677 0.910877 -0
    outer loop
      vertex -0.841903 -2.03253 0
      vertex -0.973035 -1.97312 1.2
      vertex -0.841903 -2.03253 1.2
    endloop
  endfacet
  facet normal 0.412677 0.910877 0
    outer loop
      vertex -0.973035 -1.97312 1.2
      vertex -0.841903 -2.03253 0
      vertex -0.973035 -1.97312 0
    endloop
  endfacet
  facet normal -0.162888 0.986645 0
    outer loop
      vertex 0.429198 -2.15773 0
      vertex 0.287157 -2.18118 1.2
      vertex 0.429198 -2.15773 1.2
    endloop
  endfacet
  facet normal -0.162888 0.986645 0
    outer loop
      vertex 0.287157 -2.18118 1.2
      vertex 0.429198 -2.15773 0
      vertex 0.287157 -2.18118 0
    endloop
  endfacet
  facet normal -0.729825 -0.683634 0
    outer loop
      vertex 1.65405 1.45056 0
      vertex 1.55563 1.55563 1.2
      vertex 1.55563 1.55563 0
    endloop
  endfacet
  facet normal -0.729825 -0.683634 0
    outer loop
      vertex 1.55563 1.55563 1.2
      vertex 1.65405 1.45056 0
      vertex 1.65405 1.45056 1.2
    endloop
  endfacet
  facet normal 0.290281 -0.956941 0
    outer loop
      vertex -0.707167 2.08325 0
      vertex -0.569402 2.12504 1.2
      vertex -0.707167 2.08325 1.2
    endloop
  endfacet
  facet normal 0.290281 -0.956941 0
    outer loop
      vertex -0.569402 2.12504 1.2
      vertex -0.707167 2.08325 0
      vertex -0.569402 2.12504 0
    endloop
  endfacet
  facet normal -0.528118 -0.849171 0
    outer loop
      vertex 1.1 1.90526 0
      vertex 1.22225 1.82923 1.2
      vertex 1.1 1.90526 1.2
    endloop
  endfacet
  facet normal -0.528118 -0.849171 -0
    outer loop
      vertex 1.22225 1.82923 1.2
      vertex 1.1 1.90526 0
      vertex 1.22225 1.82923 0
    endloop
  endfacet
  facet normal 0.634379 -0.773022 0
    outer loop
      vertex -1.45056 1.65405 0
      vertex -1.33927 1.74538 1.2
      vertex -1.45056 1.65405 1.2
    endloop
  endfacet
  facet normal 0.634379 -0.773022 0
    outer loop
      vertex -1.33927 1.74538 1.2
      vertex -1.45056 1.65405 0
      vertex -1.33927 1.74538 0
    endloop
  endfacet
  facet normal 0.22707 0.973878 -0
    outer loop
      vertex -0.429198 -2.15773 0
      vertex -0.569402 -2.12504 1.2
      vertex -0.429198 -2.15773 1.2
    endloop
  endfacet
  facet normal 0.22707 0.973878 0
    outer loop
      vertex -0.569402 -2.12504 1.2
      vertex -0.429198 -2.15773 0
      vertex -0.569402 -2.12504 0
    endloop
  endfacet
  facet normal 0.956941 -0.290281 0
    outer loop
      vertex -2.12504 0.569402 1.2
      vertex -2.08325 0.707167 0
      vertex -2.08325 0.707167 1.2
    endloop
  endfacet
  facet normal 0.956941 -0.290281 0
    outer loop
      vertex -2.08325 0.707167 0
      vertex -2.12504 0.569402 1.2
      vertex -2.12504 0.569402 0
    endloop
  endfacet
  facet normal 0.729825 -0.683634 0
    outer loop
      vertex -1.65405 1.45056 1.2
      vertex -1.55563 1.55563 0
      vertex -1.55563 1.55563 1.2
    endloop
  endfacet
  facet normal 0.729825 -0.683634 0
    outer loop
      vertex -1.55563 1.55563 0
      vertex -1.65405 1.45056 1.2
      vertex -1.65405 1.45056 0
    endloop
  endfacet
  facet normal 0.995185 0.0980112 0
    outer loop
      vertex -2.18118 -0.287157 1.2
      vertex -2.19529 -0.143887 0
      vertex -2.19529 -0.143887 1.2
    endloop
  endfacet
  facet normal 0.995185 0.0980112 0
    outer loop
      vertex -2.19529 -0.143887 0
      vertex -2.18118 -0.287157 1.2
      vertex -2.18118 -0.287157 0
    endloop
  endfacet
  facet normal 0.986645 0.162888 0
    outer loop
      vertex -2.15773 -0.429198 1.2
      vertex -2.18118 -0.287157 0
      vertex -2.18118 -0.287157 1.2
    endloop
  endfacet
  facet normal 0.986645 0.162888 0
    outer loop
      vertex -2.18118 -0.287157 0
      vertex -2.15773 -0.429198 1.2
      vertex -2.15773 -0.429198 0
    endloop
  endfacet
  facet normal 0.22707 -0.973878 0
    outer loop
      vertex -0.569402 2.12504 0
      vertex -0.429198 2.15773 1.2
      vertex -0.569402 2.12504 1.2
    endloop
  endfacet
  facet normal 0.22707 -0.973878 0
    outer loop
      vertex -0.429198 2.15773 1.2
      vertex -0.569402 2.12504 0
      vertex -0.429198 2.15773 0
    endloop
  endfacet
  facet normal -0.0980112 -0.995185 0
    outer loop
      vertex 0.143887 2.19529 0
      vertex 0.287157 2.18118 1.2
      vertex 0.143887 2.19529 1.2
    endloop
  endfacet
  facet normal -0.0980112 -0.995185 -0
    outer loop
      vertex 0.287157 2.18118 1.2
      vertex 0.143887 2.19529 0
      vertex 0.287157 2.18118 0
    endloop
  endfacet
  facet normal 0.986645 -0.162888 0
    outer loop
      vertex -2.18118 0.287157 1.2
      vertex -2.15773 0.429198 0
      vertex -2.15773 0.429198 1.2
    endloop
  endfacet
  facet normal 0.986645 -0.162888 0
    outer loop
      vertex -2.15773 0.429198 0
      vertex -2.18118 0.287157 1.2
      vertex -2.18118 0.287157 0
    endloop
  endfacet
  facet normal -0.0327165 -0.999465 0
    outer loop
      vertex 0 2.2 0
      vertex 0.143887 2.19529 1.2
      vertex 0 2.2 1.2
    endloop
  endfacet
  facet normal -0.0327165 -0.999465 -0
    outer loop
      vertex 0.143887 2.19529 1.2
      vertex 0 2.2 0
      vertex 0.143887 2.19529 0
    endloop
  endfacet
  facet normal -0.412677 0.910877 0
    outer loop
      vertex 0.973035 -1.97312 0
      vertex 0.841903 -2.03253 1.2
      vertex 0.973035 -1.97312 1.2
    endloop
  endfacet
  facet normal -0.412677 0.910877 0
    outer loop
      vertex 0.841903 -2.03253 1.2
      vertex 0.973035 -1.97312 0
      vertex 0.841903 -2.03253 0
    endloop
  endfacet
  facet normal 0.290281 0.956941 -0
    outer loop
      vertex -0.569402 -2.12504 0
      vertex -0.707167 -2.08325 1.2
      vertex -0.569402 -2.12504 1.2
    endloop
  endfacet
  facet normal 0.290281 0.956941 0
    outer loop
      vertex -0.707167 -2.08325 1.2
      vertex -0.569402 -2.12504 0
      vertex -0.707167 -2.08325 0
    endloop
  endfacet
  facet normal -0.0327165 0.999465 0
    outer loop
      vertex 0.143887 -2.19529 0
      vertex 0 -2.2 1.2
      vertex 0.143887 -2.19529 1.2
    endloop
  endfacet
  facet normal -0.0327165 0.999465 0
    outer loop
      vertex 0 -2.2 1.2
      vertex 0.143887 -2.19529 0
      vertex 0 -2.2 0
    endloop
  endfacet
  facet normal -0.0980112 0.995185 0
    outer loop
      vertex 0.287157 -2.18118 0
      vertex 0.143887 -2.19529 1.2
      vertex 0.287157 -2.18118 1.2
    endloop
  endfacet
  facet normal -0.0980112 0.995185 0
    outer loop
      vertex 0.143887 -2.19529 1.2
      vertex 0.287157 -2.18118 0
      vertex 0.143887 -2.19529 0
    endloop
  endfacet
  facet normal 0.352305 -0.935885 0
    outer loop
      vertex -0.841903 2.03253 0
      vertex -0.707167 2.08325 1.2
      vertex -0.841903 2.03253 1.2
    endloop
  endfacet
  facet normal 0.352305 -0.935885 0
    outer loop
      vertex -0.707167 2.08325 1.2
      vertex -0.841903 2.03253 0
      vertex -0.707167 2.08325 0
    endloop
  endfacet
  facet normal -0.773022 -0.634379 0
    outer loop
      vertex 1.74538 1.33927 0
      vertex 1.65405 1.45056 1.2
      vertex 1.65405 1.45056 0
    endloop
  endfacet
  facet normal -0.773022 -0.634379 0
    outer loop
      vertex 1.65405 1.45056 1.2
      vertex 1.74538 1.33927 0
      vertex 1.74538 1.33927 1.2
    endloop
  endfacet
  facet normal -0.582453 -0.812864 0
    outer loop
      vertex 1.22225 1.82923 0
      vertex 1.33927 1.74538 1.2
      vertex 1.22225 1.82923 1.2
    endloop
  endfacet
  facet normal -0.582453 -0.812864 -0
    outer loop
      vertex 1.33927 1.74538 1.2
      vertex 1.22225 1.82923 0
      vertex 1.33927 1.74538 0
    endloop
  endfacet
  facet normal 0.528118 -0.849171 0
    outer loop
      vertex -1.22225 1.82923 0
      vertex -1.1 1.90526 1.2
      vertex -1.22225 1.82923 1.2
    endloop
  endfacet
  facet normal 0.528118 -0.849171 0
    outer loop
      vertex -1.1 1.90526 1.2
      vertex -1.22225 1.82923 0
      vertex -1.1 1.90526 0
    endloop
  endfacet
  facet normal -0.683634 -0.729825 0
    outer loop
      vertex 1.45056 1.65405 0
      vertex 1.55563 1.55563 1.2
      vertex 1.45056 1.65405 1.2
    endloop
  endfacet
  facet normal -0.683634 -0.729825 -0
    outer loop
      vertex 1.55563 1.55563 1.2
      vertex 1.45056 1.65405 0
      vertex 1.55563 1.55563 0
    endloop
  endfacet
  facet normal 0.412677 -0.910877 0
    outer loop
      vertex -0.973035 1.97312 0
      vertex -0.841903 2.03253 1.2
      vertex -0.973035 1.97312 1.2
    endloop
  endfacet
  facet normal 0.412677 -0.910877 0
    outer loop
      vertex -0.841903 2.03253 1.2
      vertex -0.973035 1.97312 0
      vertex -0.841903 2.03253 0
    endloop
  endfacet
  facet normal -0.471374 0.881933 0
    outer loop
      vertex 1.1 -1.90526 0
      vertex 0.973035 -1.97312 1.2
      vertex 1.1 -1.90526 1.2
    endloop
  endfacet
  facet normal -0.471374 0.881933 0
    outer loop
      vertex 0.973035 -1.97312 1.2
      vertex 1.1 -1.90526 0
      vertex 0.973035 -1.97312 0
    endloop
  endfacet
  facet normal -0.881933 0.471374 0
    outer loop
      vertex 1.90526 -1.1 0
      vertex 1.97312 -0.973035 1.2
      vertex 1.97312 -0.973035 0
    endloop
  endfacet
  facet normal -0.881933 0.471374 0
    outer loop
      vertex 1.97312 -0.973035 1.2
      vertex 1.90526 -1.1 0
      vertex 1.90526 -1.1 1.2
    endloop
  endfacet
  facet normal 0.0327165 -0.999465 0
    outer loop
      vertex -0.143887 2.19529 0
      vertex 0 2.2 1.2
      vertex -0.143887 2.19529 1.2
    endloop
  endfacet
  facet normal 0.0327165 -0.999465 0
    outer loop
      vertex 0 2.2 1.2
      vertex -0.143887 2.19529 0
      vertex 0 2.2 0
    endloop
  endfacet
  facet normal 0.881933 -0.471374 0
    outer loop
      vertex -1.97312 0.973035 1.2
      vertex -1.90526 1.1 0
      vertex -1.90526 1.1 1.2
    endloop
  endfacet
  facet normal 0.881933 -0.471374 0
    outer loop
      vertex -1.90526 1.1 0
      vertex -1.97312 0.973035 1.2
      vertex -1.97312 0.973035 0
    endloop
  endfacet
  facet normal -0.528118 0.849171 0
    outer loop
      vertex 1.22225 -1.82923 0
      vertex 1.1 -1.90526 1.2
      vertex 1.22225 -1.82923 1.2
    endloop
  endfacet
  facet normal -0.528118 0.849171 0
    outer loop
      vertex 1.1 -1.90526 1.2
      vertex 1.22225 -1.82923 0
      vertex 1.1 -1.90526 0
    endloop
  endfacet
  facet normal 0.352305 0.935885 -0
    outer loop
      vertex -0.707167 -2.08325 0
      vertex -0.841903 -2.03253 1.2
      vertex -0.707167 -2.08325 1.2
    endloop
  endfacet
  facet normal 0.352305 0.935885 0
    outer loop
      vertex -0.841903 -2.03253 1.2
      vertex -0.707167 -2.08325 0
      vertex -0.841903 -2.03253 0
    endloop
  endfacet
  facet normal -0.162888 -0.986645 0
    outer loop
      vertex 0.287157 2.18118 0
      vertex 0.429198 2.15773 1.2
      vertex 0.287157 2.18118 1.2
    endloop
  endfacet
  facet normal -0.162888 -0.986645 -0
    outer loop
      vertex 0.429198 2.15773 1.2
      vertex 0.287157 2.18118 0
      vertex 0.429198 2.15773 0
    endloop
  endfacet
  facet normal 0.910877 -0.412677 0
    outer loop
      vertex -2.03253 0.841903 1.2
      vertex -1.97312 0.973035 0
      vertex -1.97312 0.973035 1.2
    endloop
  endfacet
  facet normal 0.910877 -0.412677 0
    outer loop
      vertex -1.97312 0.973035 0
      vertex -2.03253 0.841903 1.2
      vertex -2.03253 0.841903 0
    endloop
  endfacet
  facet normal 0.935885 0.352305 0
    outer loop
      vertex -2.03253 -0.841903 1.2
      vertex -2.08325 -0.707167 0
      vertex -2.08325 -0.707167 1.2
    endloop
  endfacet
  facet normal 0.935885 0.352305 0
    outer loop
      vertex -2.08325 -0.707167 0
      vertex -2.03253 -0.841903 1.2
      vertex -2.03253 -0.841903 0
    endloop
  endfacet
  facet normal 0.910877 0.412677 0
    outer loop
      vertex -1.97312 -0.973035 1.2
      vertex -2.03253 -0.841903 0
      vertex -2.03253 -0.841903 1.2
    endloop
  endfacet
  facet normal 0.910877 0.412677 0
    outer loop
      vertex -2.03253 -0.841903 0
      vertex -1.97312 -0.973035 1.2
      vertex -1.97312 -0.973035 0
    endloop
  endfacet
  facet normal 0.999465 0.0327165 0
    outer loop
      vertex -2.19529 -0.143887 1.2
      vertex -2.2 0 0
      vertex -2.2 0 1.2
    endloop
  endfacet
  facet normal 0.999465 0.0327165 0
    outer loop
      vertex -2.2 0 0
      vertex -2.19529 -0.143887 1.2
      vertex -2.19529 -0.143887 0
    endloop
  endfacet
  facet normal -0.935885 0.352305 0
    outer loop
      vertex 2.03253 -0.841903 0
      vertex 2.08325 -0.707167 1.2
      vertex 2.08325 -0.707167 0
    endloop
  endfacet
  facet normal -0.935885 0.352305 0
    outer loop
      vertex 2.08325 -0.707167 1.2
      vertex 2.03253 -0.841903 0
      vertex 2.03253 -0.841903 1.2
    endloop
  endfacet
  facet normal 0.812864 0.582453 0
    outer loop
      vertex -1.74538 -1.33927 1.2
      vertex -1.82923 -1.22225 0
      vertex -1.82923 -1.22225 1.2
    endloop
  endfacet
  facet normal 0.812864 0.582453 0
    outer loop
      vertex -1.82923 -1.22225 0
      vertex -1.74538 -1.33927 1.2
      vertex -1.74538 -1.33927 0
    endloop
  endfacet
  facet normal 0.849171 0.528118 0
    outer loop
      vertex -1.82923 -1.22225 1.2
      vertex -1.90526 -1.1 0
      vertex -1.90526 -1.1 1.2
    endloop
  endfacet
  facet normal 0.849171 0.528118 0
    outer loop
      vertex -1.90526 -1.1 0
      vertex -1.82923 -1.22225 1.2
      vertex -1.82923 -1.22225 0
    endloop
  endfacet
  facet normal -0.290281 0.956941 0
    outer loop
      vertex 0.707167 -2.08325 0
      vertex 0.569402 -2.12504 1.2
      vertex 0.707167 -2.08325 1.2
    endloop
  endfacet
  facet normal -0.290281 0.956941 0
    outer loop
      vertex 0.569402 -2.12504 1.2
      vertex 0.707167 -2.08325 0
      vertex 0.569402 -2.12504 0
    endloop
  endfacet
  facet normal 0.973878 0.22707 0
    outer loop
      vertex -2.12504 -0.569402 1.2
      vertex -2.15773 -0.429198 0
      vertex -2.15773 -0.429198 1.2
    endloop
  endfacet
  facet normal 0.973878 0.22707 0
    outer loop
      vertex -2.15773 -0.429198 0
      vertex -2.12504 -0.569402 1.2
      vertex -2.12504 -0.569402 0
    endloop
  endfacet
  facet normal 0.471374 0.881933 -0
    outer loop
      vertex -0.973035 -1.97312 0
      vertex -1.1 -1.90526 1.2
      vertex -0.973035 -1.97312 1.2
    endloop
  endfacet
  facet normal 0.471374 0.881933 0
    outer loop
      vertex -1.1 -1.90526 1.2
      vertex -0.973035 -1.97312 0
      vertex -1.1 -1.90526 0
    endloop
  endfacet
  facet normal -0.910877 -0.412677 0
    outer loop
      vertex 2.03253 0.841903 0
      vertex 1.97312 0.973035 1.2
      vertex 1.97312 0.973035 0
    endloop
  endfacet
  facet normal -0.910877 -0.412677 0
    outer loop
      vertex 1.97312 0.973035 1.2
      vertex 2.03253 0.841903 0
      vertex 2.03253 0.841903 1.2
    endloop
  endfacet
  facet normal 0.0980112 0.995185 -0
    outer loop
      vertex -0.143887 -2.19529 0
      vertex -0.287157 -2.18118 1.2
      vertex -0.143887 -2.19529 1.2
    endloop
  endfacet
  facet normal 0.0980112 0.995185 0
    outer loop
      vertex -0.287157 -2.18118 1.2
      vertex -0.143887 -2.19529 0
      vertex -0.287157 -2.18118 0
    endloop
  endfacet
  facet normal 0.582453 -0.812864 0
    outer loop
      vertex -1.33927 1.74538 0
      vertex -1.22225 1.82923 1.2
      vertex -1.33927 1.74538 1.2
    endloop
  endfacet
  facet normal 0.582453 -0.812864 0
    outer loop
      vertex -1.22225 1.82923 1.2
      vertex -1.33927 1.74538 0
      vertex -1.22225 1.82923 0
    endloop
  endfacet
  facet normal -0.582453 0.812864 0
    outer loop
      vertex 1.33927 -1.74538 0
      vertex 1.22225 -1.82923 1.2
      vertex 1.33927 -1.74538 1.2
    endloop
  endfacet
  facet normal -0.582453 0.812864 0
    outer loop
      vertex 1.22225 -1.82923 1.2
      vertex 1.33927 -1.74538 0
      vertex 1.22225 -1.82923 0
    endloop
  endfacet
  facet normal 0.995185 -0.0980112 0
    outer loop
      vertex -2.19529 0.143887 1.2
      vertex -2.18118 0.287157 0
      vertex -2.18118 0.287157 1.2
    endloop
  endfacet
  facet normal 0.995185 -0.0980112 0
    outer loop
      vertex -2.18118 0.287157 0
      vertex -2.19529 0.143887 1.2
      vertex -2.19529 0.143887 0
    endloop
  endfacet
  facet normal -0.849171 0.528118 0
    outer loop
      vertex 1.82923 -1.22225 0
      vertex 1.90526 -1.1 1.2
      vertex 1.90526 -1.1 0
    endloop
  endfacet
  facet normal -0.849171 0.528118 0
    outer loop
      vertex 1.90526 -1.1 1.2
      vertex 1.82923 -1.22225 0
      vertex 1.82923 -1.22225 1.2
    endloop
  endfacet
  facet normal -0.812864 0.582453 0
    outer loop
      vertex 1.74538 -1.33927 0
      vertex 1.82923 -1.22225 1.2
      vertex 1.82923 -1.22225 0
    endloop
  endfacet
  facet normal -0.812864 0.582453 0
    outer loop
      vertex 1.82923 -1.22225 1.2
      vertex 1.74538 -1.33927 0
      vertex 1.74538 -1.33927 1.2
    endloop
  endfacet
  facet normal 0.812864 -0.582453 0
    outer loop
      vertex -1.82923 1.22225 1.2
      vertex -1.74538 1.33927 0
      vertex -1.74538 1.33927 1.2
    endloop
  endfacet
  facet normal 0.812864 -0.582453 0
    outer loop
      vertex -1.74538 1.33927 0
      vertex -1.82923 1.22225 1.2
      vertex -1.82923 1.22225 0
    endloop
  endfacet
endsolid OpenSCAD_Model
