solid OpenSCAD_Model
  facet normal -0.47134 -0.881952 0
    outer loop
      vertex -9.49137 4.5314 0
      vertex -9.425 4.49593 1.8
      vertex -9.49137 4.5314 1.8
    endloop
  endfacet
  facet normal -0.47134 -0.881952 -0
    outer loop
      vertex -9.425 4.49593 1.8
      vertex -9.49137 4.5314 0
      vertex -9.425 4.49593 0
    endloop
  endfacet
  facet normal 0.881786 0.47165 0
    outer loop
      vertex -10.9959 2.925 1.8
      vertex -11.0314 2.99137 0
      vertex -11.0314 2.99137 1.8
    endloop
  endfacet
  facet normal 0.881786 0.47165 0
    outer loop
      vertex -11.0314 2.99137 0
      vertex -10.9959 2.925 1.8
      vertex -10.9959 2.925 0
    endloop
  endfacet
  facet normal -0.99518 -0.0980695 0
    outer loop
      vertex -8.85246 3.57521 0
      vertex -8.85984 3.6501 1.8
      vertex -8.85984 3.6501 0
    endloop
  endfacet
  facet normal -0.99518 -0.0980695 0
    outer loop
      vertex -8.85984 3.6501 1.8
      vertex -8.85246 3.57521 0
      vertex -8.85246 3.57521 1.8
    endloop
  endfacet
  facet normal -0.999466 -0.0326909 0
    outer loop
      vertex -8.85 3.5 0
      vertex -8.85246 3.57521 1.8
      vertex -8.85246 3.57521 0
    endloop
  endfacet
  facet normal -0.999466 -0.0326909 0
    outer loop
      vertex -8.85246 3.57521 1.8
      vertex -8.85 3.5 0
      vertex -8.85 3.5 1.8
    endloop
  endfacet
  facet normal -0.986641 -0.162912 0
    outer loop
      vertex -8.85984 3.6501 0
      vertex -8.8721 3.72435 1.8
      vertex -8.8721 3.72435 0
    endloop
  endfacet
  facet normal -0.986641 -0.162912 0
    outer loop
      vertex -8.8721 3.72435 1.8
      vertex -8.85984 3.6501 0
      vertex -8.85984 3.6501 1.8
    endloop
  endfacet
  facet normal -0.973903 -0.226965 0
    outer loop
      vertex -8.8721 3.72435 0
      vertex -8.88918 3.79764 1.8
      vertex -8.88918 3.79764 0
    endloop
  endfacet
  facet normal -0.973903 -0.226965 0
    outer loop
      vertex -8.88918 3.79764 1.8
      vertex -8.8721 3.72435 0
      vertex -8.8721 3.72435 1.8
    endloop
  endfacet
  facet normal 0.634859 -0.772628 0
    outer loop
      vertex -10.7582 4.36462 0
      vertex -10.7001 4.41236 1.8
      vertex -10.7582 4.36462 1.8
    endloop
  endfacet
  facet normal 0.634859 -0.772628 0
    outer loop
      vertex -10.7001 4.41236 1.8
      vertex -10.7582 4.36462 0
      vertex -10.7001 4.41236 0
    endloop
  endfacet
  facet normal -0.729786 0.683676 0
    outer loop
      vertex -9.18683 2.68683 0
      vertex -9.13538 2.74175 1.8
      vertex -9.13538 2.74175 0
    endloop
  endfacet
  facet normal -0.729786 0.683676 0
    outer loop
      vertex -9.13538 2.74175 1.8
      vertex -9.18683 2.68683 0
      vertex -9.18683 2.68683 1.8
    endloop
  endfacet
  facet normal 0.0326953 0.999465 -0
    outer loop
      vertex -10 2.35 0
      vertex -10.0752 2.35246 1.8
      vertex -10 2.35 1.8
    endloop
  endfacet
  facet normal 0.0326953 0.999465 0
    outer loop
      vertex -10.0752 2.35246 1.8
      vertex -10 2.35 0
      vertex -10.0752 2.35246 0
    endloop
  endfacet
  facet normal -0.352274 0.935897 0
    outer loop
      vertex -9.55991 2.43754 0
      vertex -9.63034 2.41103 1.8
      vertex -9.55991 2.43754 1.8
    endloop
  endfacet
  facet normal -0.352274 0.935897 0
    outer loop
      vertex -9.63034 2.41103 1.8
      vertex -9.55991 2.43754 0
      vertex -9.63034 2.41103 0
    endloop
  endfacet
  facet normal -0.935914 -0.35223 0
    outer loop
      vertex -8.91103 3.86965 0
      vertex -8.93754 3.94009 1.8
      vertex -8.93754 3.94009 0
    endloop
  endfacet
  facet normal -0.935914 -0.35223 0
    outer loop
      vertex -8.93754 3.94009 1.8
      vertex -8.91103 3.86965 0
      vertex -8.91103 3.86965 1.8
    endloop
  endfacet
  facet normal 0.730117 0.683322 0
    outer loop
      vertex -10.8132 2.68683 1.8
      vertex -10.8646 2.74175 0
      vertex -10.8646 2.74175 1.8
    endloop
  endfacet
  facet normal 0.730117 0.683322 0
    outer loop
      vertex -10.8646 2.74175 0
      vertex -10.8132 2.68683 1.8
      vertex -10.8132 2.68683 0
    endloop
  endfacet
  facet normal 0.995284 0.0970037 0
    outer loop
      vertex -11.1402 3.34989 1.8
      vertex -11.1475 3.42479 0
      vertex -11.1475 3.42479 1.8
    endloop
  endfacet
  facet normal 0.995284 0.0970037 0
    outer loop
      vertex -11.1475 3.42479 0
      vertex -11.1402 3.34989 1.8
      vertex -11.1402 3.34989 0
    endloop
  endfacet
  facet normal -0.910839 -0.412761 0
    outer loop
      vertex -8.93754 3.94009 0
      vertex -8.9686 4.00863 1.8
      vertex -8.9686 4.00863 0
    endloop
  endfacet
  facet normal -0.910839 -0.412761 0
    outer loop
      vertex -8.9686 4.00863 1.8
      vertex -8.93754 3.94009 0
      vertex -8.93754 3.94009 1.8
    endloop
  endfacet
  facet normal -0.0326909 0.999466 0
    outer loop
      vertex -9.92479 2.35246 0
      vertex -10 2.35 1.8
      vertex -9.92479 2.35246 1.8
    endloop
  endfacet
  facet normal -0.0326909 0.999466 0
    outer loop
      vertex -10 2.35 1.8
      vertex -9.92479 2.35246 0
      vertex -10 2.35 0
    endloop
  endfacet
  facet normal -0.352274 -0.935897 0
    outer loop
      vertex -9.63034 4.58897 0
      vertex -9.55991 4.56246 1.8
      vertex -9.63034 4.58897 1.8
    endloop
  endfacet
  facet normal -0.352274 -0.935897 -0
    outer loop
      vertex -9.55991 4.56246 1.8
      vertex -9.63034 4.58897 0
      vertex -9.55991 4.56246 0
    endloop
  endfacet
  facet normal 0.0980565 -0.995181 0
    outer loop
      vertex -10.1501 4.64016 0
      vertex -10.0752 4.64754 1.8
      vertex -10.1501 4.64016 1.8
    endloop
  endfacet
  facet normal 0.0980565 -0.995181 0
    outer loop
      vertex -10.0752 4.64754 1.8
      vertex -10.1501 4.64016 0
      vertex -10.0752 4.64754 0
    endloop
  endfacet
  facet normal 0.22723 0.973841 -0
    outer loop
      vertex -10.2244 2.3721 0
      vertex -10.2976 2.38918 1.8
      vertex -10.2244 2.3721 1.8
    endloop
  endfacet
  facet normal 0.22723 0.973841 0
    outer loop
      vertex -10.2976 2.38918 1.8
      vertex -10.2244 2.3721 0
      vertex -10.2976 2.38918 0
    endloop
  endfacet
  facet normal -0.773003 -0.634402 0
    outer loop
      vertex -9.08764 4.20008 0
      vertex -9.13538 4.25825 1.8
      vertex -9.13538 4.25825 0
    endloop
  endfacet
  facet normal -0.773003 -0.634402 0
    outer loop
      vertex -9.13538 4.25825 1.8
      vertex -9.08764 4.20008 0
      vertex -9.08764 4.20008 1.8
    endloop
  endfacet
  facet normal 0.412961 -0.910749 0
    outer loop
      vertex -10.5086 4.5314 0
      vertex -10.4401 4.56246 1.8
      vertex -10.5086 4.5314 1.8
    endloop
  endfacet
  facet normal 0.412961 -0.910749 0
    outer loop
      vertex -10.4401 4.56246 1.8
      vertex -10.5086 4.5314 0
      vertex -10.4401 4.56246 0
    endloop
  endfacet
  facet normal -0.0980565 -0.995181 0
    outer loop
      vertex -9.92479 4.64754 0
      vertex -9.84989 4.64016 1.8
      vertex -9.92479 4.64754 1.8
    endloop
  endfacet
  facet normal -0.0980565 -0.995181 -0
    outer loop
      vertex -9.84989 4.64016 1.8
      vertex -9.92479 4.64754 0
      vertex -9.84989 4.64016 0
    endloop
  endfacet
  facet normal -0.227091 -0.973874 0
    outer loop
      vertex -9.77565 4.6279 0
      vertex -9.70236 4.61081 1.8
      vertex -9.77565 4.6279 1.8
    endloop
  endfacet
  facet normal -0.227091 -0.973874 -0
    outer loop
      vertex -9.70236 4.61081 1.8
      vertex -9.77565 4.6279 0
      vertex -9.70236 4.61081 0
    endloop
  endfacet
  facet normal 0.289904 -0.957056 0
    outer loop
      vertex -10.3697 4.58897 0
      vertex -10.2976 4.61081 1.8
      vertex -10.3697 4.58897 1.8
    endloop
  endfacet
  facet normal 0.289904 -0.957056 0
    outer loop
      vertex -10.2976 4.61081 1.8
      vertex -10.3697 4.58897 0
      vertex -10.2976 4.61081 0
    endloop
  endfacet
  facet normal 0.52811 -0.849176 0
    outer loop
      vertex -10.6389 4.45619 0
      vertex -10.575 4.49593 1.8
      vertex -10.6389 4.45619 1.8
    endloop
  endfacet
  facet normal 0.52811 -0.849176 0
    outer loop
      vertex -10.575 4.49593 1.8
      vertex -10.6389 4.45619 0
      vertex -10.575 4.49593 0
    endloop
  endfacet
  facet normal -0.47134 0.881952 0
    outer loop
      vertex -9.425 2.50407 0
      vertex -9.49137 2.4686 1.8
      vertex -9.425 2.50407 1.8
    endloop
  endfacet
  facet normal -0.47134 0.881952 0
    outer loop
      vertex -9.49137 2.4686 1.8
      vertex -9.425 2.50407 0
      vertex -9.49137 2.4686 0
    endloop
  endfacet
  facet normal -0.995181 0.0980565 0
    outer loop
      vertex -8.85984 3.34989 0
      vertex -8.85246 3.42479 1.8
      vertex -8.85246 3.42479 0
    endloop
  endfacet
  facet normal -0.995181 0.0980565 0
    outer loop
      vertex -8.85246 3.42479 1.8
      vertex -8.85984 3.34989 0
      vertex -8.85984 3.34989 1.8
    endloop
  endfacet
  facet normal 0.227356 -0.973812 0
    outer loop
      vertex -10.2976 4.61081 0
      vertex -10.2244 4.6279 1.8
      vertex -10.2976 4.61081 1.8
    endloop
  endfacet
  facet normal 0.227356 -0.973812 0
    outer loop
      vertex -10.2244 4.6279 1.8
      vertex -10.2976 4.61081 0
      vertex -10.2244 4.6279 0
    endloop
  endfacet
  facet normal 0.352405 -0.935848 0
    outer loop
      vertex -10.4401 4.56246 0
      vertex -10.3697 4.58897 1.8
      vertex -10.4401 4.56246 1.8
    endloop
  endfacet
  facet normal 0.352405 -0.935848 0
    outer loop
      vertex -10.3697 4.58897 1.8
      vertex -10.4401 4.56246 0
      vertex -10.3697 4.58897 0
    endloop
  endfacet
  facet normal -0.162933 -0.986637 0
    outer loop
      vertex -9.84989 4.64016 0
      vertex -9.77565 4.6279 1.8
      vertex -9.84989 4.64016 1.8
    endloop
  endfacet
  facet normal -0.162933 -0.986637 -0
    outer loop
      vertex -9.77565 4.6279 1.8
      vertex -9.84989 4.64016 0
      vertex -9.77565 4.6279 0
    endloop
  endfacet
  facet normal -0.528051 -0.849213 0
    outer loop
      vertex -9.425 4.49593 0
      vertex -9.36109 4.45619 1.8
      vertex -9.425 4.49593 1.8
    endloop
  endfacet
  facet normal -0.528051 -0.849213 -0
    outer loop
      vertex -9.36109 4.45619 1.8
      vertex -9.425 4.49593 0
      vertex -9.36109 4.45619 0
    endloop
  endfacet
  facet normal -0.582444 -0.812871 0
    outer loop
      vertex -9.36109 4.45619 0
      vertex -9.29992 4.41236 1.8
      vertex -9.36109 4.45619 1.8
    endloop
  endfacet
  facet normal -0.582444 -0.812871 -0
    outer loop
      vertex -9.29992 4.41236 1.8
      vertex -9.36109 4.45619 0
      vertex -9.29992 4.41236 0
    endloop
  endfacet
  facet normal 0.813059 -0.582181 0
    outer loop
      vertex -10.9562 4.13891 1.8
      vertex -10.9124 4.20008 0
      vertex -10.9124 4.20008 1.8
    endloop
  endfacet
  facet normal 0.813059 -0.582181 0
    outer loop
      vertex -10.9124 4.20008 0
      vertex -10.9562 4.13891 1.8
      vertex -10.9562 4.13891 0
    endloop
  endfacet
  facet normal 0.352405 0.935848 -0
    outer loop
      vertex -10.3697 2.41103 0
      vertex -10.4401 2.43754 1.8
      vertex -10.3697 2.41103 1.8
    endloop
  endfacet
  facet normal 0.352405 0.935848 0
    outer loop
      vertex -10.4401 2.43754 1.8
      vertex -10.3697 2.41103 0
      vertex -10.4401 2.43754 0
    endloop
  endfacet
  facet normal 0.973844 0.227217 0
    outer loop
      vertex -11.1108 3.20236 1.8
      vertex -11.1279 3.27565 0
      vertex -11.1279 3.27565 1.8
    endloop
  endfacet
  facet normal 0.973844 0.227217 0
    outer loop
      vertex -11.1279 3.27565 0
      vertex -11.1108 3.20236 1.8
      vertex -11.1108 3.20236 0
    endloop
  endfacet
  facet normal 0.162805 -0.986658 0
    outer loop
      vertex -10.2244 4.6279 0
      vertex -10.1501 4.64016 1.8
      vertex -10.2244 4.6279 1.8
    endloop
  endfacet
  facet normal 0.162805 -0.986658 0
    outer loop
      vertex -10.1501 4.64016 1.8
      vertex -10.2244 4.6279 0
      vertex -10.1501 4.64016 0
    endloop
  endfacet
  facet normal -0.582444 0.812871 0
    outer loop
      vertex -9.29992 2.58764 0
      vertex -9.36109 2.54381 1.8
      vertex -9.29992 2.58764 1.8
    endloop
  endfacet
  facet normal -0.582444 0.812871 0
    outer loop
      vertex -9.36109 2.54381 1.8
      vertex -9.29992 2.58764 0
      vertex -9.36109 2.54381 0
    endloop
  endfacet
  facet normal -0.683676 0.729786 0
    outer loop
      vertex -9.18683 2.68683 0
      vertex -9.24175 2.63538 1.8
      vertex -9.18683 2.68683 1.8
    endloop
  endfacet
  facet normal -0.683676 0.729786 0
    outer loop
      vertex -9.24175 2.63538 1.8
      vertex -9.18683 2.68683 0
      vertex -9.24175 2.63538 0
    endloop
  endfacet
  facet normal -0.412761 0.910839 0
    outer loop
      vertex -9.49137 2.4686 0
      vertex -9.55991 2.43754 1.8
      vertex -9.49137 2.4686 1.8
    endloop
  endfacet
  facet normal -0.412761 0.910839 0
    outer loop
      vertex -9.55991 2.43754 1.8
      vertex -9.49137 2.4686 0
      vertex -9.55991 2.43754 0
    endloop
  endfacet
  facet normal -0.986637 0.162933 0
    outer loop
      vertex -8.8721 3.27565 0
      vertex -8.85984 3.34989 1.8
      vertex -8.85984 3.34989 0
    endloop
  endfacet
  facet normal -0.986637 0.162933 0
    outer loop
      vertex -8.85984 3.34989 1.8
      vertex -8.8721 3.27565 0
      vertex -8.8721 3.27565 1.8
    endloop
  endfacet
  facet normal 0.683146 -0.730282 0
    outer loop
      vertex -10.8132 4.31317 0
      vertex -10.7582 4.36462 1.8
      vertex -10.8132 4.31317 1.8
    endloop
  endfacet
  facet normal 0.683146 -0.730282 0
    outer loop
      vertex -10.7582 4.36462 1.8
      vertex -10.8132 4.31317 0
      vertex -10.7582 4.36462 0
    endloop
  endfacet
  facet normal -0.0980565 0.995181 0
    outer loop
      vertex -9.84989 2.35984 0
      vertex -9.92479 2.35246 1.8
      vertex -9.84989 2.35984 1.8
    endloop
  endfacet
  facet normal -0.0980565 0.995181 0
    outer loop
      vertex -9.92479 2.35246 1.8
      vertex -9.84989 2.35984 0
      vertex -9.92479 2.35246 0
    endloop
  endfacet
  facet normal 0.957103 -0.289749 0
    outer loop
      vertex -11.1108 3.79764 1.8
      vertex -11.089 3.86965 0
      vertex -11.089 3.86965 1.8
    endloop
  endfacet
  facet normal 0.957103 -0.289749 0
    outer loop
      vertex -11.089 3.86965 0
      vertex -11.1108 3.79764 1.8
      vertex -11.1108 3.79764 0
    endloop
  endfacet
  facet normal -0.849213 -0.528051 0
    outer loop
      vertex -9.00407 4.075 0
      vertex -9.04381 4.13891 1.8
      vertex -9.04381 4.13891 0
    endloop
  endfacet
  facet normal -0.849213 -0.528051 0
    outer loop
      vertex -9.04381 4.13891 1.8
      vertex -9.00407 4.075 0
      vertex -9.00407 4.075 1.8
    endloop
  endfacet
  facet normal 0.849451 0.527667 0
    outer loop
      vertex -10.9562 2.86109 1.8
      vertex -10.9959 2.925 0
      vertex -10.9959 2.925 1.8
    endloop
  endfacet
  facet normal 0.849451 0.527667 0
    outer loop
      vertex -10.9959 2.925 0
      vertex -10.9562 2.86109 1.8
      vertex -10.9562 2.86109 0
    endloop
  endfacet
  facet normal 0.772612 -0.634878 0
    outer loop
      vertex -10.9124 4.20008 1.8
      vertex -10.8646 4.25825 0
      vertex -10.8646 4.25825 1.8
    endloop
  endfacet
  facet normal 0.772612 -0.634878 0
    outer loop
      vertex -10.8646 4.25825 0
      vertex -10.9124 4.20008 1.8
      vertex -10.9124 4.20008 0
    endloop
  endfacet
  facet normal -0.634402 -0.773003 0
    outer loop
      vertex -9.29992 4.41236 0
      vertex -9.24175 4.36462 1.8
      vertex -9.29992 4.41236 1.8
    endloop
  endfacet
  facet normal -0.634402 -0.773003 -0
    outer loop
      vertex -9.24175 4.36462 1.8
      vertex -9.29992 4.41236 0
      vertex -9.24175 4.36462 0
    endloop
  endfacet
  facet normal -0.812871 -0.582444 0
    outer loop
      vertex -9.04381 4.13891 0
      vertex -9.08764 4.20008 1.8
      vertex -9.08764 4.20008 0
    endloop
  endfacet
  facet normal -0.812871 -0.582444 0
    outer loop
      vertex -9.08764 4.20008 1.8
      vertex -9.04381 4.13891 0
      vertex -9.04381 4.13891 1.8
    endloop
  endfacet
  facet normal 0.471174 -0.88204 0
    outer loop
      vertex -10.575 4.49593 0
      vertex -10.5086 4.5314 1.8
      vertex -10.575 4.49593 1.8
    endloop
  endfacet
  facet normal 0.471174 -0.88204 0
    outer loop
      vertex -10.5086 4.5314 1.8
      vertex -10.575 4.49593 0
      vertex -10.5086 4.5314 0
    endloop
  endfacet
  facet normal -0.999466 0.0326909 0
    outer loop
      vertex -8.85246 3.42479 0
      vertex -8.85 3.5 1.8
      vertex -8.85 3.5 0
    endloop
  endfacet
  facet normal -0.999466 0.0326909 0
    outer loop
      vertex -8.85 3.5 1.8
      vertex -8.85246 3.42479 0
      vertex -8.85246 3.42479 1.8
    endloop
  endfacet
  facet normal 0.973844 -0.227217 0
    outer loop
      vertex -11.1279 3.72435 1.8
      vertex -11.1108 3.79764 0
      vertex -11.1108 3.79764 1.8
    endloop
  endfacet
  facet normal 0.973844 -0.227217 0
    outer loop
      vertex -11.1108 3.79764 0
      vertex -11.1279 3.72435 1.8
      vertex -11.1279 3.72435 0
    endloop
  endfacet
  facet normal 0.0326953 -0.999465 0
    outer loop
      vertex -10.0752 4.64754 0
      vertex -10 4.65 1.8
      vertex -10.0752 4.64754 1.8
    endloop
  endfacet
  facet normal 0.0326953 -0.999465 0
    outer loop
      vertex -10 4.65 1.8
      vertex -10.0752 4.64754 0
      vertex -10 4.65 0
    endloop
  endfacet
  facet normal 0.582256 -0.813006 0
    outer loop
      vertex -10.7001 4.41236 0
      vertex -10.6389 4.45619 1.8
      vertex -10.7001 4.41236 1.8
    endloop
  endfacet
  facet normal 0.582256 -0.813006 0
    outer loop
      vertex -10.6389 4.45619 1.8
      vertex -10.7001 4.41236 0
      vertex -10.6389 4.45619 0
    endloop
  endfacet
  facet normal -0.956918 -0.290358 0
    outer loop
      vertex -8.88918 3.79764 0
      vertex -8.91103 3.86965 1.8
      vertex -8.91103 3.86965 0
    endloop
  endfacet
  facet normal -0.956918 -0.290358 0
    outer loop
      vertex -8.91103 3.86965 1.8
      vertex -8.88918 3.79764 0
      vertex -8.88918 3.79764 1.8
    endloop
  endfacet
  facet normal -0.881952 -0.47134 0
    outer loop
      vertex -8.9686 4.00863 0
      vertex -9.00407 4.075 1.8
      vertex -9.00407 4.075 0
    endloop
  endfacet
  facet normal -0.881952 -0.47134 0
    outer loop
      vertex -9.00407 4.075 1.8
      vertex -8.9686 4.00863 0
      vertex -8.9686 4.00863 1.8
    endloop
  endfacet
  facet normal 0.772612 0.634878 0
    outer loop
      vertex -10.8646 2.74175 1.8
      vertex -10.9124 2.79992 0
      vertex -10.9124 2.79992 1.8
    endloop
  endfacet
  facet normal 0.772612 0.634878 0
    outer loop
      vertex -10.9124 2.79992 0
      vertex -10.8646 2.74175 1.8
      vertex -10.8646 2.74175 0
    endloop
  endfacet
  facet normal -0.528051 0.849213 0
    outer loop
      vertex -9.36109 2.54381 0
      vertex -9.425 2.50407 1.8
      vertex -9.36109 2.54381 1.8
    endloop
  endfacet
  facet normal -0.528051 0.849213 0
    outer loop
      vertex -9.425 2.50407 1.8
      vertex -9.36109 2.54381 0
      vertex -9.425 2.50407 0
    endloop
  endfacet
  facet normal 0.849451 -0.527667 0
    outer loop
      vertex -10.9959 4.075 1.8
      vertex -10.9562 4.13891 0
      vertex -10.9562 4.13891 1.8
    endloop
  endfacet
  facet normal 0.849451 -0.527667 0
    outer loop
      vertex -10.9562 4.13891 0
      vertex -10.9959 4.075 1.8
      vertex -10.9959 4.075 0
    endloop
  endfacet
  facet normal -0.910839 0.412761 0
    outer loop
      vertex -8.9686 2.99137 0
      vertex -8.93754 3.05991 1.8
      vertex -8.93754 3.05991 0
    endloop
  endfacet
  facet normal -0.910839 0.412761 0
    outer loop
      vertex -8.93754 3.05991 1.8
      vertex -8.9686 2.99137 0
      vertex -8.9686 2.99137 1.8
    endloop
  endfacet
  facet normal 0.813059 0.582181 0
    outer loop
      vertex -10.9124 2.79992 1.8
      vertex -10.9562 2.86109 0
      vertex -10.9562 2.86109 1.8
    endloop
  endfacet
  facet normal 0.813059 0.582181 0
    outer loop
      vertex -10.9562 2.86109 0
      vertex -10.9124 2.79992 1.8
      vertex -10.9124 2.79992 0
    endloop
  endfacet
  facet normal -0.290199 -0.956966 0
    outer loop
      vertex -9.70236 4.61081 0
      vertex -9.63034 4.58897 1.8
      vertex -9.70236 4.61081 1.8
    endloop
  endfacet
  facet normal -0.290199 -0.956966 -0
    outer loop
      vertex -9.63034 4.58897 1.8
      vertex -9.70236 4.61081 0
      vertex -9.63034 4.58897 0
    endloop
  endfacet
  facet normal -0.290321 0.956929 0
    outer loop
      vertex -9.63034 2.41103 0
      vertex -9.70236 2.38918 1.8
      vertex -9.63034 2.41103 1.8
    endloop
  endfacet
  facet normal -0.290321 0.956929 0
    outer loop
      vertex -9.70236 2.38918 1.8
      vertex -9.63034 2.41103 0
      vertex -9.70236 2.38918 0
    endloop
  endfacet
  facet normal -0.412761 -0.910839 0
    outer loop
      vertex -9.55991 4.56246 0
      vertex -9.49137 4.5314 1.8
      vertex -9.55991 4.56246 1.8
    endloop
  endfacet
  facet normal -0.412761 -0.910839 -0
    outer loop
      vertex -9.49137 4.5314 1.8
      vertex -9.55991 4.56246 0
      vertex -9.49137 4.5314 0
    endloop
  endfacet
  facet normal 0.910639 0.413202 0
    outer loop
      vertex -11.0314 2.99137 1.8
      vertex -11.0625 3.05991 0
      vertex -11.0625 3.05991 1.8
    endloop
  endfacet
  facet normal 0.910639 0.413202 0
    outer loop
      vertex -11.0625 3.05991 0
      vertex -11.0314 2.99137 1.8
      vertex -11.0314 2.99137 0
    endloop
  endfacet
  facet normal 0.995283 -0.0970165 0
    outer loop
      vertex -11.1475 3.57521 1.8
      vertex -11.1402 3.6501 0
      vertex -11.1402 3.6501 1.8
    endloop
  endfacet
  facet normal 0.995283 -0.0970165 0
    outer loop
      vertex -11.1402 3.6501 0
      vertex -11.1475 3.57521 1.8
      vertex -11.1475 3.57521 0
    endloop
  endfacet
  facet normal -0.849213 0.528051 0
    outer loop
      vertex -9.04381 2.86109 0
      vertex -9.00407 2.925 1.8
      vertex -9.00407 2.925 0
    endloop
  endfacet
  facet normal -0.849213 0.528051 0
    outer loop
      vertex -9.00407 2.925 1.8
      vertex -9.04381 2.86109 0
      vertex -9.04381 2.86109 1.8
    endloop
  endfacet
  facet normal 0.582256 0.813006 -0
    outer loop
      vertex -10.6389 2.54381 0
      vertex -10.7001 2.58764 1.8
      vertex -10.6389 2.54381 1.8
    endloop
  endfacet
  facet normal 0.582256 0.813006 0
    outer loop
      vertex -10.7001 2.58764 1.8
      vertex -10.6389 2.54381 0
      vertex -10.7001 2.58764 0
    endloop
  endfacet
  facet normal 0.0980565 0.995181 -0
    outer loop
      vertex -10.0752 2.35246 0
      vertex -10.1501 2.35984 1.8
      vertex -10.0752 2.35246 1.8
    endloop
  endfacet
  facet normal 0.0980565 0.995181 0
    outer loop
      vertex -10.1501 2.35984 1.8
      vertex -10.0752 2.35246 0
      vertex -10.1501 2.35984 0
    endloop
  endfacet
  facet normal 0.634859 0.772628 -0
    outer loop
      vertex -10.7001 2.58764 0
      vertex -10.7582 2.63538 1.8
      vertex -10.7001 2.58764 1.8
    endloop
  endfacet
  facet normal 0.634859 0.772628 0
    outer loop
      vertex -10.7582 2.63538 1.8
      vertex -10.7001 2.58764 0
      vertex -10.7582 2.63538 0
    endloop
  endfacet
  facet normal -0.162933 0.986637 0
    outer loop
      vertex -9.77565 2.3721 0
      vertex -9.84989 2.35984 1.8
      vertex -9.77565 2.3721 1.8
    endloop
  endfacet
  facet normal -0.162933 0.986637 0
    outer loop
      vertex -9.84989 2.35984 1.8
      vertex -9.77565 2.3721 0
      vertex -9.84989 2.35984 0
    endloop
  endfacet
  facet normal -0.773003 0.634402 0
    outer loop
      vertex -9.13538 2.74175 0
      vertex -9.08764 2.79992 1.8
      vertex -9.08764 2.79992 0
    endloop
  endfacet
  facet normal -0.773003 0.634402 0
    outer loop
      vertex -9.08764 2.79992 1.8
      vertex -9.13538 2.74175 0
      vertex -9.13538 2.74175 1.8
    endloop
  endfacet
  facet normal 0.957114 0.289712 0
    outer loop
      vertex -11.089 3.13034 1.8
      vertex -11.1108 3.20236 0
      vertex -11.1108 3.20236 1.8
    endloop
  endfacet
  facet normal 0.957114 0.289712 0
    outer loop
      vertex -11.1108 3.20236 0
      vertex -11.089 3.13034 1.8
      vertex -11.089 3.13034 0
    endloop
  endfacet
  facet normal 0.162805 0.986658 -0
    outer loop
      vertex -10.1501 2.35984 0
      vertex -10.2244 2.3721 1.8
      vertex -10.1501 2.35984 1.8
    endloop
  endfacet
  facet normal 0.162805 0.986658 0
    outer loop
      vertex -10.2244 2.3721 1.8
      vertex -10.1501 2.35984 0
      vertex -10.2244 2.3721 0
    endloop
  endfacet
  facet normal -0.935897 0.352274 0
    outer loop
      vertex -8.93754 3.05991 0
      vertex -8.91103 3.13034 1.8
      vertex -8.91103 3.13034 0
    endloop
  endfacet
  facet normal -0.935897 0.352274 0
    outer loop
      vertex -8.91103 3.13034 1.8
      vertex -8.93754 3.05991 0
      vertex -8.93754 3.05991 1.8
    endloop
  endfacet
  facet normal 0.986555 -0.163429 0
    outer loop
      vertex -11.1402 3.6501 1.8
      vertex -11.1279 3.72435 0
      vertex -11.1279 3.72435 1.8
    endloop
  endfacet
  facet normal 0.986555 -0.163429 0
    outer loop
      vertex -11.1279 3.72435 0
      vertex -11.1402 3.6501 1.8
      vertex -11.1402 3.6501 0
    endloop
  endfacet
  facet normal -0.881952 0.47134 0
    outer loop
      vertex -9.00407 2.925 0
      vertex -8.9686 2.99137 1.8
      vertex -8.9686 2.99137 0
    endloop
  endfacet
  facet normal -0.881952 0.47134 0
    outer loop
      vertex -8.9686 2.99137 1.8
      vertex -9.00407 2.925 0
      vertex -9.00407 2.925 1.8
    endloop
  endfacet
  facet normal -0.729786 -0.683676 0
    outer loop
      vertex -9.13538 4.25825 0
      vertex -9.18683 4.31317 1.8
      vertex -9.18683 4.31317 0
    endloop
  endfacet
  facet normal -0.729786 -0.683676 0
    outer loop
      vertex -9.18683 4.31317 1.8
      vertex -9.13538 4.25825 0
      vertex -9.13538 4.25825 1.8
    endloop
  endfacet
  facet normal -0.956929 0.290321 0
    outer loop
      vertex -8.91103 3.13034 0
      vertex -8.88918 3.20236 1.8
      vertex -8.88918 3.20236 0
    endloop
  endfacet
  facet normal -0.956929 0.290321 0
    outer loop
      vertex -8.88918 3.20236 1.8
      vertex -8.91103 3.13034 0
      vertex -8.91103 3.13034 1.8
    endloop
  endfacet
  facet normal -0.634402 0.773003 0
    outer loop
      vertex -9.24175 2.63538 0
      vertex -9.29992 2.58764 1.8
      vertex -9.24175 2.63538 1.8
    endloop
  endfacet
  facet normal -0.634402 0.773003 0
    outer loop
      vertex -9.29992 2.58764 1.8
      vertex -9.24175 2.63538 0
      vertex -9.29992 2.58764 0
    endloop
  endfacet
  facet normal -0.973903 0.226965 0
    outer loop
      vertex -8.88918 3.20236 0
      vertex -8.8721 3.27565 1.8
      vertex -8.8721 3.27565 0
    endloop
  endfacet
  facet normal -0.973903 0.226965 0
    outer loop
      vertex -8.8721 3.27565 1.8
      vertex -8.88918 3.20236 0
      vertex -8.88918 3.20236 1.8
    endloop
  endfacet
  facet normal -0.226965 0.973903 0
    outer loop
      vertex -9.70236 2.38918 0
      vertex -9.77565 2.3721 1.8
      vertex -9.70236 2.38918 1.8
    endloop
  endfacet
  facet normal -0.226965 0.973903 0
    outer loop
      vertex -9.77565 2.3721 1.8
      vertex -9.70236 2.38918 0
      vertex -9.77565 2.3721 0
    endloop
  endfacet
  facet normal 0.999448 0.0332219 0
    outer loop
      vertex -11.1475 3.42479 1.8
      vertex -11.15 3.5 0
      vertex -11.15 3.5 1.8
    endloop
  endfacet
  facet normal 0.999448 0.0332219 0
    outer loop
      vertex -11.15 3.5 0
      vertex -11.1475 3.42479 1.8
      vertex -11.1475 3.42479 0
    endloop
  endfacet
  facet normal 0.730117 -0.683322 0
    outer loop
      vertex -10.8646 4.25825 1.8
      vertex -10.8132 4.31317 0
      vertex -10.8132 4.31317 1.8
    endloop
  endfacet
  facet normal 0.730117 -0.683322 0
    outer loop
      vertex -10.8132 4.31317 0
      vertex -10.8646 4.25825 1.8
      vertex -10.8646 4.25825 0
    endloop
  endfacet
  facet normal -0.683676 -0.729786 0
    outer loop
      vertex -9.24175 4.36462 0
      vertex -9.18683 4.31317 1.8
      vertex -9.24175 4.36462 1.8
    endloop
  endfacet
  facet normal -0.683676 -0.729786 -0
    outer loop
      vertex -9.18683 4.31317 1.8
      vertex -9.24175 4.36462 0
      vertex -9.18683 4.31317 0
    endloop
  endfacet
  facet normal -0.0326909 -0.999466 0
    outer loop
      vertex -10 4.65 0
      vertex -9.92479 4.64754 1.8
      vertex -10 4.65 1.8
    endloop
  endfacet
  facet normal -0.0326909 -0.999466 -0
    outer loop
      vertex -9.92479 4.64754 1.8
      vertex -10 4.65 0
      vertex -9.92479 4.64754 0
    endloop
  endfacet
  facet normal 0.935941 0.352157 0
    outer loop
      vertex -11.0625 3.05991 1.8
      vertex -11.089 3.13034 0
      vertex -11.089 3.13034 1.8
    endloop
  endfacet
  facet normal 0.935941 0.352157 0
    outer loop
      vertex -11.089 3.13034 0
      vertex -11.0625 3.05991 1.8
      vertex -11.0625 3.05991 0
    endloop
  endfacet
  facet normal 0.683146 0.730282 -0
    outer loop
      vertex -10.7582 2.63538 0
      vertex -10.8132 2.68683 1.8
      vertex -10.7582 2.63538 1.8
    endloop
  endfacet
  facet normal 0.683146 0.730282 0
    outer loop
      vertex -10.8132 2.68683 1.8
      vertex -10.7582 2.63538 0
      vertex -10.8132 2.68683 0
    endloop
  endfacet
  facet normal 0.986551 0.163451 0
    outer loop
      vertex -11.1279 3.27565 1.8
      vertex -11.1402 3.34989 0
      vertex -11.1402 3.34989 1.8
    endloop
  endfacet
  facet normal 0.986551 0.163451 0
    outer loop
      vertex -11.1402 3.34989 0
      vertex -11.1279 3.27565 1.8
      vertex -11.1279 3.27565 0
    endloop
  endfacet
  facet normal 0.910639 -0.413202 0
    outer loop
      vertex -11.0625 3.94009 1.8
      vertex -11.0314 4.00863 0
      vertex -11.0314 4.00863 1.8
    endloop
  endfacet
  facet normal 0.910639 -0.413202 0
    outer loop
      vertex -11.0314 4.00863 0
      vertex -11.0625 3.94009 1.8
      vertex -11.0625 3.94009 0
    endloop
  endfacet
  facet normal 0.412961 0.910749 -0
    outer loop
      vertex -10.4401 2.43754 0
      vertex -10.5086 2.4686 1.8
      vertex -10.4401 2.43754 1.8
    endloop
  endfacet
  facet normal 0.412961 0.910749 0
    outer loop
      vertex -10.5086 2.4686 1.8
      vertex -10.4401 2.43754 0
      vertex -10.5086 2.4686 0
    endloop
  endfacet
  facet normal 0.881786 -0.47165 0
    outer loop
      vertex -11.0314 4.00863 1.8
      vertex -10.9959 4.075 0
      vertex -10.9959 4.075 1.8
    endloop
  endfacet
  facet normal 0.881786 -0.47165 0
    outer loop
      vertex -10.9959 4.075 0
      vertex -11.0314 4.00863 1.8
      vertex -11.0314 4.00863 0
    endloop
  endfacet
  facet normal 0.935957 -0.352113 0
    outer loop
      vertex -11.089 3.86965 1.8
      vertex -11.0625 3.94009 0
      vertex -11.0625 3.94009 1.8
    endloop
  endfacet
  facet normal 0.935957 -0.352113 0
    outer loop
      vertex -11.0625 3.94009 0
      vertex -11.089 3.86965 1.8
      vertex -11.089 3.86965 0
    endloop
  endfacet
  facet normal 0.52811 0.849176 -0
    outer loop
      vertex -10.575 2.50407 0
      vertex -10.6389 2.54381 1.8
      vertex -10.575 2.50407 1.8
    endloop
  endfacet
  facet normal 0.52811 0.849176 0
    outer loop
      vertex -10.6389 2.54381 1.8
      vertex -10.575 2.50407 0
      vertex -10.6389 2.54381 0
    endloop
  endfacet
  facet normal 0.999448 -0.0332219 0
    outer loop
      vertex -11.15 3.5 1.8
      vertex -11.1475 3.57521 0
      vertex -11.1475 3.57521 1.8
    endloop
  endfacet
  facet normal 0.999448 -0.0332219 0
    outer loop
      vertex -11.1475 3.57521 0
      vertex -11.15 3.5 1.8
      vertex -11.15 3.5 0
    endloop
  endfacet
  facet normal -0.812871 0.582444 0
    outer loop
      vertex -9.08764 2.79992 0
      vertex -9.04381 2.86109 1.8
      vertex -9.04381 2.86109 0
    endloop
  endfacet
  facet normal -0.812871 0.582444 0
    outer loop
      vertex -9.04381 2.86109 1.8
      vertex -9.08764 2.79992 0
      vertex -9.08764 2.79992 1.8
    endloop
  endfacet
  facet normal 0.290026 0.957019 -0
    outer loop
      vertex -10.2976 2.38918 0
      vertex -10.3697 2.41103 1.8
      vertex -10.2976 2.38918 1.8
    endloop
  endfacet
  facet normal 0.290026 0.957019 0
    outer loop
      vertex -10.3697 2.41103 1.8
      vertex -10.2976 2.38918 0
      vertex -10.3697 2.41103 0
    endloop
  endfacet
  facet normal 0.471174 0.88204 -0
    outer loop
      vertex -10.5086 2.4686 0
      vertex -10.575 2.50407 1.8
      vertex -10.5086 2.4686 1.8
    endloop
  endfacet
  facet normal 0.471174 0.88204 0
    outer loop
      vertex -10.575 2.50407 1.8
      vertex -10.5086 2.4686 0
      vertex -10.575 2.50407 0
    endloop
  endfacet
  facet normal 0.773003 -0.634402 0
    outer loop
      vertex 9.08764 4.20008 1.8
      vertex 9.13538 4.25825 0
      vertex 9.13538 4.25825 1.8
    endloop
  endfacet
  facet normal 0.773003 -0.634402 0
    outer loop
      vertex 9.13538 4.25825 0
      vertex 9.08764 4.20008 1.8
      vertex 9.08764 4.20008 0
    endloop
  endfacet
  facet normal -0.995284 0.0970037 0
    outer loop
      vertex 11.1402 3.34989 0
      vertex 11.1475 3.42479 1.8
      vertex 11.1475 3.42479 0
    endloop
  endfacet
  facet normal -0.995284 0.0970037 0
    outer loop
      vertex 11.1475 3.42479 1.8
      vertex 11.1402 3.34989 0
      vertex 11.1402 3.34989 1.8
    endloop
  endfacet
  facet normal -0.881786 -0.47165 0
    outer loop
      vertex 11.0314 4.00863 0
      vertex 10.9959 4.075 1.8
      vertex 10.9959 4.075 0
    endloop
  endfacet
  facet normal -0.881786 -0.47165 0
    outer loop
      vertex 10.9959 4.075 1.8
      vertex 11.0314 4.00863 0
      vertex 11.0314 4.00863 1.8
    endloop
  endfacet
  facet normal 0.935897 0.352274 0
    outer loop
      vertex 8.93754 3.05991 1.8
      vertex 8.91103 3.13034 0
      vertex 8.91103 3.13034 1.8
    endloop
  endfacet
  facet normal 0.935897 0.352274 0
    outer loop
      vertex 8.91103 3.13034 0
      vertex 8.93754 3.05991 1.8
      vertex 8.93754 3.05991 0
    endloop
  endfacet
  facet normal 0.999466 0.0326909 0
    outer loop
      vertex 8.85246 3.42479 1.8
      vertex 8.85 3.5 0
      vertex 8.85 3.5 1.8
    endloop
  endfacet
  facet normal 0.999466 0.0326909 0
    outer loop
      vertex 8.85 3.5 0
      vertex 8.85246 3.42479 1.8
      vertex 8.85246 3.42479 0
    endloop
  endfacet
  facet normal 0.352274 -0.935897 0
    outer loop
      vertex 9.55991 4.56246 0
      vertex 9.63034 4.58897 1.8
      vertex 9.55991 4.56246 1.8
    endloop
  endfacet
  facet normal 0.352274 -0.935897 0
    outer loop
      vertex 9.63034 4.58897 1.8
      vertex 9.55991 4.56246 0
      vertex 9.63034 4.58897 0
    endloop
  endfacet
  facet normal 0.290321 0.956929 -0
    outer loop
      vertex 9.70236 2.38918 0
      vertex 9.63034 2.41103 1.8
      vertex 9.70236 2.38918 1.8
    endloop
  endfacet
  facet normal 0.290321 0.956929 0
    outer loop
      vertex 9.63034 2.41103 1.8
      vertex 9.70236 2.38918 0
      vertex 9.63034 2.41103 0
    endloop
  endfacet
  facet normal 0.956918 -0.290358 0
    outer loop
      vertex 8.88918 3.79764 1.8
      vertex 8.91103 3.86965 0
      vertex 8.91103 3.86965 1.8
    endloop
  endfacet
  facet normal 0.956918 -0.290358 0
    outer loop
      vertex 8.91103 3.86965 0
      vertex 8.88918 3.79764 1.8
      vertex 8.88918 3.79764 0
    endloop
  endfacet
  facet normal -0.910639 -0.413202 0
    outer loop
      vertex 11.0625 3.94009 0
      vertex 11.0314 4.00863 1.8
      vertex 11.0314 4.00863 0
    endloop
  endfacet
  facet normal -0.910639 -0.413202 0
    outer loop
      vertex 11.0314 4.00863 1.8
      vertex 11.0625 3.94009 0
      vertex 11.0625 3.94009 1.8
    endloop
  endfacet
  facet normal 0.910839 0.412761 0
    outer loop
      vertex 8.9686 2.99137 1.8
      vertex 8.93754 3.05991 0
      vertex 8.93754 3.05991 1.8
    endloop
  endfacet
  facet normal 0.910839 0.412761 0
    outer loop
      vertex 8.93754 3.05991 0
      vertex 8.9686 2.99137 1.8
      vertex 8.9686 2.99137 0
    endloop
  endfacet
  facet normal -0.582256 -0.813006 0
    outer loop
      vertex 10.6389 4.45619 0
      vertex 10.7001 4.41236 1.8
      vertex 10.6389 4.45619 1.8
    endloop
  endfacet
  facet normal -0.582256 -0.813006 -0
    outer loop
      vertex 10.7001 4.41236 1.8
      vertex 10.6389 4.45619 0
      vertex 10.7001 4.41236 0
    endloop
  endfacet
  facet normal -0.986551 0.163451 0
    outer loop
      vertex 11.1279 3.27565 0
      vertex 11.1402 3.34989 1.8
      vertex 11.1402 3.34989 0
    endloop
  endfacet
  facet normal -0.986551 0.163451 0
    outer loop
      vertex 11.1402 3.34989 1.8
      vertex 11.1279 3.27565 0
      vertex 11.1279 3.27565 1.8
    endloop
  endfacet
  facet normal 0.729786 0.683676 0
    outer loop
      vertex 9.18683 2.68683 1.8
      vertex 9.13538 2.74175 0
      vertex 9.13538 2.74175 1.8
    endloop
  endfacet
  facet normal 0.729786 0.683676 0
    outer loop
      vertex 9.13538 2.74175 0
      vertex 9.18683 2.68683 1.8
      vertex 9.18683 2.68683 0
    endloop
  endfacet
  facet normal 0.99518 -0.0980695 0
    outer loop
      vertex 8.85246 3.57521 1.8
      vertex 8.85984 3.6501 0
      vertex 8.85984 3.6501 1.8
    endloop
  endfacet
  facet normal 0.99518 -0.0980695 0
    outer loop
      vertex 8.85984 3.6501 0
      vertex 8.85246 3.57521 1.8
      vertex 8.85246 3.57521 0
    endloop
  endfacet
  facet normal -0.849451 -0.527667 0
    outer loop
      vertex 10.9959 4.075 0
      vertex 10.9562 4.13891 1.8
      vertex 10.9562 4.13891 0
    endloop
  endfacet
  facet normal -0.849451 -0.527667 0
    outer loop
      vertex 10.9562 4.13891 1.8
      vertex 10.9959 4.075 0
      vertex 10.9959 4.075 1.8
    endloop
  endfacet
  facet normal 0.352274 0.935897 -0
    outer loop
      vertex 9.63034 2.41103 0
      vertex 9.55991 2.43754 1.8
      vertex 9.63034 2.41103 1.8
    endloop
  endfacet
  facet normal 0.352274 0.935897 0
    outer loop
      vertex 9.55991 2.43754 1.8
      vertex 9.63034 2.41103 0
      vertex 9.55991 2.43754 0
    endloop
  endfacet
  facet normal 0.412761 -0.910839 0
    outer loop
      vertex 9.49137 4.5314 0
      vertex 9.55991 4.56246 1.8
      vertex 9.49137 4.5314 1.8
    endloop
  endfacet
  facet normal 0.412761 -0.910839 0
    outer loop
      vertex 9.55991 4.56246 1.8
      vertex 9.49137 4.5314 0
      vertex 9.55991 4.56246 0
    endloop
  endfacet
  facet normal 0.986641 -0.162912 0
    outer loop
      vertex 8.85984 3.6501 1.8
      vertex 8.8721 3.72435 0
      vertex 8.8721 3.72435 1.8
    endloop
  endfacet
  facet normal 0.986641 -0.162912 0
    outer loop
      vertex 8.8721 3.72435 0
      vertex 8.85984 3.6501 1.8
      vertex 8.85984 3.6501 0
    endloop
  endfacet
  facet normal -0.999448 -0.0332219 0
    outer loop
      vertex 11.15 3.5 0
      vertex 11.1475 3.57521 1.8
      vertex 11.1475 3.57521 0
    endloop
  endfacet
  facet normal -0.999448 -0.0332219 0
    outer loop
      vertex 11.1475 3.57521 1.8
      vertex 11.15 3.5 0
      vertex 11.15 3.5 1.8
    endloop
  endfacet
  facet normal -0.973844 -0.227217 0
    outer loop
      vertex 11.1279 3.72435 0
      vertex 11.1108 3.79764 1.8
      vertex 11.1108 3.79764 0
    endloop
  endfacet
  facet normal -0.973844 -0.227217 0
    outer loop
      vertex 11.1108 3.79764 1.8
      vertex 11.1279 3.72435 0
      vertex 11.1279 3.72435 1.8
    endloop
  endfacet
  facet normal 0.47134 -0.881952 0
    outer loop
      vertex 9.425 4.49593 0
      vertex 9.49137 4.5314 1.8
      vertex 9.425 4.49593 1.8
    endloop
  endfacet
  facet normal 0.47134 -0.881952 0
    outer loop
      vertex 9.49137 4.5314 1.8
      vertex 9.425 4.49593 0
      vertex 9.49137 4.5314 0
    endloop
  endfacet
  facet normal -0.957114 0.289712 0
    outer loop
      vertex 11.089 3.13034 0
      vertex 11.1108 3.20236 1.8
      vertex 11.1108 3.20236 0
    endloop
  endfacet
  facet normal -0.957114 0.289712 0
    outer loop
      vertex 11.1108 3.20236 1.8
      vertex 11.089 3.13034 0
      vertex 11.089 3.13034 1.8
    endloop
  endfacet
  facet normal 0.973903 0.226965 0
    outer loop
      vertex 8.88918 3.20236 1.8
      vertex 8.8721 3.27565 0
      vertex 8.8721 3.27565 1.8
    endloop
  endfacet
  facet normal 0.973903 0.226965 0
    outer loop
      vertex 8.8721 3.27565 0
      vertex 8.88918 3.20236 1.8
      vertex 8.88918 3.20236 0
    endloop
  endfacet
  facet normal -0.0980565 0.995181 0
    outer loop
      vertex 10.1501 2.35984 0
      vertex 10.0752 2.35246 1.8
      vertex 10.1501 2.35984 1.8
    endloop
  endfacet
  facet normal -0.0980565 0.995181 0
    outer loop
      vertex 10.0752 2.35246 1.8
      vertex 10.1501 2.35984 0
      vertex 10.0752 2.35246 0
    endloop
  endfacet
  facet normal -0.999448 0.0332219 0
    outer loop
      vertex 11.1475 3.42479 0
      vertex 11.15 3.5 1.8
      vertex 11.15 3.5 0
    endloop
  endfacet
  facet normal -0.999448 0.0332219 0
    outer loop
      vertex 11.15 3.5 1.8
      vertex 11.1475 3.42479 0
      vertex 11.1475 3.42479 1.8
    endloop
  endfacet
  facet normal 0.729786 -0.683676 0
    outer loop
      vertex 9.13538 4.25825 1.8
      vertex 9.18683 4.31317 0
      vertex 9.18683 4.31317 1.8
    endloop
  endfacet
  facet normal 0.729786 -0.683676 0
    outer loop
      vertex 9.18683 4.31317 0
      vertex 9.13538 4.25825 1.8
      vertex 9.13538 4.25825 0
    endloop
  endfacet
  facet normal -0.849451 0.527667 0
    outer loop
      vertex 10.9562 2.86109 0
      vertex 10.9959 2.925 1.8
      vertex 10.9959 2.925 0
    endloop
  endfacet
  facet normal -0.849451 0.527667 0
    outer loop
      vertex 10.9959 2.925 1.8
      vertex 10.9562 2.86109 0
      vertex 10.9562 2.86109 1.8
    endloop
  endfacet
  facet normal -0.0326953 -0.999465 0
    outer loop
      vertex 10 4.65 0
      vertex 10.0752 4.64754 1.8
      vertex 10 4.65 1.8
    endloop
  endfacet
  facet normal -0.0326953 -0.999465 -0
    outer loop
      vertex 10.0752 4.64754 1.8
      vertex 10 4.65 0
      vertex 10.0752 4.64754 0
    endloop
  endfacet
  facet normal -0.52811 -0.849176 0
    outer loop
      vertex 10.575 4.49593 0
      vertex 10.6389 4.45619 1.8
      vertex 10.575 4.49593 1.8
    endloop
  endfacet
  facet normal -0.52811 -0.849176 -0
    outer loop
      vertex 10.6389 4.45619 1.8
      vertex 10.575 4.49593 0
      vertex 10.6389 4.45619 0
    endloop
  endfacet
  facet normal 0.162933 -0.986637 0
    outer loop
      vertex 9.77565 4.6279 0
      vertex 9.84989 4.64016 1.8
      vertex 9.77565 4.6279 1.8
    endloop
  endfacet
  facet normal 0.162933 -0.986637 0
    outer loop
      vertex 9.84989 4.64016 1.8
      vertex 9.77565 4.6279 0
      vertex 9.84989 4.64016 0
    endloop
  endfacet
  facet normal 0.683676 0.729786 -0
    outer loop
      vertex 9.24175 2.63538 0
      vertex 9.18683 2.68683 1.8
      vertex 9.24175 2.63538 1.8
    endloop
  endfacet
  facet normal 0.683676 0.729786 0
    outer loop
      vertex 9.18683 2.68683 1.8
      vertex 9.24175 2.63538 0
      vertex 9.18683 2.68683 0
    endloop
  endfacet
  facet normal -0.352405 0.935848 0
    outer loop
      vertex 10.4401 2.43754 0
      vertex 10.3697 2.41103 1.8
      vertex 10.4401 2.43754 1.8
    endloop
  endfacet
  facet normal -0.352405 0.935848 0
    outer loop
      vertex 10.3697 2.41103 1.8
      vertex 10.4401 2.43754 0
      vertex 10.3697 2.41103 0
    endloop
  endfacet
  facet normal 0.0326909 -0.999466 0
    outer loop
      vertex 9.92479 4.64754 0
      vertex 10 4.65 1.8
      vertex 9.92479 4.64754 1.8
    endloop
  endfacet
  facet normal 0.0326909 -0.999466 0
    outer loop
      vertex 10 4.65 1.8
      vertex 9.92479 4.64754 0
      vertex 10 4.65 0
    endloop
  endfacet
  facet normal 0.227091 -0.973874 0
    outer loop
      vertex 9.70236 4.61081 0
      vertex 9.77565 4.6279 1.8
      vertex 9.70236 4.61081 1.8
    endloop
  endfacet
  facet normal 0.227091 -0.973874 0
    outer loop
      vertex 9.77565 4.6279 1.8
      vertex 9.70236 4.61081 0
      vertex 9.77565 4.6279 0
    endloop
  endfacet
  facet normal -0.957103 -0.289749 0
    outer loop
      vertex 11.1108 3.79764 0
      vertex 11.089 3.86965 1.8
      vertex 11.089 3.86965 0
    endloop
  endfacet
  facet normal -0.957103 -0.289749 0
    outer loop
      vertex 11.089 3.86965 1.8
      vertex 11.1108 3.79764 0
      vertex 11.1108 3.79764 1.8
    endloop
  endfacet
  facet normal -0.471174 -0.88204 0
    outer loop
      vertex 10.5086 4.5314 0
      vertex 10.575 4.49593 1.8
      vertex 10.5086 4.5314 1.8
    endloop
  endfacet
  facet normal -0.471174 -0.88204 -0
    outer loop
      vertex 10.575 4.49593 1.8
      vertex 10.5086 4.5314 0
      vertex 10.575 4.49593 0
    endloop
  endfacet
  facet normal -0.683146 -0.730282 0
    outer loop
      vertex 10.7582 4.36462 0
      vertex 10.8132 4.31317 1.8
      vertex 10.7582 4.36462 1.8
    endloop
  endfacet
  facet normal -0.683146 -0.730282 -0
    outer loop
      vertex 10.8132 4.31317 1.8
      vertex 10.7582 4.36462 0
      vertex 10.8132 4.31317 0
    endloop
  endfacet
  facet normal -0.290026 0.957019 0
    outer loop
      vertex 10.3697 2.41103 0
      vertex 10.2976 2.38918 1.8
      vertex 10.3697 2.41103 1.8
    endloop
  endfacet
  facet normal -0.290026 0.957019 0
    outer loop
      vertex 10.2976 2.38918 1.8
      vertex 10.3697 2.41103 0
      vertex 10.2976 2.38918 0
    endloop
  endfacet
  facet normal -0.995283 -0.0970165 0
    outer loop
      vertex 11.1475 3.57521 0
      vertex 11.1402 3.6501 1.8
      vertex 11.1402 3.6501 0
    endloop
  endfacet
  facet normal -0.995283 -0.0970165 0
    outer loop
      vertex 11.1402 3.6501 1.8
      vertex 11.1475 3.57521 0
      vertex 11.1475 3.57521 1.8
    endloop
  endfacet
  facet normal -0.22723 0.973841 0
    outer loop
      vertex 10.2976 2.38918 0
      vertex 10.2244 2.3721 1.8
      vertex 10.2976 2.38918 1.8
    endloop
  endfacet
  facet normal -0.22723 0.973841 0
    outer loop
      vertex 10.2244 2.3721 1.8
      vertex 10.2976 2.38918 0
      vertex 10.2244 2.3721 0
    endloop
  endfacet
  facet normal -0.986555 -0.163429 0
    outer loop
      vertex 11.1402 3.6501 0
      vertex 11.1279 3.72435 1.8
      vertex 11.1279 3.72435 0
    endloop
  endfacet
  facet normal -0.986555 -0.163429 0
    outer loop
      vertex 11.1279 3.72435 1.8
      vertex 11.1402 3.6501 0
      vertex 11.1402 3.6501 1.8
    endloop
  endfacet
  facet normal 0.0326909 0.999466 -0
    outer loop
      vertex 10 2.35 0
      vertex 9.92479 2.35246 1.8
      vertex 10 2.35 1.8
    endloop
  endfacet
  facet normal 0.0326909 0.999466 0
    outer loop
      vertex 9.92479 2.35246 1.8
      vertex 10 2.35 0
      vertex 9.92479 2.35246 0
    endloop
  endfacet
  facet normal 0.290199 -0.956966 0
    outer loop
      vertex 9.63034 4.58897 0
      vertex 9.70236 4.61081 1.8
      vertex 9.63034 4.58897 1.8
    endloop
  endfacet
  facet normal 0.290199 -0.956966 0
    outer loop
      vertex 9.70236 4.61081 1.8
      vertex 9.63034 4.58897 0
      vertex 9.70236 4.61081 0
    endloop
  endfacet
  facet normal 0.162933 0.986637 -0
    outer loop
      vertex 9.84989 2.35984 0
      vertex 9.77565 2.3721 1.8
      vertex 9.84989 2.35984 1.8
    endloop
  endfacet
  facet normal 0.162933 0.986637 0
    outer loop
      vertex 9.77565 2.3721 1.8
      vertex 9.84989 2.35984 0
      vertex 9.77565 2.3721 0
    endloop
  endfacet
  facet normal -0.412961 0.910749 0
    outer loop
      vertex 10.5086 2.4686 0
      vertex 10.4401 2.43754 1.8
      vertex 10.5086 2.4686 1.8
    endloop
  endfacet
  facet normal -0.412961 0.910749 0
    outer loop
      vertex 10.4401 2.43754 1.8
      vertex 10.5086 2.4686 0
      vertex 10.4401 2.43754 0
    endloop
  endfacet
  facet normal -0.772612 0.634878 0
    outer loop
      vertex 10.8646 2.74175 0
      vertex 10.9124 2.79992 1.8
      vertex 10.9124 2.79992 0
    endloop
  endfacet
  facet normal -0.772612 0.634878 0
    outer loop
      vertex 10.9124 2.79992 1.8
      vertex 10.8646 2.74175 0
      vertex 10.8646 2.74175 1.8
    endloop
  endfacet
  facet normal -0.0326953 0.999465 0
    outer loop
      vertex 10.0752 2.35246 0
      vertex 10 2.35 1.8
      vertex 10.0752 2.35246 1.8
    endloop
  endfacet
  facet normal -0.0326953 0.999465 0
    outer loop
      vertex 10 2.35 1.8
      vertex 10.0752 2.35246 0
      vertex 10 2.35 0
    endloop
  endfacet
  facet normal 0.528051 -0.849213 0
    outer loop
      vertex 9.36109 4.45619 0
      vertex 9.425 4.49593 1.8
      vertex 9.36109 4.45619 1.8
    endloop
  endfacet
  facet normal 0.528051 -0.849213 0
    outer loop
      vertex 9.425 4.49593 1.8
      vertex 9.36109 4.45619 0
      vertex 9.425 4.49593 0
    endloop
  endfacet
  facet normal 0.999466 -0.0326909 0
    outer loop
      vertex 8.85 3.5 1.8
      vertex 8.85246 3.57521 0
      vertex 8.85246 3.57521 1.8
    endloop
  endfacet
  facet normal 0.999466 -0.0326909 0
    outer loop
      vertex 8.85246 3.57521 0
      vertex 8.85 3.5 1.8
      vertex 8.85 3.5 0
    endloop
  endfacet
  facet normal 0.634402 -0.773003 0
    outer loop
      vertex 9.24175 4.36462 0
      vertex 9.29992 4.41236 1.8
      vertex 9.24175 4.36462 1.8
    endloop
  endfacet
  facet normal 0.634402 -0.773003 0
    outer loop
      vertex 9.29992 4.41236 1.8
      vertex 9.24175 4.36462 0
      vertex 9.29992 4.41236 0
    endloop
  endfacet
  facet normal -0.0980565 -0.995181 0
    outer loop
      vertex 10.0752 4.64754 0
      vertex 10.1501 4.64016 1.8
      vertex 10.0752 4.64754 1.8
    endloop
  endfacet
  facet normal -0.0980565 -0.995181 -0
    outer loop
      vertex 10.1501 4.64016 1.8
      vertex 10.0752 4.64754 0
      vertex 10.1501 4.64016 0
    endloop
  endfacet
  facet normal -0.471174 0.88204 0
    outer loop
      vertex 10.575 2.50407 0
      vertex 10.5086 2.4686 1.8
      vertex 10.575 2.50407 1.8
    endloop
  endfacet
  facet normal -0.471174 0.88204 0
    outer loop
      vertex 10.5086 2.4686 1.8
      vertex 10.575 2.50407 0
      vertex 10.5086 2.4686 0
    endloop
  endfacet
  facet normal 0.0980565 -0.995181 0
    outer loop
      vertex 9.84989 4.64016 0
      vertex 9.92479 4.64754 1.8
      vertex 9.84989 4.64016 1.8
    endloop
  endfacet
  facet normal 0.0980565 -0.995181 0
    outer loop
      vertex 9.92479 4.64754 1.8
      vertex 9.84989 4.64016 0
      vertex 9.92479 4.64754 0
    endloop
  endfacet
  facet normal -0.352405 -0.935848 0
    outer loop
      vertex 10.3697 4.58897 0
      vertex 10.4401 4.56246 1.8
      vertex 10.3697 4.58897 1.8
    endloop
  endfacet
  facet normal -0.352405 -0.935848 -0
    outer loop
      vertex 10.4401 4.56246 1.8
      vertex 10.3697 4.58897 0
      vertex 10.4401 4.56246 0
    endloop
  endfacet
  facet normal -0.412961 -0.910749 0
    outer loop
      vertex 10.4401 4.56246 0
      vertex 10.5086 4.5314 1.8
      vertex 10.4401 4.56246 1.8
    endloop
  endfacet
  facet normal -0.412961 -0.910749 -0
    outer loop
      vertex 10.5086 4.5314 1.8
      vertex 10.4401 4.56246 0
      vertex 10.5086 4.5314 0
    endloop
  endfacet
  facet normal -0.910639 0.413202 0
    outer loop
      vertex 11.0314 2.99137 0
      vertex 11.0625 3.05991 1.8
      vertex 11.0625 3.05991 0
    endloop
  endfacet
  facet normal -0.910639 0.413202 0
    outer loop
      vertex 11.0625 3.05991 1.8
      vertex 11.0314 2.99137 0
      vertex 11.0314 2.99137 1.8
    endloop
  endfacet
  facet normal -0.730117 -0.683322 0
    outer loop
      vertex 10.8646 4.25825 0
      vertex 10.8132 4.31317 1.8
      vertex 10.8132 4.31317 0
    endloop
  endfacet
  facet normal -0.730117 -0.683322 0
    outer loop
      vertex 10.8132 4.31317 1.8
      vertex 10.8646 4.25825 0
      vertex 10.8646 4.25825 1.8
    endloop
  endfacet
  facet normal -0.289904 -0.957056 0
    outer loop
      vertex 10.2976 4.61081 0
      vertex 10.3697 4.58897 1.8
      vertex 10.2976 4.61081 1.8
    endloop
  endfacet
  facet normal -0.289904 -0.957056 -0
    outer loop
      vertex 10.3697 4.58897 1.8
      vertex 10.2976 4.61081 0
      vertex 10.3697 4.58897 0
    endloop
  endfacet
  facet normal 0.582444 0.812871 -0
    outer loop
      vertex 9.36109 2.54381 0
      vertex 9.29992 2.58764 1.8
      vertex 9.36109 2.54381 1.8
    endloop
  endfacet
  facet normal 0.582444 0.812871 0
    outer loop
      vertex 9.29992 2.58764 1.8
      vertex 9.36109 2.54381 0
      vertex 9.29992 2.58764 0
    endloop
  endfacet
  facet normal -0.730117 0.683322 0
    outer loop
      vertex 10.8132 2.68683 0
      vertex 10.8646 2.74175 1.8
      vertex 10.8646 2.74175 0
    endloop
  endfacet
  facet normal -0.730117 0.683322 0
    outer loop
      vertex 10.8646 2.74175 1.8
      vertex 10.8132 2.68683 0
      vertex 10.8132 2.68683 1.8
    endloop
  endfacet
  facet normal -0.162805 -0.986658 0
    outer loop
      vertex 10.1501 4.64016 0
      vertex 10.2244 4.6279 1.8
      vertex 10.1501 4.64016 1.8
    endloop
  endfacet
  facet normal -0.162805 -0.986658 -0
    outer loop
      vertex 10.2244 4.6279 1.8
      vertex 10.1501 4.64016 0
      vertex 10.2244 4.6279 0
    endloop
  endfacet
  facet normal -0.162805 0.986658 0
    outer loop
      vertex 10.2244 2.3721 0
      vertex 10.1501 2.35984 1.8
      vertex 10.2244 2.3721 1.8
    endloop
  endfacet
  facet normal -0.162805 0.986658 0
    outer loop
      vertex 10.1501 2.35984 1.8
      vertex 10.2244 2.3721 0
      vertex 10.1501 2.35984 0
    endloop
  endfacet
  facet normal -0.973844 0.227217 0
    outer loop
      vertex 11.1108 3.20236 0
      vertex 11.1279 3.27565 1.8
      vertex 11.1279 3.27565 0
    endloop
  endfacet
  facet normal -0.973844 0.227217 0
    outer loop
      vertex 11.1279 3.27565 1.8
      vertex 11.1108 3.20236 0
      vertex 11.1108 3.20236 1.8
    endloop
  endfacet
  facet normal -0.772612 -0.634878 0
    outer loop
      vertex 10.9124 4.20008 0
      vertex 10.8646 4.25825 1.8
      vertex 10.8646 4.25825 0
    endloop
  endfacet
  facet normal -0.772612 -0.634878 0
    outer loop
      vertex 10.8646 4.25825 1.8
      vertex 10.9124 4.20008 0
      vertex 10.9124 4.20008 1.8
    endloop
  endfacet
  facet normal -0.813059 -0.582181 0
    outer loop
      vertex 10.9562 4.13891 0
      vertex 10.9124 4.20008 1.8
      vertex 10.9124 4.20008 0
    endloop
  endfacet
  facet normal -0.813059 -0.582181 0
    outer loop
      vertex 10.9124 4.20008 1.8
      vertex 10.9562 4.13891 0
      vertex 10.9562 4.13891 1.8
    endloop
  endfacet
  facet normal -0.683146 0.730282 0
    outer loop
      vertex 10.8132 2.68683 0
      vertex 10.7582 2.63538 1.8
      vertex 10.8132 2.68683 1.8
    endloop
  endfacet
  facet normal -0.683146 0.730282 0
    outer loop
      vertex 10.7582 2.63538 1.8
      vertex 10.8132 2.68683 0
      vertex 10.7582 2.63538 0
    endloop
  endfacet
  facet normal 0.582444 -0.812871 0
    outer loop
      vertex 9.29992 4.41236 0
      vertex 9.36109 4.45619 1.8
      vertex 9.29992 4.41236 1.8
    endloop
  endfacet
  facet normal 0.582444 -0.812871 0
    outer loop
      vertex 9.36109 4.45619 1.8
      vertex 9.29992 4.41236 0
      vertex 9.36109 4.45619 0
    endloop
  endfacet
  facet normal -0.813059 0.582181 0
    outer loop
      vertex 10.9124 2.79992 0
      vertex 10.9562 2.86109 1.8
      vertex 10.9562 2.86109 0
    endloop
  endfacet
  facet normal -0.813059 0.582181 0
    outer loop
      vertex 10.9562 2.86109 1.8
      vertex 10.9124 2.79992 0
      vertex 10.9124 2.79992 1.8
    endloop
  endfacet
  facet normal -0.935957 -0.352113 0
    outer loop
      vertex 11.089 3.86965 0
      vertex 11.0625 3.94009 1.8
      vertex 11.0625 3.94009 0
    endloop
  endfacet
  facet normal -0.935957 -0.352113 0
    outer loop
      vertex 11.0625 3.94009 1.8
      vertex 11.089 3.86965 0
      vertex 11.089 3.86965 1.8
    endloop
  endfacet
  facet normal 0.773003 0.634402 0
    outer loop
      vertex 9.13538 2.74175 1.8
      vertex 9.08764 2.79992 0
      vertex 9.08764 2.79992 1.8
    endloop
  endfacet
  facet normal 0.773003 0.634402 0
    outer loop
      vertex 9.08764 2.79992 0
      vertex 9.13538 2.74175 1.8
      vertex 9.13538 2.74175 0
    endloop
  endfacet
  facet normal 0.881952 0.47134 0
    outer loop
      vertex 9.00407 2.925 1.8
      vertex 8.9686 2.99137 0
      vertex 8.9686 2.99137 1.8
    endloop
  endfacet
  facet normal 0.881952 0.47134 0
    outer loop
      vertex 8.9686 2.99137 0
      vertex 9.00407 2.925 1.8
      vertex 9.00407 2.925 0
    endloop
  endfacet
  facet normal 0.910839 -0.412761 0
    outer loop
      vertex 8.93754 3.94009 1.8
      vertex 8.9686 4.00863 0
      vertex 8.9686 4.00863 1.8
    endloop
  endfacet
  facet normal 0.910839 -0.412761 0
    outer loop
      vertex 8.9686 4.00863 0
      vertex 8.93754 3.94009 1.8
      vertex 8.93754 3.94009 0
    endloop
  endfacet
  facet normal 0.956929 0.290321 0
    outer loop
      vertex 8.91103 3.13034 1.8
      vertex 8.88918 3.20236 0
      vertex 8.88918 3.20236 1.8
    endloop
  endfacet
  facet normal 0.956929 0.290321 0
    outer loop
      vertex 8.88918 3.20236 0
      vertex 8.91103 3.13034 1.8
      vertex 8.91103 3.13034 0
    endloop
  endfacet
  facet normal -0.634859 -0.772628 0
    outer loop
      vertex 10.7001 4.41236 0
      vertex 10.7582 4.36462 1.8
      vertex 10.7001 4.41236 1.8
    endloop
  endfacet
  facet normal -0.634859 -0.772628 -0
    outer loop
      vertex 10.7582 4.36462 1.8
      vertex 10.7001 4.41236 0
      vertex 10.7582 4.36462 0
    endloop
  endfacet
  facet normal -0.52811 0.849176 0
    outer loop
      vertex 10.6389 2.54381 0
      vertex 10.575 2.50407 1.8
      vertex 10.6389 2.54381 1.8
    endloop
  endfacet
  facet normal -0.52811 0.849176 0
    outer loop
      vertex 10.575 2.50407 1.8
      vertex 10.6389 2.54381 0
      vertex 10.575 2.50407 0
    endloop
  endfacet
  facet normal 0.634402 0.773003 -0
    outer loop
      vertex 9.29992 2.58764 0
      vertex 9.24175 2.63538 1.8
      vertex 9.29992 2.58764 1.8
    endloop
  endfacet
  facet normal 0.634402 0.773003 0
    outer loop
      vertex 9.24175 2.63538 1.8
      vertex 9.29992 2.58764 0
      vertex 9.24175 2.63538 0
    endloop
  endfacet
  facet normal -0.881786 0.47165 0
    outer loop
      vertex 10.9959 2.925 0
      vertex 11.0314 2.99137 1.8
      vertex 11.0314 2.99137 0
    endloop
  endfacet
  facet normal -0.881786 0.47165 0
    outer loop
      vertex 11.0314 2.99137 1.8
      vertex 10.9959 2.925 0
      vertex 10.9959 2.925 1.8
    endloop
  endfacet
  facet normal 0.849213 -0.528051 0
    outer loop
      vertex 9.00407 4.075 1.8
      vertex 9.04381 4.13891 0
      vertex 9.04381 4.13891 1.8
    endloop
  endfacet
  facet normal 0.849213 -0.528051 0
    outer loop
      vertex 9.04381 4.13891 0
      vertex 9.00407 4.075 1.8
      vertex 9.00407 4.075 0
    endloop
  endfacet
  facet normal 0.986637 0.162933 0
    outer loop
      vertex 8.8721 3.27565 1.8
      vertex 8.85984 3.34989 0
      vertex 8.85984 3.34989 1.8
    endloop
  endfacet
  facet normal 0.986637 0.162933 0
    outer loop
      vertex 8.85984 3.34989 0
      vertex 8.8721 3.27565 1.8
      vertex 8.8721 3.27565 0
    endloop
  endfacet
  facet normal 0.226965 0.973903 -0
    outer loop
      vertex 9.77565 2.3721 0
      vertex 9.70236 2.38918 1.8
      vertex 9.77565 2.3721 1.8
    endloop
  endfacet
  facet normal 0.226965 0.973903 0
    outer loop
      vertex 9.70236 2.38918 1.8
      vertex 9.77565 2.3721 0
      vertex 9.70236 2.38918 0
    endloop
  endfacet
  facet normal 0.935914 -0.35223 0
    outer loop
      vertex 8.91103 3.86965 1.8
      vertex 8.93754 3.94009 0
      vertex 8.93754 3.94009 1.8
    endloop
  endfacet
  facet normal 0.935914 -0.35223 0
    outer loop
      vertex 8.93754 3.94009 0
      vertex 8.91103 3.86965 1.8
      vertex 8.91103 3.86965 0
    endloop
  endfacet
  facet normal 0.683676 -0.729786 0
    outer loop
      vertex 9.18683 4.31317 0
      vertex 9.24175 4.36462 1.8
      vertex 9.18683 4.31317 1.8
    endloop
  endfacet
  facet normal 0.683676 -0.729786 0
    outer loop
      vertex 9.24175 4.36462 1.8
      vertex 9.18683 4.31317 0
      vertex 9.24175 4.36462 0
    endloop
  endfacet
  facet normal 0.849213 0.528051 0
    outer loop
      vertex 9.04381 2.86109 1.8
      vertex 9.00407 2.925 0
      vertex 9.00407 2.925 1.8
    endloop
  endfacet
  facet normal 0.849213 0.528051 0
    outer loop
      vertex 9.00407 2.925 0
      vertex 9.04381 2.86109 1.8
      vertex 9.04381 2.86109 0
    endloop
  endfacet
  facet normal 0.881952 -0.47134 0
    outer loop
      vertex 8.9686 4.00863 1.8
      vertex 9.00407 4.075 0
      vertex 9.00407 4.075 1.8
    endloop
  endfacet
  facet normal 0.881952 -0.47134 0
    outer loop
      vertex 9.00407 4.075 0
      vertex 8.9686 4.00863 1.8
      vertex 8.9686 4.00863 0
    endloop
  endfacet
  facet normal -0.227356 -0.973812 0
    outer loop
      vertex 10.2244 4.6279 0
      vertex 10.2976 4.61081 1.8
      vertex 10.2244 4.6279 1.8
    endloop
  endfacet
  facet normal -0.227356 -0.973812 -0
    outer loop
      vertex 10.2976 4.61081 1.8
      vertex 10.2244 4.6279 0
      vertex 10.2976 4.61081 0
    endloop
  endfacet
  facet normal 0.812871 0.582444 0
    outer loop
      vertex 9.08764 2.79992 1.8
      vertex 9.04381 2.86109 0
      vertex 9.04381 2.86109 1.8
    endloop
  endfacet
  facet normal 0.812871 0.582444 0
    outer loop
      vertex 9.04381 2.86109 0
      vertex 9.08764 2.79992 1.8
      vertex 9.08764 2.79992 0
    endloop
  endfacet
  facet normal 0.528051 0.849213 -0
    outer loop
      vertex 9.425 2.50407 0
      vertex 9.36109 2.54381 1.8
      vertex 9.425 2.50407 1.8
    endloop
  endfacet
  facet normal 0.528051 0.849213 0
    outer loop
      vertex 9.36109 2.54381 1.8
      vertex 9.425 2.50407 0
      vertex 9.36109 2.54381 0
    endloop
  endfacet
  facet normal -0.634859 0.772628 0
    outer loop
      vertex 10.7582 2.63538 0
      vertex 10.7001 2.58764 1.8
      vertex 10.7582 2.63538 1.8
    endloop
  endfacet
  facet normal -0.634859 0.772628 0
    outer loop
      vertex 10.7001 2.58764 1.8
      vertex 10.7582 2.63538 0
      vertex 10.7001 2.58764 0
    endloop
  endfacet
  facet normal -0.582256 0.813006 0
    outer loop
      vertex 10.7001 2.58764 0
      vertex 10.6389 2.54381 1.8
      vertex 10.7001 2.58764 1.8
    endloop
  endfacet
  facet normal -0.582256 0.813006 0
    outer loop
      vertex 10.6389 2.54381 1.8
      vertex 10.7001 2.58764 0
      vertex 10.6389 2.54381 0
    endloop
  endfacet
  facet normal 0.0980565 0.995181 -0
    outer loop
      vertex 9.92479 2.35246 0
      vertex 9.84989 2.35984 1.8
      vertex 9.92479 2.35246 1.8
    endloop
  endfacet
  facet normal 0.0980565 0.995181 0
    outer loop
      vertex 9.84989 2.35984 1.8
      vertex 9.92479 2.35246 0
      vertex 9.84989 2.35984 0
    endloop
  endfacet
  facet normal 0.995181 0.0980565 0
    outer loop
      vertex 8.85984 3.34989 1.8
      vertex 8.85246 3.42479 0
      vertex 8.85246 3.42479 1.8
    endloop
  endfacet
  facet normal 0.995181 0.0980565 0
    outer loop
      vertex 8.85246 3.42479 0
      vertex 8.85984 3.34989 1.8
      vertex 8.85984 3.34989 0
    endloop
  endfacet
  facet normal 0.412761 0.910839 -0
    outer loop
      vertex 9.55991 2.43754 0
      vertex 9.49137 2.4686 1.8
      vertex 9.55991 2.43754 1.8
    endloop
  endfacet
  facet normal 0.412761 0.910839 0
    outer loop
      vertex 9.49137 2.4686 1.8
      vertex 9.55991 2.43754 0
      vertex 9.49137 2.4686 0
    endloop
  endfacet
  facet normal 0.973903 -0.226965 0
    outer loop
      vertex 8.8721 3.72435 1.8
      vertex 8.88918 3.79764 0
      vertex 8.88918 3.79764 1.8
    endloop
  endfacet
  facet normal 0.973903 -0.226965 0
    outer loop
      vertex 8.88918 3.79764 0
      vertex 8.8721 3.72435 1.8
      vertex 8.8721 3.72435 0
    endloop
  endfacet
  facet normal -0.935941 0.352157 0
    outer loop
      vertex 11.0625 3.05991 0
      vertex 11.089 3.13034 1.8
      vertex 11.089 3.13034 0
    endloop
  endfacet
  facet normal -0.935941 0.352157 0
    outer loop
      vertex 11.089 3.13034 1.8
      vertex 11.0625 3.05991 0
      vertex 11.0625 3.05991 1.8
    endloop
  endfacet
  facet normal 0.47134 0.881952 -0
    outer loop
      vertex 9.49137 2.4686 0
      vertex 9.425 2.50407 1.8
      vertex 9.49137 2.4686 1.8
    endloop
  endfacet
  facet normal 0.47134 0.881952 0
    outer loop
      vertex 9.425 2.50407 1.8
      vertex 9.49137 2.4686 0
      vertex 9.425 2.50407 0
    endloop
  endfacet
  facet normal 0.812871 -0.582444 0
    outer loop
      vertex 9.04381 4.13891 1.8
      vertex 9.08764 4.20008 0
      vertex 9.08764 4.20008 1.8
    endloop
  endfacet
  facet normal 0.812871 -0.582444 0
    outer loop
      vertex 9.08764 4.20008 0
      vertex 9.04381 4.13891 1.8
      vertex 9.04381 4.13891 0
    endloop
  endfacet
  facet normal -0.352128 0.935952 0
    outer loop
      vertex -11.4643 6.34079 0
      vertex -11.6481 6.27164 1.8
      vertex -11.4643 6.34079 1.8
    endloop
  endfacet
  facet normal -0.352128 0.935952 0
    outer loop
      vertex -11.6481 6.27164 1.8
      vertex -11.4643 6.34079 0
      vertex -11.6481 6.27164 0
    endloop
  endfacet
  facet normal 0.162895 -0.986643 0
    outer loop
      vertex 10.8916 -6.47433 0
      vertex 11.0853 -6.44235 1.8
      vertex 10.8916 -6.47433 1.8
    endloop
  endfacet
  facet normal 0.162895 -0.986643 0
    outer loop
      vertex 11.0853 -6.44235 1.8
      vertex 10.8916 -6.47433 0
      vertex 11.0853 -6.44235 0
    endloop
  endfacet
  facet normal 0 -1 0
    outer loop
      vertex -10.5 -6.5 0
      vertex 10.5 -6.5 1.8
      vertex -10.5 -6.5 1.8
    endloop
  endfacet
  facet normal 0 -1 -0
    outer loop
      vertex 10.5 -6.5 1.8
      vertex -10.5 -6.5 0
      vertex 10.5 -6.5 0
    endloop
  endfacet
  facet normal 0.0980413 -0.995182 0
    outer loop
      vertex 10.6962 -6.49358 0
      vertex 10.8916 -6.47433 1.8
      vertex 10.6962 -6.49358 1.8
    endloop
  endfacet
  facet normal 0.0980413 -0.995182 0
    outer loop
      vertex 10.8916 -6.47433 1.8
      vertex 10.6962 -6.49358 0
      vertex 10.8916 -6.47433 0
    endloop
  endfacet
  facet normal -0.290385 0.95691 0
    outer loop
      vertex -11.2765 6.39778 0
      vertex -11.4643 6.34079 1.8
      vertex -11.2765 6.39778 1.8
    endloop
  endfacet
  facet normal -0.290385 0.95691 0
    outer loop
      vertex -11.4643 6.34079 1.8
      vertex -11.2765 6.39778 0
      vertex -11.4643 6.34079 0
    endloop
  endfacet
  facet normal 0.683551 -0.729902 0
    outer loop
      vertex 12.478 -5.75552 0
      vertex 12.6213 -5.62132 1.8
      vertex 12.478 -5.75552 1.8
    endloop
  endfacet
  facet normal 0.683551 -0.729902 0
    outer loop
      vertex 12.6213 -5.62132 1.8
      vertex 12.478 -5.75552 0
      vertex 12.6213 -5.62132 0
    endloop
  endfacet
  facet normal 0.0327042 -0.999465 0
    outer loop
      vertex 10.5 -6.5 0
      vertex 10.6962 -6.49358 1.8
      vertex 10.5 -6.5 1.8
    endloop
  endfacet
  facet normal 0.0327042 -0.999465 0
    outer loop
      vertex 10.6962 -6.49358 1.8
      vertex 10.5 -6.5 0
      vertex 10.6962 -6.49358 0
    endloop
  endfacet
  facet normal -1 0 0
    outer loop
      vertex -13.5 -3.5 0
      vertex -13.5 3.5 1.8
      vertex -13.5 3.5 0
    endloop
  endfacet
  facet normal -1 -0 0
    outer loop
      vertex -13.5 3.5 1.8
      vertex -13.5 -3.5 0
      vertex -13.5 -3.5 1.8
    endloop
  endfacet
  facet normal 0.634555 0.772878 -0
    outer loop
      vertex 12.478 5.75552 0
      vertex 12.3263 5.88007 1.8
      vertex 12.478 5.75552 1.8
    endloop
  endfacet
  facet normal 0.634555 0.772878 0
    outer loop
      vertex 12.3263 5.88007 1.8
      vertex 12.478 5.75552 0
      vertex 12.3263 5.88007 0
    endloop
  endfacet
  facet normal 0.729855 0.683602 0
    outer loop
      vertex 12.7555 5.47804 1.8
      vertex 12.6213 5.62132 0
      vertex 12.6213 5.62132 1.8
    endloop
  endfacet
  facet normal 0.729855 0.683602 0
    outer loop
      vertex 12.6213 5.62132 0
      vertex 12.7555 5.47804 1.8
      vertex 12.7555 5.47804 0
    endloop
  endfacet
  facet normal -0.471421 -0.881908 0
    outer loop
      vertex -12 -6.09808 0
      vertex -11.8269 -6.19061 1.8
      vertex -12 -6.09808 1.8
    endloop
  endfacet
  facet normal -0.471421 -0.881908 -0
    outer loop
      vertex -11.8269 -6.19061 1.8
      vertex -12 -6.09808 0
      vertex -11.8269 -6.19061 0
    endloop
  endfacet
  facet normal 0.882017 0.471217 0
    outer loop
      vertex 13.1906 4.82686 1.8
      vertex 13.0981 5 0
      vertex 13.0981 5 1.8
    endloop
  endfacet
  facet normal 0.882017 0.471217 0
    outer loop
      vertex 13.0981 5 0
      vertex 13.1906 4.82686 1.8
      vertex 13.1906 4.82686 0
    endloop
  endfacet
  facet normal -0.582418 0.812889 0
    outer loop
      vertex -12.1667 5.99442 0
      vertex -12.3263 5.88007 1.8
      vertex -12.1667 5.99442 1.8
    endloop
  endfacet
  facet normal -0.582418 0.812889 0
    outer loop
      vertex -12.3263 5.88007 1.8
      vertex -12.1667 5.99442 0
      vertex -12.3263 5.88007 0
    endloop
  endfacet
  facet normal 0.995156 0.0983134 0
    outer loop
      vertex 13.4936 3.69621 1.8
      vertex 13.4743 3.89157 0
      vertex 13.4743 3.89157 1.8
    endloop
  endfacet
  facet normal 0.995156 0.0983134 0
    outer loop
      vertex 13.4743 3.89157 0
      vertex 13.4936 3.69621 1.8
      vertex 13.4936 3.69621 0
    endloop
  endfacet
  facet normal -0.995156 -0.0983134 0
    outer loop
      vertex -13.4743 -3.89157 0
      vertex -13.4936 -3.69621 1.8
      vertex -13.4936 -3.69621 0
    endloop
  endfacet
  facet normal -0.995156 -0.0983134 0
    outer loop
      vertex -13.4936 -3.69621 1.8
      vertex -13.4743 -3.89157 0
      vertex -13.4743 -3.89157 1.8
    endloop
  endfacet
  facet normal -0.0327042 0.999465 0
    outer loop
      vertex -10.5 6.5 0
      vertex -10.6962 6.49358 1.8
      vertex -10.5 6.5 1.8
    endloop
  endfacet
  facet normal -0.0327042 0.999465 0
    outer loop
      vertex -10.6962 6.49358 1.8
      vertex -10.5 6.5 0
      vertex -10.6962 6.49358 0
    endloop
  endfacet
  facet normal -0.0327042 -0.999465 0
    outer loop
      vertex -10.6962 -6.49358 0
      vertex -10.5 -6.5 1.8
      vertex -10.6962 -6.49358 1.8
    endloop
  endfacet
  facet normal -0.0327042 -0.999465 -0
    outer loop
      vertex -10.5 -6.5 1.8
      vertex -10.6962 -6.49358 0
      vertex -10.5 -6.5 0
    endloop
  endfacet
  facet normal -0.772876 -0.634557 0
    outer loop
      vertex -12.7555 -5.47804 0
      vertex -12.8801 -5.32628 1.8
      vertex -12.8801 -5.32628 0
    endloop
  endfacet
  facet normal -0.772876 -0.634557 0
    outer loop
      vertex -12.8801 -5.32628 1.8
      vertex -12.7555 -5.47804 0
      vertex -12.7555 -5.47804 1.8
    endloop
  endfacet
  facet normal 1 -0 0
    outer loop
      vertex 13.5 -3.5 1.8
      vertex 13.5 3.5 0
      vertex 13.5 3.5 1.8
    endloop
  endfacet
  facet normal 1 0 0
    outer loop
      vertex 13.5 3.5 0
      vertex 13.5 -3.5 1.8
      vertex 13.5 -3.5 0
    endloop
  endfacet
  facet normal -0.812941 0.582346 0
    outer loop
      vertex -12.9944 5.16672 0
      vertex -12.8801 5.32628 1.8
      vertex -12.8801 5.32628 0
    endloop
  endfacet
  facet normal -0.812941 0.582346 0
    outer loop
      vertex -12.8801 5.32628 1.8
      vertex -12.9944 5.16672 0
      vertex -12.9944 5.16672 1.8
    endloop
  endfacet
  facet normal -0.999468 0.0326008 0
    outer loop
      vertex -13.5 3.5 0
      vertex -13.4936 3.69621 1.8
      vertex -13.4936 3.69621 0
    endloop
  endfacet
  facet normal -0.999468 0.0326008 0
    outer loop
      vertex -13.4936 3.69621 1.8
      vertex -13.5 3.5 0
      vertex -13.5 3.5 1.8
    endloop
  endfacet
  facet normal -0.290385 -0.95691 0
    outer loop
      vertex -11.4643 -6.34079 0
      vertex -11.2765 -6.39778 1.8
      vertex -11.4643 -6.34079 1.8
    endloop
  endfacet
  facet normal -0.290385 -0.95691 -0
    outer loop
      vertex -11.2765 -6.39778 1.8
      vertex -11.4643 -6.34079 0
      vertex -11.2765 -6.39778 0
    endloop
  endfacet
  facet normal 0.0980413 0.995182 -0
    outer loop
      vertex 10.8916 6.47433 0
      vertex 10.6962 6.49358 1.8
      vertex 10.8916 6.47433 1.8
    endloop
  endfacet
  facet normal 0.0980413 0.995182 0
    outer loop
      vertex 10.6962 6.49358 1.8
      vertex 10.8916 6.47433 0
      vertex 10.6962 6.49358 0
    endloop
  endfacet
  facet normal 0.772876 0.634557 0
    outer loop
      vertex 12.8801 5.32628 1.8
      vertex 12.7555 5.47804 0
      vertex 12.7555 5.47804 1.8
    endloop
  endfacet
  facet normal 0.772876 0.634557 0
    outer loop
      vertex 12.7555 5.47804 0
      vertex 12.8801 5.32628 1.8
      vertex 12.8801 5.32628 0
    endloop
  endfacet
  facet normal -0.352128 -0.935952 0
    outer loop
      vertex -11.6481 -6.27164 0
      vertex -11.4643 -6.34079 1.8
      vertex -11.6481 -6.27164 1.8
    endloop
  endfacet
  facet normal -0.352128 -0.935952 -0
    outer loop
      vertex -11.4643 -6.34079 1.8
      vertex -11.6481 -6.27164 0
      vertex -11.4643 -6.34079 0
    endloop
  endfacet
  facet normal -0.973854 -0.227176 0
    outer loop
      vertex -13.3978 -4.27646 0
      vertex -13.4424 -4.08527 1.8
      vertex -13.4424 -4.08527 0
    endloop
  endfacet
  facet normal -0.973854 -0.227176 0
    outer loop
      vertex -13.4424 -4.08527 1.8
      vertex -13.3978 -4.27646 0
      vertex -13.3978 -4.27646 1.8
    endloop
  endfacet
  facet normal -0.812941 -0.582346 0
    outer loop
      vertex -12.8801 -5.32628 0
      vertex -12.9944 -5.16672 1.8
      vertex -12.9944 -5.16672 0
    endloop
  endfacet
  facet normal -0.812941 -0.582346 0
    outer loop
      vertex -12.9944 -5.16672 1.8
      vertex -12.8801 -5.32628 0
      vertex -12.8801 -5.32628 1.8
    endloop
  endfacet
  facet normal -0.634555 -0.772878 0
    outer loop
      vertex -12.478 -5.75552 0
      vertex -12.3263 -5.88007 1.8
      vertex -12.478 -5.75552 1.8
    endloop
  endfacet
  facet normal -0.634555 -0.772878 -0
    outer loop
      vertex -12.3263 -5.88007 1.8
      vertex -12.478 -5.75552 0
      vertex -12.3263 -5.88007 0
    endloop
  endfacet
  facet normal -0.882017 0.471217 0
    outer loop
      vertex -13.1906 4.82686 0
      vertex -13.0981 5 1.8
      vertex -13.0981 5 0
    endloop
  endfacet
  facet normal -0.882017 0.471217 0
    outer loop
      vertex -13.0981 5 1.8
      vertex -13.1906 4.82686 0
      vertex -13.1906 4.82686 1.8
    endloop
  endfacet
  facet normal 0.812941 0.582346 0
    outer loop
      vertex 12.9944 5.16672 1.8
      vertex 12.8801 5.32628 0
      vertex 12.8801 5.32628 1.8
    endloop
  endfacet
  facet normal 0.812941 0.582346 0
    outer loop
      vertex 12.8801 5.32628 0
      vertex 12.9944 5.16672 1.8
      vertex 12.9944 5.16672 0
    endloop
  endfacet
  facet normal 0 1 -0
    outer loop
      vertex 10.5 6.5 0
      vertex -10.5 6.5 1.8
      vertex 10.5 6.5 1.8
    endloop
  endfacet
  facet normal 0 1 0
    outer loop
      vertex -10.5 6.5 1.8
      vertex 10.5 6.5 0
      vertex -10.5 6.5 0
    endloop
  endfacet
  facet normal -0.582418 -0.812889 0
    outer loop
      vertex -12.3263 -5.88007 0
      vertex -12.1667 -5.99442 1.8
      vertex -12.3263 -5.88007 1.8
    endloop
  endfacet
  facet normal -0.582418 -0.812889 -0
    outer loop
      vertex -12.1667 -5.99442 1.8
      vertex -12.3263 -5.88007 0
      vertex -12.1667 -5.99442 0
    endloop
  endfacet
  facet normal -0.22702 -0.97389 0
    outer loop
      vertex -11.2765 -6.39778 0
      vertex -11.0853 -6.44235 1.8
      vertex -11.2765 -6.39778 1.8
    endloop
  endfacet
  facet normal -0.22702 -0.97389 -0
    outer loop
      vertex -11.0853 -6.44235 1.8
      vertex -11.2765 -6.39778 0
      vertex -11.0853 -6.44235 0
    endloop
  endfacet
  facet normal 0.999468 0.0326008 0
    outer loop
      vertex 13.5 3.5 1.8
      vertex 13.4936 3.69621 0
      vertex 13.4936 3.69621 1.8
    endloop
  endfacet
  facet normal 0.999468 0.0326008 0
    outer loop
      vertex 13.4936 3.69621 0
      vertex 13.5 3.5 1.8
      vertex 13.5 3.5 0
    endloop
  endfacet
  facet normal -0.634555 0.772878 0
    outer loop
      vertex -12.3263 5.88007 0
      vertex -12.478 5.75552 1.8
      vertex -12.3263 5.88007 1.8
    endloop
  endfacet
  facet normal -0.634555 0.772878 0
    outer loop
      vertex -12.478 5.75552 1.8
      vertex -12.3263 5.88007 0
      vertex -12.478 5.75552 0
    endloop
  endfacet
  facet normal -0.986709 -0.162499 0
    outer loop
      vertex -13.4424 -4.08527 0
      vertex -13.4743 -3.89157 1.8
      vertex -13.4743 -3.89157 0
    endloop
  endfacet
  facet normal -0.986709 -0.162499 0
    outer loop
      vertex -13.4743 -3.89157 1.8
      vertex -13.4424 -4.08527 0
      vertex -13.4424 -4.08527 1.8
    endloop
  endfacet
  facet normal -0.910889 0.412651 0
    outer loop
      vertex -13.2716 4.64806 0
      vertex -13.1906 4.82686 1.8
      vertex -13.1906 4.82686 0
    endloop
  endfacet
  facet normal -0.910889 0.412651 0
    outer loop
      vertex -13.1906 4.82686 1.8
      vertex -13.2716 4.64806 0
      vertex -13.2716 4.64806 1.8
    endloop
  endfacet
  facet normal 0.956922 0.290347 0
    outer loop
      vertex 13.3978 4.27646 1.8
      vertex 13.3408 4.46432 0
      vertex 13.3408 4.46432 1.8
    endloop
  endfacet
  facet normal 0.956922 0.290347 0
    outer loop
      vertex 13.3408 4.46432 0
      vertex 13.3978 4.27646 1.8
      vertex 13.3978 4.27646 0
    endloop
  endfacet
  facet normal -0.412778 -0.910832 0
    outer loop
      vertex -11.8269 -6.19061 0
      vertex -11.6481 -6.27164 1.8
      vertex -11.8269 -6.19061 1.8
    endloop
  endfacet
  facet normal -0.412778 -0.910832 -0
    outer loop
      vertex -11.6481 -6.27164 1.8
      vertex -11.8269 -6.19061 0
      vertex -11.6481 -6.27164 0
    endloop
  endfacet
  facet normal 0.582418 0.812889 -0
    outer loop
      vertex 12.3263 5.88007 0
      vertex 12.1667 5.99442 1.8
      vertex 12.3263 5.88007 1.8
    endloop
  endfacet
  facet normal 0.582418 0.812889 0
    outer loop
      vertex 12.1667 5.99442 1.8
      vertex 12.3263 5.88007 0
      vertex 12.1667 5.99442 0
    endloop
  endfacet
  facet normal -0.0980413 0.995182 0
    outer loop
      vertex -10.6962 6.49358 0
      vertex -10.8916 6.47433 1.8
      vertex -10.6962 6.49358 1.8
    endloop
  endfacet
  facet normal -0.0980413 0.995182 0
    outer loop
      vertex -10.8916 6.47433 1.8
      vertex -10.6962 6.49358 0
      vertex -10.8916 6.47433 0
    endloop
  endfacet
  facet normal 0.910889 0.412651 0
    outer loop
      vertex 13.2716 4.64806 1.8
      vertex 13.1906 4.82686 0
      vertex 13.1906 4.82686 1.8
    endloop
  endfacet
  facet normal 0.910889 0.412651 0
    outer loop
      vertex 13.1906 4.82686 0
      vertex 13.2716 4.64806 1.8
      vertex 13.2716 4.64806 0
    endloop
  endfacet
  facet normal -0.162895 0.986643 0
    outer loop
      vertex -10.8916 6.47433 0
      vertex -11.0853 6.44235 1.8
      vertex -10.8916 6.47433 1.8
    endloop
  endfacet
  facet normal -0.162895 0.986643 0
    outer loop
      vertex -11.0853 6.44235 1.8
      vertex -10.8916 6.47433 0
      vertex -11.0853 6.44235 0
    endloop
  endfacet
  facet normal -0.999468 -0.0326008 0
    outer loop
      vertex -13.4936 -3.69621 0
      vertex -13.5 -3.5 1.8
      vertex -13.5 -3.5 0
    endloop
  endfacet
  facet normal -0.999468 -0.0326008 0
    outer loop
      vertex -13.5 -3.5 1.8
      vertex -13.4936 -3.69621 0
      vertex -13.4936 -3.69621 1.8
    endloop
  endfacet
  facet normal 0.22702 0.97389 -0
    outer loop
      vertex 11.2765 6.39778 0
      vertex 11.0853 6.44235 1.8
      vertex 11.2765 6.39778 1.8
    endloop
  endfacet
  facet normal 0.22702 0.97389 0
    outer loop
      vertex 11.0853 6.44235 1.8
      vertex 11.2765 6.39778 0
      vertex 11.0853 6.44235 0
    endloop
  endfacet
  facet normal -0.849141 0.528166 0
    outer loop
      vertex -13.0981 5 0
      vertex -12.9944 5.16672 1.8
      vertex -12.9944 5.16672 0
    endloop
  endfacet
  facet normal -0.849141 0.528166 0
    outer loop
      vertex -12.9944 5.16672 1.8
      vertex -13.0981 5 0
      vertex -13.0981 5 1.8
    endloop
  endfacet
  facet normal 0.412778 0.910832 -0
    outer loop
      vertex 11.8269 6.19061 0
      vertex 11.6481 6.27164 1.8
      vertex 11.8269 6.19061 1.8
    endloop
  endfacet
  facet normal 0.412778 0.910832 0
    outer loop
      vertex 11.6481 6.27164 1.8
      vertex 11.8269 6.19061 0
      vertex 11.6481 6.27164 0
    endloop
  endfacet
  facet normal -0.849141 -0.528166 0
    outer loop
      vertex -12.9944 -5.16672 0
      vertex -13.0981 -5 1.8
      vertex -13.0981 -5 0
    endloop
  endfacet
  facet normal -0.849141 -0.528166 0
    outer loop
      vertex -13.0981 -5 1.8
      vertex -12.9944 -5.16672 0
      vertex -12.9944 -5.16672 1.8
    endloop
  endfacet
  facet normal 0.973854 0.227176 0
    outer loop
      vertex 13.4424 4.08527 1.8
      vertex 13.3978 4.27646 0
      vertex 13.3978 4.27646 1.8
    endloop
  endfacet
  facet normal 0.973854 0.227176 0
    outer loop
      vertex 13.3978 4.27646 0
      vertex 13.4424 4.08527 1.8
      vertex 13.4424 4.08527 0
    endloop
  endfacet
  facet normal 0.999468 -0.0326008 0
    outer loop
      vertex 13.4936 -3.69621 1.8
      vertex 13.5 -3.5 0
      vertex 13.5 -3.5 1.8
    endloop
  endfacet
  facet normal 0.999468 -0.0326008 0
    outer loop
      vertex 13.5 -3.5 0
      vertex 13.4936 -3.69621 1.8
      vertex 13.4936 -3.69621 0
    endloop
  endfacet
  facet normal -0.162895 -0.986643 0
    outer loop
      vertex -11.0853 -6.44235 0
      vertex -10.8916 -6.47433 1.8
      vertex -11.0853 -6.44235 1.8
    endloop
  endfacet
  facet normal -0.162895 -0.986643 -0
    outer loop
      vertex -10.8916 -6.47433 1.8
      vertex -11.0853 -6.44235 0
      vertex -10.8916 -6.47433 0
    endloop
  endfacet
  facet normal 0.22702 -0.97389 0
    outer loop
      vertex 11.0853 -6.44235 0
      vertex 11.2765 -6.39778 1.8
      vertex 11.0853 -6.44235 1.8
    endloop
  endfacet
  facet normal 0.22702 -0.97389 0
    outer loop
      vertex 11.2765 -6.39778 1.8
      vertex 11.0853 -6.44235 0
      vertex 11.2765 -6.39778 0
    endloop
  endfacet
  facet normal 0.973854 -0.227176 0
    outer loop
      vertex 13.3978 -4.27646 1.8
      vertex 13.4424 -4.08527 0
      vertex 13.4424 -4.08527 1.8
    endloop
  endfacet
  facet normal 0.973854 -0.227176 0
    outer loop
      vertex 13.4424 -4.08527 0
      vertex 13.3978 -4.27646 1.8
      vertex 13.3978 -4.27646 0
    endloop
  endfacet
  facet normal 0.812941 -0.582346 0
    outer loop
      vertex 12.8801 -5.32628 1.8
      vertex 12.9944 -5.16672 0
      vertex 12.9944 -5.16672 1.8
    endloop
  endfacet
  facet normal 0.812941 -0.582346 0
    outer loop
      vertex 12.9944 -5.16672 0
      vertex 12.8801 -5.32628 1.8
      vertex 12.8801 -5.32628 0
    endloop
  endfacet
  facet normal -0.528065 0.849204 0
    outer loop
      vertex -12 6.09808 0
      vertex -12.1667 5.99442 1.8
      vertex -12 6.09808 1.8
    endloop
  endfacet
  facet normal -0.528065 0.849204 0
    outer loop
      vertex -12.1667 5.99442 1.8
      vertex -12 6.09808 0
      vertex -12.1667 5.99442 0
    endloop
  endfacet
  facet normal -0.995156 0.0983134 0
    outer loop
      vertex -13.4936 3.69621 0
      vertex -13.4743 3.89157 1.8
      vertex -13.4743 3.89157 0
    endloop
  endfacet
  facet normal -0.995156 0.0983134 0
    outer loop
      vertex -13.4743 3.89157 1.8
      vertex -13.4936 3.69621 0
      vertex -13.4936 3.69621 1.8
    endloop
  endfacet
  facet normal -0.772876 0.634557 0
    outer loop
      vertex -12.8801 5.32628 0
      vertex -12.7555 5.47804 1.8
      vertex -12.7555 5.47804 0
    endloop
  endfacet
  facet normal -0.772876 0.634557 0
    outer loop
      vertex -12.7555 5.47804 1.8
      vertex -12.8801 5.32628 0
      vertex -12.8801 5.32628 1.8
    endloop
  endfacet
  facet normal 0.986709 0.162499 0
    outer loop
      vertex 13.4743 3.89157 1.8
      vertex 13.4424 4.08527 0
      vertex 13.4424 4.08527 1.8
    endloop
  endfacet
  facet normal 0.986709 0.162499 0
    outer loop
      vertex 13.4424 4.08527 0
      vertex 13.4743 3.89157 1.8
      vertex 13.4743 3.89157 0
    endloop
  endfacet
  facet normal -0.22702 0.97389 0
    outer loop
      vertex -11.0853 6.44235 0
      vertex -11.2765 6.39778 1.8
      vertex -11.0853 6.44235 1.8
    endloop
  endfacet
  facet normal -0.22702 0.97389 0
    outer loop
      vertex -11.2765 6.39778 1.8
      vertex -11.0853 6.44235 0
      vertex -11.2765 6.39778 0
    endloop
  endfacet
  facet normal -0.683551 -0.729902 0
    outer loop
      vertex -12.6213 -5.62132 0
      vertex -12.478 -5.75552 1.8
      vertex -12.6213 -5.62132 1.8
    endloop
  endfacet
  facet normal -0.683551 -0.729902 -0
    outer loop
      vertex -12.478 -5.75552 1.8
      vertex -12.6213 -5.62132 0
      vertex -12.478 -5.75552 0
    endloop
  endfacet
  facet normal 0.93583 0.352452 0
    outer loop
      vertex 13.3408 4.46432 1.8
      vertex 13.2716 4.64806 0
      vertex 13.2716 4.64806 1.8
    endloop
  endfacet
  facet normal 0.93583 0.352452 0
    outer loop
      vertex 13.2716 4.64806 0
      vertex 13.3408 4.46432 1.8
      vertex 13.3408 4.46432 0
    endloop
  endfacet
  facet normal -0.528065 -0.849204 0
    outer loop
      vertex -12.1667 -5.99442 0
      vertex -12 -6.09808 1.8
      vertex -12.1667 -5.99442 1.8
    endloop
  endfacet
  facet normal -0.528065 -0.849204 -0
    outer loop
      vertex -12 -6.09808 1.8
      vertex -12.1667 -5.99442 0
      vertex -12 -6.09808 0
    endloop
  endfacet
  facet normal 0 0 -1
    outer loop
      vertex 8.85246 3.42479 0
      vertex -8.85246 3.42479 0
      vertex -8.85 3.5 0
    endloop
  endfacet
  facet normal 0 0 -1
    outer loop
      vertex -8.71919 -1.2394 0
      vertex -8.85984 3.34989 0
      vertex -8.85246 3.42479 0
    endloop
  endfacet
  facet normal 0 0 -1
    outer loop
      vertex -8.71919 -1.2394 0
      vertex -8.8721 3.27565 0
      vertex -8.85984 3.34989 0
    endloop
  endfacet
  facet normal 0 0 -1
    outer loop
      vertex -9.92479 2.35246 0
      vertex -8.79999 -1.28258 0
      vertex -8.87779 -1.33095 0
    endloop
  endfacet
  facet normal 0 0 -1
    outer loop
      vertex -8.71919 -1.2394 0
      vertex -8.88918 3.20236 0
      vertex -8.8721 3.27565 0
    endloop
  endfacet
  facet normal 0 0 -1
    outer loop
      vertex -8.71919 -1.2394 0
      vertex -8.91103 3.13034 0
      vertex -8.88918 3.20236 0
    endloop
  endfacet
  facet normal 0 0 -1
    outer loop
      vertex -8.71919 -1.2394 0
      vertex -8.93754 3.05991 0
      vertex -8.91103 3.13034 0
    endloop
  endfacet
  facet normal 0 0 -1
    outer loop
      vertex -10 2.35 0
      vertex -8.87779 -1.33095 0
      vertex -8.95226 -1.38432 0
    endloop
  endfacet
  facet normal 0 0 -1
    outer loop
      vertex -8.71919 -1.2394 0
      vertex -8.9686 2.99137 0
      vertex -8.93754 3.05991 0
    endloop
  endfacet
  facet normal 0 0 -1
    outer loop
      vertex -8.71919 -1.2394 0
      vertex -9.00407 2.925 0
      vertex -8.9686 2.99137 0
    endloop
  endfacet
  facet normal 0 0 -1
    outer loop
      vertex -10.0752 2.35246 0
      vertex -8.95226 -1.38432 0
      vertex -9.02307 -1.44243 0
    endloop
  endfacet
  facet normal 0 0 -1
    outer loop
      vertex -8.71919 -1.2394 0
      vertex -9.04381 2.86109 0
      vertex -9.00407 2.925 0
    endloop
  endfacet
  facet normal 0 0 -1
    outer loop
      vertex -8.71919 -1.2394 0
      vertex -9.08764 2.79992 0
      vertex -9.04381 2.86109 0
    endloop
  endfacet
  facet normal 0 0 -1
    outer loop
      vertex -10.2244 2.3721 0
      vertex -9.02307 -1.44243 0
      vertex -9.08994 -1.50507 0
    endloop
  endfacet
  facet normal 0 0 -1
    outer loop
      vertex -8.71919 -1.2394 0
      vertex -9.13538 2.74175 0
      vertex -9.08764 2.79992 0
    endloop
  endfacet
  facet normal 0 0 -1
    outer loop
      vertex -10.2976 2.38918 0
      vertex -9.08994 -1.50507 0
      vertex -9.15257 -1.57193 0
    endloop
  endfacet
  facet normal 0 0 -1
    outer loop
      vertex -8.71919 -1.2394 0
      vertex -9.18683 2.68683 0
      vertex -9.13538 2.74175 0
    endloop
  endfacet
  facet normal 0 0 -1
    outer loop
      vertex -10.3697 2.41103 0
      vertex -9.15257 -1.57193 0
      vertex -9.21068 -1.64275 0
    endloop
  endfacet
  facet normal 0 0 -1
    outer loop
      vertex -8.71919 -1.2394 0
      vertex -9.24175 2.63538 0
      vertex -9.18683 2.68683 0
    endloop
  endfacet
  facet normal 0 0 -1
    outer loop
      vertex -10.4401 2.43754 0
      vertex -9.21068 -1.64275 0
      vertex -9.26405 -1.71721 0
    endloop
  endfacet
  facet normal 0 0 -1
    outer loop
      vertex -8.71919 -1.2394 0
      vertex -9.29992 2.58764 0
      vertex -9.24175 2.63538 0
    endloop
  endfacet
  facet normal 0 0 -1
    outer loop
      vertex -10.5086 2.4686 0
      vertex -9.26405 -1.71721 0
      vertex -9.31242 -1.79501 0
    endloop
  endfacet
  facet normal 0 0 -1
    outer loop
      vertex -10.575 2.50407 0
      vertex -9.31242 -1.79501 0
      vertex -9.35561 -1.87581 0
    endloop
  endfacet
  facet normal 0 0 -1
    outer loop
      vertex -8.71919 -1.2394 0
      vertex -9.36109 2.54381 0
      vertex -9.29992 2.58764 0
    endloop
  endfacet
  facet normal 0 0 -1
    outer loop
      vertex -13.5 -3.5 0
      vertex -9.35561 -1.87581 0
      vertex -9.39342 -1.95926 0
    endloop
  endfacet
  facet normal 0 0 -1
    outer loop
      vertex -8.71919 -1.2394 0
      vertex -9.425 2.50407 0
      vertex -9.36109 2.54381 0
    endloop
  endfacet
  facet normal 0 0 -1
    outer loop
      vertex -13.5 -3.5 0
      vertex -9.39342 -1.95926 0
      vertex -9.42569 -2.045 0
    endloop
  endfacet
  facet normal 0 0 -1
    outer loop
      vertex -13.5 -3.5 0
      vertex -9.42569 -2.045 0
      vertex -9.45229 -2.13266 0
    endloop
  endfacet
  facet normal 0 0 -1
    outer loop
      vertex -13.5 -3.5 0
      vertex -9.45229 -2.13266 0
      vertex -9.47308 -2.22188 0
    endloop
  endfacet
  facet normal 0 0 -1
    outer loop
      vertex -13.5 -3.5 0
      vertex -9.47308 -2.22188 0
      vertex -9.48801 -2.31227 0
    endloop
  endfacet
  facet normal 0 0 -1
    outer loop
      vertex -8.71919 -1.2394 0
      vertex -9.49137 2.4686 0
      vertex -9.425 2.50407 0
    endloop
  endfacet
  facet normal 0 0 -1
    outer loop
      vertex -13.5 -3.5 0
      vertex -9.48801 -2.31227 0
      vertex -9.49699 -2.40344 0
    endloop
  endfacet
  facet normal 0 0 -1
    outer loop
      vertex -13.5 -3.5 0
      vertex -9.49699 -2.40344 0
      vertex -9.49998 -2.49501 0
    endloop
  endfacet
  facet normal 0 0 -1
    outer loop
      vertex -8.71919 -1.2394 0
      vertex -9.55991 2.43754 0
      vertex -9.49137 2.4686 0
    endloop
  endfacet
  facet normal 0 0 -1
    outer loop
      vertex 9.45229 -2.86734 0
      vertex 13.5 -3.5 0
      vertex 13.4936 -3.69621 0
    endloop
  endfacet
  facet normal 0 0 -1
    outer loop
      vertex 13.5 -3.5 0
      vertex 10.7582 2.63538 0
      vertex 13.5 3.5 0
    endloop
  endfacet
  facet normal 0 0 -1
    outer loop
      vertex 9.42569 -2.955 0
      vertex 13.4936 -3.69621 0
      vertex 13.4743 -3.89157 0
    endloop
  endfacet
  facet normal 0 -0 -1
    outer loop
      vertex 10.8646 2.74175 0
      vertex 13.5 3.5 0
      vertex 10.8132 2.68683 0
    endloop
  endfacet
  facet normal 0 0 -1
    outer loop
      vertex 9.42569 -2.955 0
      vertex 13.4743 -3.89157 0
      vertex 13.4424 -4.08527 0
    endloop
  endfacet
  facet normal 0 -0 -1
    outer loop
      vertex 10.9124 2.79992 0
      vertex 13.5 3.5 0
      vertex 10.8646 2.74175 0
    endloop
  endfacet
  facet normal 0 0 -1
    outer loop
      vertex 9.42569 -2.955 0
      vertex 13.4424 -4.08527 0
      vertex 13.3978 -4.27646 0
    endloop
  endfacet
  facet normal 0 -0 -1
    outer loop
      vertex 10.9959 2.925 0
      vertex 13.5 3.5 0
      vertex 10.9562 2.86109 0
    endloop
  endfacet
  facet normal 0 0 -1
    outer loop
      vertex 9.39342 -3.04074 0
      vertex 13.3978 -4.27646 0
      vertex 13.3408 -4.46432 0
    endloop
  endfacet
  facet normal 0 -0 -1
    outer loop
      vertex 11.0314 2.99137 0
      vertex 13.5 3.5 0
      vertex 10.9959 2.925 0
    endloop
  endfacet
  facet normal 0 0 -1
    outer loop
      vertex 9.39342 -3.04074 0
      vertex 13.3408 -4.46432 0
      vertex 13.2716 -4.64806 0
    endloop
  endfacet
  facet normal 0 -0 -1
    outer loop
      vertex 11.089 3.13034 0
      vertex 13.5 3.5 0
      vertex 11.0625 3.05991 0
    endloop
  endfacet
  facet normal 0 0 -1
    outer loop
      vertex 9.39342 -3.04074 0
      vertex 13.2716 -4.64806 0
      vertex 13.1906 -4.82686 0
    endloop
  endfacet
  facet normal 0 -0 -1
    outer loop
      vertex 11.1279 3.27565 0
      vertex 13.5 3.5 0
      vertex 11.1108 3.20236 0
    endloop
  endfacet
  facet normal 0 0 -1
    outer loop
      vertex 9.39342 -3.04074 0
      vertex 13.1906 -4.82686 0
      vertex 13.0981 -5 0
    endloop
  endfacet
  facet normal 0 -0 -1
    outer loop
      vertex 11.1402 3.34989 0
      vertex 13.5 3.5 0
      vertex 11.1279 3.27565 0
    endloop
  endfacet
  facet normal 0 0 -1
    outer loop
      vertex 9.35561 -3.12419 0
      vertex 13.0981 -5 0
      vertex 12.9944 -5.16672 0
    endloop
  endfacet
  facet normal 0 -0 -1
    outer loop
      vertex 11.15 3.5 0
      vertex 13.5 3.5 0
      vertex 11.1475 3.42479 0
    endloop
  endfacet
  facet normal 0 0 -1
    outer loop
      vertex 9.35561 -3.12419 0
      vertex 12.9944 -5.16672 0
      vertex 12.8801 -5.32628 0
    endloop
  endfacet
  facet normal 0 0 -1
    outer loop
      vertex 11.1475 3.57521 0
      vertex 13.4936 3.69621 0
      vertex 11.15 3.5 0
    endloop
  endfacet
  facet normal 0 0 -1
    outer loop
      vertex 9.35561 -3.12419 0
      vertex 12.8801 -5.32628 0
      vertex 12.7555 -5.47804 0
    endloop
  endfacet
  facet normal -0 0 -1
    outer loop
      vertex 13.4936 3.69621 0
      vertex 11.1475 3.57521 0
      vertex 13.4743 3.89157 0
    endloop
  endfacet
  facet normal 0 0 -1
    outer loop
      vertex 9.35561 -3.12419 0
      vertex 12.7555 -5.47804 0
      vertex 12.6213 -5.62132 0
    endloop
  endfacet
  facet normal -0 0 -1
    outer loop
      vertex 13.4743 3.89157 0
      vertex 11.1402 3.6501 0
      vertex 13.4424 4.08527 0
    endloop
  endfacet
  facet normal 0 0 -1
    outer loop
      vertex 9.31242 -3.20499 0
      vertex 12.6213 -5.62132 0
      vertex 12.478 -5.75552 0
    endloop
  endfacet
  facet normal 0 0 -1
    outer loop
      vertex 11.1279 3.72435 0
      vertex 13.4424 4.08527 0
      vertex 11.1402 3.6501 0
    endloop
  endfacet
  facet normal 0 0 -1
    outer loop
      vertex 9.31242 -3.20499 0
      vertex 12.478 -5.75552 0
      vertex 12.3263 -5.88007 0
    endloop
  endfacet
  facet normal -0 0 -1
    outer loop
      vertex 13.3978 4.27646 0
      vertex 11.1279 3.72435 0
      vertex 13.3408 4.46432 0
    endloop
  endfacet
  facet normal 0 0 -1
    outer loop
      vertex 9.31242 -3.20499 0
      vertex 12.3263 -5.88007 0
      vertex 12.1667 -5.99442 0
    endloop
  endfacet
  facet normal -0 0 -1
    outer loop
      vertex 13.3408 4.46432 0
      vertex 11.1108 3.79764 0
      vertex 13.2716 4.64806 0
    endloop
  endfacet
  facet normal 0 0 -1
    outer loop
      vertex 9.31242 -3.20499 0
      vertex 12.1667 -5.99442 0
      vertex 12 -6.09808 0
    endloop
  endfacet
  facet normal 0 0 -1
    outer loop
      vertex 11.089 3.86965 0
      vertex 13.2716 4.64806 0
      vertex 11.1108 3.79764 0
    endloop
  endfacet
  facet normal 0 0 -1
    outer loop
      vertex 9.26405 -3.28279 0
      vertex 12 -6.09808 0
      vertex 11.8269 -6.19061 0
    endloop
  endfacet
  facet normal 0 0 -1
    outer loop
      vertex 11.0625 3.94009 0
      vertex 13.1906 4.82686 0
      vertex 11.089 3.86965 0
    endloop
  endfacet
  facet normal 0 0 -1
    outer loop
      vertex 9.26405 -3.28279 0
      vertex 11.8269 -6.19061 0
      vertex 11.6481 -6.27164 0
    endloop
  endfacet
  facet normal 0 0 -1
    outer loop
      vertex 11.0314 4.00863 0
      vertex 13.0981 5 0
      vertex 11.0625 3.94009 0
    endloop
  endfacet
  facet normal 0 0 -1
    outer loop
      vertex 9.26405 -3.28279 0
      vertex 11.6481 -6.27164 0
      vertex 11.4643 -6.34079 0
    endloop
  endfacet
  facet normal -0 0 -1
    outer loop
      vertex 13.0981 5 0
      vertex 11.0314 4.00863 0
      vertex 12.9944 5.16672 0
    endloop
  endfacet
  facet normal 0 0 -1
    outer loop
      vertex 9.21068 -3.35725 0
      vertex 11.4643 -6.34079 0
      vertex 11.2765 -6.39778 0
    endloop
  endfacet
  facet normal 0 0 -1
    outer loop
      vertex 10.9959 4.075 0
      vertex 12.8801 5.32628 0
      vertex 11.0314 4.00863 0
    endloop
  endfacet
  facet normal 0 0 -1
    outer loop
      vertex 10.9562 4.13891 0
      vertex 12.7555 5.47804 0
      vertex 10.9959 4.075 0
    endloop
  endfacet
  facet normal -0 0 -1
    outer loop
      vertex 12.8801 5.32628 0
      vertex 10.9959 4.075 0
      vertex 12.7555 5.47804 0
    endloop
  endfacet
  facet normal -0 0 -1
    outer loop
      vertex 12.9944 5.16672 0
      vertex 11.0314 4.00863 0
      vertex 12.8801 5.32628 0
    endloop
  endfacet
  facet normal -0 0 -1
    outer loop
      vertex 13.1906 4.82686 0
      vertex 11.0625 3.94009 0
      vertex 13.0981 5 0
    endloop
  endfacet
  facet normal -0 0 -1
    outer loop
      vertex 13.2716 4.64806 0
      vertex 11.089 3.86965 0
      vertex 13.1906 4.82686 0
    endloop
  endfacet
  facet normal 0 0 -1
    outer loop
      vertex 11.1108 3.79764 0
      vertex 13.3408 4.46432 0
      vertex 11.1279 3.72435 0
    endloop
  endfacet
  facet normal 0 0 -1
    outer loop
      vertex 9.21068 -3.35725 0
      vertex 11.2765 -6.39778 0
      vertex 11.0853 -6.44235 0
    endloop
  endfacet
  facet normal -0 0 -1
    outer loop
      vertex 13.4424 4.08527 0
      vertex 11.1279 3.72435 0
      vertex 13.3978 4.27646 0
    endloop
  endfacet
  facet normal 0 0 -1
    outer loop
      vertex 11.1402 3.6501 0
      vertex 13.4743 3.89157 0
      vertex 11.1475 3.57521 0
    endloop
  endfacet
  facet normal 0 0 -1
    outer loop
      vertex 13.5 3.5 0
      vertex 11.15 3.5 0
      vertex 13.4936 3.69621 0
    endloop
  endfacet
  facet normal 0 -0 -1
    outer loop
      vertex 11.1475 3.42479 0
      vertex 13.5 3.5 0
      vertex 11.1402 3.34989 0
    endloop
  endfacet
  facet normal 0 -0 -1
    outer loop
      vertex 11.1108 3.20236 0
      vertex 13.5 3.5 0
      vertex 11.089 3.13034 0
    endloop
  endfacet
  facet normal 0 0 -1
    outer loop
      vertex 9.21068 -3.35725 0
      vertex 11.0853 -6.44235 0
      vertex 10.8916 -6.47433 0
    endloop
  endfacet
  facet normal 0 0 -1
    outer loop
      vertex 13.5 -3.5 0
      vertex 9.49699 -2.40344 0
      vertex 9.48801 -2.31227 0
    endloop
  endfacet
  facet normal 0 0 -1
    outer loop
      vertex 13.5 -3.5 0
      vertex 9.48801 -2.31227 0
      vertex 9.47308 -2.22188 0
    endloop
  endfacet
  facet normal 0 -0 -1
    outer loop
      vertex 11.0625 3.05991 0
      vertex 13.5 3.5 0
      vertex 11.0314 2.99137 0
    endloop
  endfacet
  facet normal 0 0 -1
    outer loop
      vertex 13.5 -3.5 0
      vertex 9.47308 -2.22188 0
      vertex 9.45229 -2.13266 0
    endloop
  endfacet
  facet normal 0 0 -1
    outer loop
      vertex 9.15257 -3.42807 0
      vertex 10.8916 -6.47433 0
      vertex 10.6962 -6.49358 0
    endloop
  endfacet
  facet normal 0 -0 -1
    outer loop
      vertex 10.9562 2.86109 0
      vertex 13.5 3.5 0
      vertex 10.9124 2.79992 0
    endloop
  endfacet
  facet normal 0 0 -1
    outer loop
      vertex 13.5 -3.5 0
      vertex 9.45229 -2.13266 0
      vertex 9.42569 -2.045 0
    endloop
  endfacet
  facet normal 0 0 -1
    outer loop
      vertex 13.5 3.5 0
      vertex 10.7582 2.63538 0
      vertex 10.8132 2.68683 0
    endloop
  endfacet
  facet normal 0 0 -1
    outer loop
      vertex 9.15257 -3.42807 0
      vertex 10.6962 -6.49358 0
      vertex 10.5 -6.5 0
    endloop
  endfacet
  facet normal 0 0 -1
    outer loop
      vertex 13.5 -3.5 0
      vertex 9.42569 -2.045 0
      vertex 9.39342 -1.95926 0
    endloop
  endfacet
  facet normal 0 0 -1
    outer loop
      vertex 13.5 -3.5 0
      vertex 10.7001 2.58764 0
      vertex 10.7582 2.63538 0
    endloop
  endfacet
  facet normal 0 0 -1
    outer loop
      vertex 13.5 -3.5 0
      vertex 9.39342 -1.95926 0
      vertex 9.35561 -1.87581 0
    endloop
  endfacet
  facet normal 0 0 -1
    outer loop
      vertex 13.5 -3.5 0
      vertex 10.6389 2.54381 0
      vertex 10.7001 2.58764 0
    endloop
  endfacet
  facet normal 0 -0 -1
    outer loop
      vertex 10.575 2.50407 0
      vertex 13.5 -3.5 0
      vertex 9.35561 -1.87581 0
    endloop
  endfacet
  facet normal 0 0 -1
    outer loop
      vertex 13.5 -3.5 0
      vertex 10.575 2.50407 0
      vertex 10.6389 2.54381 0
    endloop
  endfacet
  facet normal 0 0 -1
    outer loop
      vertex 9.31242 -1.79501 0
      vertex 10.575 2.50407 0
      vertex 9.35561 -1.87581 0
    endloop
  endfacet
  facet normal 0 0 -1
    outer loop
      vertex 10.575 2.50407 0
      vertex 9.31242 -1.79501 0
      vertex 10.5086 2.4686 0
    endloop
  endfacet
  facet normal 0 0 -1
    outer loop
      vertex 9.26405 -1.71721 0
      vertex 10.5086 2.4686 0
      vertex 9.31242 -1.79501 0
    endloop
  endfacet
  facet normal 0 0 -1
    outer loop
      vertex 9.21068 -1.64275 0
      vertex 10.4401 2.43754 0
      vertex 9.26405 -1.71721 0
    endloop
  endfacet
  facet normal 0 0 -1
    outer loop
      vertex 10.4401 2.43754 0
      vertex 9.21068 -1.64275 0
      vertex 10.3697 2.41103 0
    endloop
  endfacet
  facet normal 0 0 -1
    outer loop
      vertex 9.15257 -1.57193 0
      vertex 10.3697 2.41103 0
      vertex 9.21068 -1.64275 0
    endloop
  endfacet
  facet normal 0 0 -1
    outer loop
      vertex 10.3697 2.41103 0
      vertex 9.15257 -1.57193 0
      vertex 10.2976 2.38918 0
    endloop
  endfacet
  facet normal 0 0 -1
    outer loop
      vertex 13.5 -3.5 0
      vertex 9.49998 -2.50499 0
      vertex 9.49998 -2.49501 0
    endloop
  endfacet
  facet normal 0 0 -1
    outer loop
      vertex 13.5 -3.5 0
      vertex 9.49699 -2.59656 0
      vertex 9.49998 -2.50499 0
    endloop
  endfacet
  facet normal 0 0 -1
    outer loop
      vertex 13.5 -3.5 0
      vertex 9.48801 -2.68773 0
      vertex 9.49699 -2.59656 0
    endloop
  endfacet
  facet normal 0 0 -1
    outer loop
      vertex 13.5 -3.5 0
      vertex 9.47308 -2.77812 0
      vertex 9.48801 -2.68773 0
    endloop
  endfacet
  facet normal 0 0 -1
    outer loop
      vertex 13.5 -3.5 0
      vertex 9.45229 -2.86734 0
      vertex 9.47308 -2.77812 0
    endloop
  endfacet
  facet normal 0 0 -1
    outer loop
      vertex 13.4936 -3.69621 0
      vertex 9.42569 -2.955 0
      vertex 9.45229 -2.86734 0
    endloop
  endfacet
  facet normal 0 0 -1
    outer loop
      vertex 13.3978 -4.27646 0
      vertex 9.39342 -3.04074 0
      vertex 9.42569 -2.955 0
    endloop
  endfacet
  facet normal 0 0 -1
    outer loop
      vertex 13.0981 -5 0
      vertex 9.35561 -3.12419 0
      vertex 9.39342 -3.04074 0
    endloop
  endfacet
  facet normal 0 0 -1
    outer loop
      vertex 12.6213 -5.62132 0
      vertex 9.31242 -3.20499 0
      vertex 9.35561 -3.12419 0
    endloop
  endfacet
  facet normal 0 0 -1
    outer loop
      vertex 12 -6.09808 0
      vertex 9.26405 -3.28279 0
      vertex 9.31242 -3.20499 0
    endloop
  endfacet
  facet normal 0 0 -1
    outer loop
      vertex 11.4643 -6.34079 0
      vertex 9.21068 -3.35725 0
      vertex 9.26405 -3.28279 0
    endloop
  endfacet
  facet normal 0 0 -1
    outer loop
      vertex 10.8916 -6.47433 0
      vertex 9.15257 -3.42807 0
      vertex 9.21068 -3.35725 0
    endloop
  endfacet
  facet normal 0 0 -1
    outer loop
      vertex 10.5 -6.5 0
      vertex 9.08994 -3.49493 0
      vertex 9.15257 -3.42807 0
    endloop
  endfacet
  facet normal 0 0 -1
    outer loop
      vertex 10.5 -6.5 0
      vertex 9.02307 -3.55757 0
      vertex 9.08994 -3.49493 0
    endloop
  endfacet
  facet normal 0 0 -1
    outer loop
      vertex 10.5 -6.5 0
      vertex 8.95226 -3.61568 0
      vertex 9.02307 -3.55757 0
    endloop
  endfacet
  facet normal 0 0 -1
    outer loop
      vertex 10.5 -6.5 0
      vertex 8.87779 -3.66905 0
      vertex 8.95226 -3.61568 0
    endloop
  endfacet
  facet normal 0 0 -1
    outer loop
      vertex 10.5 -6.5 0
      vertex 8.79999 -3.71742 0
      vertex 8.87779 -3.66905 0
    endloop
  endfacet
  facet normal 0 0 -1
    outer loop
      vertex 10.5 -6.5 0
      vertex 8.71919 -3.7606 0
      vertex 8.79999 -3.71742 0
    endloop
  endfacet
  facet normal 0 0 -1
    outer loop
      vertex 10.5 -6.5 0
      vertex 8.63574 -3.79842 0
      vertex 8.71919 -3.7606 0
    endloop
  endfacet
  facet normal 0 0 -1
    outer loop
      vertex 10.5 -6.5 0
      vertex 8.55 -3.83069 0
      vertex 8.63574 -3.79842 0
    endloop
  endfacet
  facet normal 0 0 -1
    outer loop
      vertex 10.5 -6.5 0
      vertex 8.46234 -3.85728 0
      vertex 8.55 -3.83069 0
    endloop
  endfacet
  facet normal 0 0 -1
    outer loop
      vertex 10.5 -6.5 0
      vertex 8.37312 -3.87808 0
      vertex 8.46234 -3.85728 0
    endloop
  endfacet
  facet normal 0 0 -1
    outer loop
      vertex 10.5 -6.5 0
      vertex 8.28273 -3.89301 0
      vertex 8.37312 -3.87808 0
    endloop
  endfacet
  facet normal 0 0 -1
    outer loop
      vertex 10.5 -6.5 0
      vertex 8.19156 -3.90199 0
      vertex 8.28273 -3.89301 0
    endloop
  endfacet
  facet normal 0 0 -1
    outer loop
      vertex 10.5 -6.5 0
      vertex 8.09999 -3.90498 0
      vertex 8.19156 -3.90199 0
    endloop
  endfacet
  facet normal 0 0 -1
    outer loop
      vertex 10.5 -6.5 0
      vertex -8.09999 -3.90498 0
      vertex 8.09999 -3.90498 0
    endloop
  endfacet
  facet normal 0 0 -1
    outer loop
      vertex -10.5 -6.5 0
      vertex -8.09999 -3.90498 0
      vertex 10.5 -6.5 0
    endloop
  endfacet
  facet normal -0 0 -1
    outer loop
      vertex -8.09999 -3.90498 0
      vertex -10.5 -6.5 0
      vertex -8.19156 -3.90199 0
    endloop
  endfacet
  facet normal 0 0 -1
    outer loop
      vertex -13.5 -3.5 0
      vertex -9.49998 -2.49501 0
      vertex -9.49998 -2.50499 0
    endloop
  endfacet
  facet normal 0 0 -1
    outer loop
      vertex -8.71919 -1.2394 0
      vertex -9.63034 2.41103 0
      vertex -9.55991 2.43754 0
    endloop
  endfacet
  facet normal 0 0 -1
    outer loop
      vertex -8.71919 -1.2394 0
      vertex -9.70236 2.38918 0
      vertex -9.63034 2.41103 0
    endloop
  endfacet
  facet normal 0 0 -1
    outer loop
      vertex -13.5 -3.5 0
      vertex -9.49998 -2.50499 0
      vertex -9.49699 -2.59656 0
    endloop
  endfacet
  facet normal 0 0 -1
    outer loop
      vertex -8.71919 -1.2394 0
      vertex -9.77565 2.3721 0
      vertex -9.70236 2.38918 0
    endloop
  endfacet
  facet normal 0 0 -1
    outer loop
      vertex -8.71919 -1.2394 0
      vertex -9.84989 2.35984 0
      vertex -9.77565 2.3721 0
    endloop
  endfacet
  facet normal 0 0 -1
    outer loop
      vertex -8.79999 -1.28258 0
      vertex -9.92479 2.35246 0
      vertex -9.84989 2.35984 0
    endloop
  endfacet
  facet normal 0 0 -1
    outer loop
      vertex -8.87779 -1.33095 0
      vertex -10 2.35 0
      vertex -9.92479 2.35246 0
    endloop
  endfacet
  facet normal 0 0 -1
    outer loop
      vertex -13.5 -3.5 0
      vertex -9.49699 -2.59656 0
      vertex -9.48801 -2.68773 0
    endloop
  endfacet
  facet normal 0 0 -1
    outer loop
      vertex -8.95226 -1.38432 0
      vertex -10.0752 2.35246 0
      vertex -10 2.35 0
    endloop
  endfacet
  facet normal 0 0 -1
    outer loop
      vertex -9.02307 -1.44243 0
      vertex -10.1501 2.35984 0
      vertex -10.0752 2.35246 0
    endloop
  endfacet
  facet normal 0 0 -1
    outer loop
      vertex -9.02307 -1.44243 0
      vertex -10.2244 2.3721 0
      vertex -10.1501 2.35984 0
    endloop
  endfacet
  facet normal 0 0 -1
    outer loop
      vertex -9.08994 -1.50507 0
      vertex -10.2976 2.38918 0
      vertex -10.2244 2.3721 0
    endloop
  endfacet
  facet normal 0 0 -1
    outer loop
      vertex -9.15257 -1.57193 0
      vertex -10.3697 2.41103 0
      vertex -10.2976 2.38918 0
    endloop
  endfacet
  facet normal 0 0 -1
    outer loop
      vertex -13.5 -3.5 0
      vertex -9.48801 -2.68773 0
      vertex -9.47308 -2.77812 0
    endloop
  endfacet
  facet normal 0 0 -1
    outer loop
      vertex -9.21068 -1.64275 0
      vertex -10.4401 2.43754 0
      vertex -10.3697 2.41103 0
    endloop
  endfacet
  facet normal -0 0 -1
    outer loop
      vertex -8.19156 -3.90199 0
      vertex -10.5 -6.5 0
      vertex -8.28273 -3.89301 0
    endloop
  endfacet
  facet normal 0 0 -1
    outer loop
      vertex -10.5 -6.5 0
      vertex -8.37312 -3.87808 0
      vertex -8.28273 -3.89301 0
    endloop
  endfacet
  facet normal 0 0 -1
    outer loop
      vertex -10.5 -6.5 0
      vertex -8.46234 -3.85728 0
      vertex -8.37312 -3.87808 0
    endloop
  endfacet
  facet normal 0 0 -1
    outer loop
      vertex -10.5 -6.5 0
      vertex -8.55 -3.83069 0
      vertex -8.46234 -3.85728 0
    endloop
  endfacet
  facet normal 0 0 -1
    outer loop
      vertex -10.5 -6.5 0
      vertex -8.63574 -3.79842 0
      vertex -8.55 -3.83069 0
    endloop
  endfacet
  facet normal 0 0 -1
    outer loop
      vertex -10.5 -6.5 0
      vertex -8.71919 -3.7606 0
      vertex -8.63574 -3.79842 0
    endloop
  endfacet
  facet normal 0 0 -1
    outer loop
      vertex -10.5 -6.5 0
      vertex -8.79999 -3.71742 0
      vertex -8.71919 -3.7606 0
    endloop
  endfacet
  facet normal 0 0 -1
    outer loop
      vertex -10.5 -6.5 0
      vertex -8.87779 -3.66905 0
      vertex -8.79999 -3.71742 0
    endloop
  endfacet
  facet normal 0 0 -1
    outer loop
      vertex -10.5 -6.5 0
      vertex -8.95226 -3.61568 0
      vertex -8.87779 -3.66905 0
    endloop
  endfacet
  facet normal 0 0 -1
    outer loop
      vertex -10.5 -6.5 0
      vertex -9.02307 -3.55757 0
      vertex -8.95226 -3.61568 0
    endloop
  endfacet
  facet normal 0 0 -1
    outer loop
      vertex -10.5 -6.5 0
      vertex -9.08994 -3.49493 0
      vertex -9.02307 -3.55757 0
    endloop
  endfacet
  facet normal 0 0 -1
    outer loop
      vertex -10.5 -6.5 0
      vertex -9.15257 -3.42807 0
      vertex -9.08994 -3.49493 0
    endloop
  endfacet
  facet normal 0 0 -1
    outer loop
      vertex -10.6962 -6.49358 0
      vertex -9.15257 -3.42807 0
      vertex -10.5 -6.5 0
    endloop
  endfacet
  facet normal 0 0 -1
    outer loop
      vertex -10.8916 -6.47433 0
      vertex -9.15257 -3.42807 0
      vertex -10.6962 -6.49358 0
    endloop
  endfacet
  facet normal -0 0 -1
    outer loop
      vertex -9.15257 -3.42807 0
      vertex -10.8916 -6.47433 0
      vertex -9.21068 -3.35725 0
    endloop
  endfacet
  facet normal 0 0 -1
    outer loop
      vertex -11.0853 -6.44235 0
      vertex -9.21068 -3.35725 0
      vertex -10.8916 -6.47433 0
    endloop
  endfacet
  facet normal 0 0 -1
    outer loop
      vertex -11.2765 -6.39778 0
      vertex -9.21068 -3.35725 0
      vertex -11.0853 -6.44235 0
    endloop
  endfacet
  facet normal 0 0 -1
    outer loop
      vertex -11.4643 -6.34079 0
      vertex -9.21068 -3.35725 0
      vertex -11.2765 -6.39778 0
    endloop
  endfacet
  facet normal -0 0 -1
    outer loop
      vertex -9.21068 -3.35725 0
      vertex -11.4643 -6.34079 0
      vertex -9.26405 -3.28279 0
    endloop
  endfacet
  facet normal 0 0 -1
    outer loop
      vertex -11.6481 -6.27164 0
      vertex -9.26405 -3.28279 0
      vertex -11.4643 -6.34079 0
    endloop
  endfacet
  facet normal 0 0 -1
    outer loop
      vertex -11.8269 -6.19061 0
      vertex -9.26405 -3.28279 0
      vertex -11.6481 -6.27164 0
    endloop
  endfacet
  facet normal -0 0 -1
    outer loop
      vertex -9.35561 -1.87581 0
      vertex -13.5 -3.5 0
      vertex -10.575 2.50407 0
    endloop
  endfacet
  facet normal 0 0 -1
    outer loop
      vertex -9.26405 -1.71721 0
      vertex -10.5086 2.4686 0
      vertex -10.4401 2.43754 0
    endloop
  endfacet
  facet normal 0 0 -1
    outer loop
      vertex -9.31242 -1.79501 0
      vertex -10.575 2.50407 0
      vertex -10.5086 2.4686 0
    endloop
  endfacet
  facet normal 0 0 -1
    outer loop
      vertex -12 -6.09808 0
      vertex -9.26405 -3.28279 0
      vertex -11.8269 -6.19061 0
    endloop
  endfacet
  facet normal -0 0 -1
    outer loop
      vertex -10.575 2.50407 0
      vertex -13.5 -3.5 0
      vertex -10.6389 2.54381 0
    endloop
  endfacet
  facet normal -0 0 -1
    outer loop
      vertex -10.6389 2.54381 0
      vertex -13.5 -3.5 0
      vertex -10.7001 2.58764 0
    endloop
  endfacet
  facet normal -0 0 -1
    outer loop
      vertex -10.7001 2.58764 0
      vertex -13.5 -3.5 0
      vertex -10.7582 2.63538 0
    endloop
  endfacet
  facet normal 0 0 -1
    outer loop
      vertex -13.5 3.5 0
      vertex -10.7582 2.63538 0
      vertex -13.5 -3.5 0
    endloop
  endfacet
  facet normal -0 0 -1
    outer loop
      vertex -9.26405 -3.28279 0
      vertex -12 -6.09808 0
      vertex -9.31242 -3.20499 0
    endloop
  endfacet
  facet normal 0 0 -1
    outer loop
      vertex -10.7582 2.63538 0
      vertex -13.5 3.5 0
      vertex -10.8132 2.68683 0
    endloop
  endfacet
  facet normal 0 0 -1
    outer loop
      vertex -10.8132 2.68683 0
      vertex -13.5 3.5 0
      vertex -10.8646 2.74175 0
    endloop
  endfacet
  facet normal 0 0 -1
    outer loop
      vertex -10.8646 2.74175 0
      vertex -13.5 3.5 0
      vertex -10.9124 2.79992 0
    endloop
  endfacet
  facet normal 0 0 -1
    outer loop
      vertex -10.9124 2.79992 0
      vertex -13.5 3.5 0
      vertex -10.9562 2.86109 0
    endloop
  endfacet
  facet normal 0 0 -1
    outer loop
      vertex -10.9562 2.86109 0
      vertex -13.5 3.5 0
      vertex -10.9959 2.925 0
    endloop
  endfacet
  facet normal 0 0 -1
    outer loop
      vertex -12.1667 -5.99442 0
      vertex -9.31242 -3.20499 0
      vertex -12 -6.09808 0
    endloop
  endfacet
  facet normal 0 0 -1
    outer loop
      vertex -10.9959 2.925 0
      vertex -13.5 3.5 0
      vertex -11.0314 2.99137 0
    endloop
  endfacet
  facet normal 0 0 -1
    outer loop
      vertex -11.0314 2.99137 0
      vertex -13.5 3.5 0
      vertex -11.0625 3.05991 0
    endloop
  endfacet
  facet normal 0 0 -1
    outer loop
      vertex -11.0625 3.05991 0
      vertex -13.5 3.5 0
      vertex -11.089 3.13034 0
    endloop
  endfacet
  facet normal 0 0 -1
    outer loop
      vertex -11.089 3.13034 0
      vertex -13.5 3.5 0
      vertex -11.1108 3.20236 0
    endloop
  endfacet
  facet normal 0 0 -1
    outer loop
      vertex -11.1108 3.20236 0
      vertex -13.5 3.5 0
      vertex -11.1279 3.27565 0
    endloop
  endfacet
  facet normal 0 0 -1
    outer loop
      vertex -11.1279 3.27565 0
      vertex -13.5 3.5 0
      vertex -11.1402 3.34989 0
    endloop
  endfacet
  facet normal 0 0 -1
    outer loop
      vertex -12.3263 -5.88007 0
      vertex -9.31242 -3.20499 0
      vertex -12.1667 -5.99442 0
    endloop
  endfacet
  facet normal -0 0 -1
    outer loop
      vertex 12.7555 5.47804 0
      vertex 10.9562 4.13891 0
      vertex 12.6213 5.62132 0
    endloop
  endfacet
  facet normal 0 0 -1
    outer loop
      vertex 10.9124 4.20008 0
      vertex 12.6213 5.62132 0
      vertex 10.9562 4.13891 0
    endloop
  endfacet
  facet normal -0 0 -1
    outer loop
      vertex 12.6213 5.62132 0
      vertex 10.9124 4.20008 0
      vertex 12.478 5.75552 0
    endloop
  endfacet
  facet normal 0 0 -1
    outer loop
      vertex 10.8646 4.25825 0
      vertex 12.478 5.75552 0
      vertex 10.9124 4.20008 0
    endloop
  endfacet
  facet normal -0 0 -1
    outer loop
      vertex 12.478 5.75552 0
      vertex 10.8646 4.25825 0
      vertex 12.3263 5.88007 0
    endloop
  endfacet
  facet normal 0 0 -1
    outer loop
      vertex 10.8132 4.31317 0
      vertex 12.3263 5.88007 0
      vertex 10.8646 4.25825 0
    endloop
  endfacet
  facet normal -0 0 -1
    outer loop
      vertex 12.3263 5.88007 0
      vertex 10.8132 4.31317 0
      vertex 12.1667 5.99442 0
    endloop
  endfacet
  facet normal -0 0 -1
    outer loop
      vertex 12.1667 5.99442 0
      vertex 10.8132 4.31317 0
      vertex 12 6.09808 0
    endloop
  endfacet
  facet normal 0 0 -1
    outer loop
      vertex 10.7582 4.36462 0
      vertex 12 6.09808 0
      vertex 10.8132 4.31317 0
    endloop
  endfacet
  facet normal -0 0 -1
    outer loop
      vertex 12 6.09808 0
      vertex 10.7582 4.36462 0
      vertex 11.8269 6.19061 0
    endloop
  endfacet
  facet normal 0 0 -1
    outer loop
      vertex 10.7001 4.41236 0
      vertex 11.8269 6.19061 0
      vertex 10.7582 4.36462 0
    endloop
  endfacet
  facet normal -0 0 -1
    outer loop
      vertex 11.8269 6.19061 0
      vertex 10.7001 4.41236 0
      vertex 11.6481 6.27164 0
    endloop
  endfacet
  facet normal 0 0 -1
    outer loop
      vertex 10.6389 4.45619 0
      vertex 11.6481 6.27164 0
      vertex 10.7001 4.41236 0
    endloop
  endfacet
  facet normal -0 0 -1
    outer loop
      vertex 11.6481 6.27164 0
      vertex 10.6389 4.45619 0
      vertex 11.4643 6.34079 0
    endloop
  endfacet
  facet normal 0 0 -1
    outer loop
      vertex 10.575 4.49593 0
      vertex 11.4643 6.34079 0
      vertex 10.6389 4.45619 0
    endloop
  endfacet
  facet normal -0 0 -1
    outer loop
      vertex 11.4643 6.34079 0
      vertex 10.575 4.49593 0
      vertex 11.2765 6.39778 0
    endloop
  endfacet
  facet normal 0 0 -1
    outer loop
      vertex 10.5086 4.5314 0
      vertex 11.2765 6.39778 0
      vertex 10.575 4.49593 0
    endloop
  endfacet
  facet normal -0 0 -1
    outer loop
      vertex 11.2765 6.39778 0
      vertex 10.5086 4.5314 0
      vertex 11.0853 6.44235 0
    endloop
  endfacet
  facet normal 0 0 -1
    outer loop
      vertex 10.4401 4.56246 0
      vertex 11.0853 6.44235 0
      vertex 10.5086 4.5314 0
    endloop
  endfacet
  facet normal -0 0 -1
    outer loop
      vertex 11.0853 6.44235 0
      vertex 10.4401 4.56246 0
      vertex 10.8916 6.47433 0
    endloop
  endfacet
  facet normal 0 0 -1
    outer loop
      vertex 10.3697 4.58897 0
      vertex 10.8916 6.47433 0
      vertex 10.4401 4.56246 0
    endloop
  endfacet
  facet normal -0 0 -1
    outer loop
      vertex 10.8916 6.47433 0
      vertex 10.3697 4.58897 0
      vertex 10.6962 6.49358 0
    endloop
  endfacet
  facet normal 0 0 -1
    outer loop
      vertex 10.2976 4.61081 0
      vertex 10.6962 6.49358 0
      vertex 10.3697 4.58897 0
    endloop
  endfacet
  facet normal -0 0 -1
    outer loop
      vertex 10.6962 6.49358 0
      vertex 10.2976 4.61081 0
      vertex 10.5 6.5 0
    endloop
  endfacet
  facet normal 0 0 -1
    outer loop
      vertex 10.2244 4.6279 0
      vertex 10.5 6.5 0
      vertex 10.2976 4.61081 0
    endloop
  endfacet
  facet normal 0 0 -1
    outer loop
      vertex 10.1501 4.64016 0
      vertex 10.5 6.5 0
      vertex 10.2244 4.6279 0
    endloop
  endfacet
  facet normal 0 0 -1
    outer loop
      vertex 10.0752 4.64754 0
      vertex 10.5 6.5 0
      vertex 10.1501 4.64016 0
    endloop
  endfacet
  facet normal 0 0 -1
    outer loop
      vertex 10 4.65 0
      vertex 10.5 6.5 0
      vertex 10.0752 4.64754 0
    endloop
  endfacet
  facet normal 0 0 -1
    outer loop
      vertex 9.92479 4.64754 0
      vertex 10.5 6.5 0
      vertex 10 4.65 0
    endloop
  endfacet
  facet normal 0 0 -1
    outer loop
      vertex 9.84989 4.64016 0
      vertex 10.5 6.5 0
      vertex 9.92479 4.64754 0
    endloop
  endfacet
  facet normal 0 0 -1
    outer loop
      vertex 9.77565 4.6279 0
      vertex 10.5 6.5 0
      vertex 9.84989 4.64016 0
    endloop
  endfacet
  facet normal 0 0 -1
    outer loop
      vertex 9.70236 4.61081 0
      vertex 10.5 6.5 0
      vertex 9.77565 4.6279 0
    endloop
  endfacet
  facet normal 0 0 -1
    outer loop
      vertex 9.63034 4.58897 0
      vertex 10.5 6.5 0
      vertex 9.70236 4.61081 0
    endloop
  endfacet
  facet normal 0 0 -1
    outer loop
      vertex 9.55991 4.56246 0
      vertex 10.5 6.5 0
      vertex 9.63034 4.58897 0
    endloop
  endfacet
  facet normal 0 0 -1
    outer loop
      vertex 9.49137 4.5314 0
      vertex 10.5 6.5 0
      vertex 9.55991 4.56246 0
    endloop
  endfacet
  facet normal 0 0 -1
    outer loop
      vertex 9.425 4.49593 0
      vertex 10.5 6.5 0
      vertex 9.49137 4.5314 0
    endloop
  endfacet
  facet normal 0 0 -1
    outer loop
      vertex 9.36109 4.45619 0
      vertex 10.5 6.5 0
      vertex 9.425 4.49593 0
    endloop
  endfacet
  facet normal 0 0 -1
    outer loop
      vertex 9.29992 4.41236 0
      vertex 10.5 6.5 0
      vertex 9.36109 4.45619 0
    endloop
  endfacet
  facet normal 0 0 -1
    outer loop
      vertex 9.24175 4.36462 0
      vertex 10.5 6.5 0
      vertex 9.29992 4.41236 0
    endloop
  endfacet
  facet normal 0 0 -1
    outer loop
      vertex 9.18683 4.31317 0
      vertex 10.5 6.5 0
      vertex 9.24175 4.36462 0
    endloop
  endfacet
  facet normal 0 0 -1
    outer loop
      vertex 9.13538 4.25825 0
      vertex 10.5 6.5 0
      vertex 9.18683 4.31317 0
    endloop
  endfacet
  facet normal 0 0 -1
    outer loop
      vertex 9.08764 4.20008 0
      vertex 10.5 6.5 0
      vertex 9.13538 4.25825 0
    endloop
  endfacet
  facet normal 0 0 -1
    outer loop
      vertex -9.08764 4.20008 0
      vertex 9.08764 4.20008 0
      vertex 9.04381 4.13891 0
    endloop
  endfacet
  facet normal 0 0 -1
    outer loop
      vertex -9.04381 4.13891 0
      vertex 9.04381 4.13891 0
      vertex 9.00407 4.075 0
    endloop
  endfacet
  facet normal -0 0 -1
    outer loop
      vertex 9.00407 2.925 0
      vertex 8.09999 -1.09502 0
      vertex 8.9686 2.99137 0
    endloop
  endfacet
  facet normal -0 0 -1
    outer loop
      vertex 8.9686 2.99137 0
      vertex 8.09999 -1.09502 0
      vertex 8.93754 3.05991 0
    endloop
  endfacet
  facet normal -0 0 -1
    outer loop
      vertex 8.93754 3.05991 0
      vertex 8.09999 -1.09502 0
      vertex 8.91103 3.13034 0
    endloop
  endfacet
  facet normal -0 0 -1
    outer loop
      vertex 8.91103 3.13034 0
      vertex 8.09999 -1.09502 0
      vertex 8.88918 3.20236 0
    endloop
  endfacet
  facet normal -0 0 -1
    outer loop
      vertex 8.88918 3.20236 0
      vertex 8.09999 -1.09502 0
      vertex 8.8721 3.27565 0
    endloop
  endfacet
  facet normal -0 0 -1
    outer loop
      vertex 8.8721 3.27565 0
      vertex 8.09999 -1.09502 0
      vertex 8.85984 3.34989 0
    endloop
  endfacet
  facet normal -0 0 -1
    outer loop
      vertex 8.85984 3.34989 0
      vertex 8.09999 -1.09502 0
      vertex 8.85246 3.42479 0
    endloop
  endfacet
  facet normal 0 0 -1
    outer loop
      vertex -8.09999 -1.09502 0
      vertex 8.85246 3.42479 0
      vertex 8.09999 -1.09502 0
    endloop
  endfacet
  facet normal 0 0 -1
    outer loop
      vertex -8.85246 3.42479 0
      vertex 8.85246 3.42479 0
      vertex -8.09999 -1.09502 0
    endloop
  endfacet
  facet normal 0 0 -1
    outer loop
      vertex 8.85246 3.42479 0
      vertex -8.85 3.5 0
      vertex 8.85 3.5 0
    endloop
  endfacet
  facet normal 0 0 -1
    outer loop
      vertex 8.85 3.5 0
      vertex -8.85 3.5 0
      vertex 8.85246 3.57521 0
    endloop
  endfacet
  facet normal 0 0 -1
    outer loop
      vertex -8.85246 3.57521 0
      vertex 8.85246 3.57521 0
      vertex -8.85 3.5 0
    endloop
  endfacet
  facet normal 0 0 -1
    outer loop
      vertex 8.85246 3.57521 0
      vertex -8.85246 3.57521 0
      vertex 8.85984 3.6501 0
    endloop
  endfacet
  facet normal 0 0 -1
    outer loop
      vertex -8.85984 3.6501 0
      vertex 8.85984 3.6501 0
      vertex -8.85246 3.57521 0
    endloop
  endfacet
  facet normal 0 0 -1
    outer loop
      vertex 8.85984 3.6501 0
      vertex -8.85984 3.6501 0
      vertex 8.8721 3.72435 0
    endloop
  endfacet
  facet normal 0 0 -1
    outer loop
      vertex -8.8721 3.72435 0
      vertex 8.8721 3.72435 0
      vertex -8.85984 3.6501 0
    endloop
  endfacet
  facet normal 0 0 -1
    outer loop
      vertex 8.8721 3.72435 0
      vertex -8.8721 3.72435 0
      vertex 8.88918 3.79764 0
    endloop
  endfacet
  facet normal 0 0 -1
    outer loop
      vertex -8.88918 3.79764 0
      vertex 8.88918 3.79764 0
      vertex -8.8721 3.72435 0
    endloop
  endfacet
  facet normal 0 0 -1
    outer loop
      vertex -8.85246 3.42479 0
      vertex -8.09999 -1.09502 0
      vertex -8.19156 -1.09801 0
    endloop
  endfacet
  facet normal 0 0 -1
    outer loop
      vertex -8.85246 3.42479 0
      vertex -8.19156 -1.09801 0
      vertex -8.28273 -1.10699 0
    endloop
  endfacet
  facet normal 0 0 -1
    outer loop
      vertex -8.85246 3.42479 0
      vertex -8.28273 -1.10699 0
      vertex -8.37312 -1.12192 0
    endloop
  endfacet
  facet normal 0 0 -1
    outer loop
      vertex -8.85246 3.42479 0
      vertex -8.37312 -1.12192 0
      vertex -8.46234 -1.14272 0
    endloop
  endfacet
  facet normal 0 0 -1
    outer loop
      vertex -8.85246 3.42479 0
      vertex -8.46234 -1.14272 0
      vertex -8.55 -1.16931 0
    endloop
  endfacet
  facet normal 0 0 -1
    outer loop
      vertex -8.85246 3.42479 0
      vertex -8.55 -1.16931 0
      vertex -8.63574 -1.20158 0
    endloop
  endfacet
  facet normal 0 0 -1
    outer loop
      vertex -9.84989 2.35984 0
      vertex -8.71919 -1.2394 0
      vertex -8.79999 -1.28258 0
    endloop
  endfacet
  facet normal 0 0 -1
    outer loop
      vertex -8.85246 3.42479 0
      vertex -8.63574 -1.20158 0
      vertex -8.71919 -1.2394 0
    endloop
  endfacet
  facet normal 0 0 -1
    outer loop
      vertex 8.88918 3.79764 0
      vertex -8.88918 3.79764 0
      vertex 8.91103 3.86965 0
    endloop
  endfacet
  facet normal 0 0 -1
    outer loop
      vertex -8.91103 3.86965 0
      vertex 8.91103 3.86965 0
      vertex -8.88918 3.79764 0
    endloop
  endfacet
  facet normal 0 0 -1
    outer loop
      vertex 8.91103 3.86965 0
      vertex -8.91103 3.86965 0
      vertex 8.93754 3.94009 0
    endloop
  endfacet
  facet normal 0 0 -1
    outer loop
      vertex -8.93754 3.94009 0
      vertex 8.93754 3.94009 0
      vertex -8.91103 3.86965 0
    endloop
  endfacet
  facet normal 0 0 -1
    outer loop
      vertex 8.93754 3.94009 0
      vertex -8.93754 3.94009 0
      vertex 8.9686 4.00863 0
    endloop
  endfacet
  facet normal 0 0 -1
    outer loop
      vertex -8.9686 4.00863 0
      vertex 8.9686 4.00863 0
      vertex -8.93754 3.94009 0
    endloop
  endfacet
  facet normal 0 0 -1
    outer loop
      vertex 8.9686 4.00863 0
      vertex -8.9686 4.00863 0
      vertex 9.00407 4.075 0
    endloop
  endfacet
  facet normal 0 0 -1
    outer loop
      vertex -9.00407 4.075 0
      vertex 9.00407 4.075 0
      vertex -8.9686 4.00863 0
    endloop
  endfacet
  facet normal 0 0 -1
    outer loop
      vertex -9.04381 4.13891 0
      vertex 9.00407 4.075 0
      vertex -9.00407 4.075 0
    endloop
  endfacet
  facet normal 0 0 -1
    outer loop
      vertex 9.04381 4.13891 0
      vertex -9.04381 4.13891 0
      vertex -9.08764 4.20008 0
    endloop
  endfacet
  facet normal 0 0 -1
    outer loop
      vertex 9.08764 4.20008 0
      vertex -9.08764 4.20008 0
      vertex 10.5 6.5 0
    endloop
  endfacet
  facet normal 0 0 -1
    outer loop
      vertex -10.5 6.5 0
      vertex -9.08764 4.20008 0
      vertex -9.13538 4.25825 0
    endloop
  endfacet
  facet normal 0 0 -1
    outer loop
      vertex -10.5 6.5 0
      vertex -9.13538 4.25825 0
      vertex -9.18683 4.31317 0
    endloop
  endfacet
  facet normal 0 0 -1
    outer loop
      vertex -10.5 6.5 0
      vertex -9.18683 4.31317 0
      vertex -9.24175 4.36462 0
    endloop
  endfacet
  facet normal 0 0 -1
    outer loop
      vertex -10.5 6.5 0
      vertex -9.24175 4.36462 0
      vertex -9.29992 4.41236 0
    endloop
  endfacet
  facet normal 0 0 -1
    outer loop
      vertex -10.5 6.5 0
      vertex -9.29992 4.41236 0
      vertex -9.36109 4.45619 0
    endloop
  endfacet
  facet normal 0 0 -1
    outer loop
      vertex -10.5 6.5 0
      vertex -9.36109 4.45619 0
      vertex -9.425 4.49593 0
    endloop
  endfacet
  facet normal 0 0 -1
    outer loop
      vertex -10.5 6.5 0
      vertex -9.425 4.49593 0
      vertex -9.49137 4.5314 0
    endloop
  endfacet
  facet normal 0 0 -1
    outer loop
      vertex -10.5 6.5 0
      vertex -9.49137 4.5314 0
      vertex -9.55991 4.56246 0
    endloop
  endfacet
  facet normal 0 0 -1
    outer loop
      vertex -10.5 6.5 0
      vertex -9.55991 4.56246 0
      vertex -9.63034 4.58897 0
    endloop
  endfacet
  facet normal 0 0 -1
    outer loop
      vertex -10.5 6.5 0
      vertex -9.63034 4.58897 0
      vertex -9.70236 4.61081 0
    endloop
  endfacet
  facet normal 0 0 -1
    outer loop
      vertex -10.5 6.5 0
      vertex -9.70236 4.61081 0
      vertex -9.77565 4.6279 0
    endloop
  endfacet
  facet normal 0 0 -1
    outer loop
      vertex -10.5 6.5 0
      vertex -9.77565 4.6279 0
      vertex -9.84989 4.64016 0
    endloop
  endfacet
  facet normal 0 0 -1
    outer loop
      vertex -10.5 6.5 0
      vertex -9.84989 4.64016 0
      vertex -9.92479 4.64754 0
    endloop
  endfacet
  facet normal 0 0 -1
    outer loop
      vertex -10.5 6.5 0
      vertex -9.92479 4.64754 0
      vertex -10 4.65 0
    endloop
  endfacet
  facet normal 0 0 -1
    outer loop
      vertex -10.5 6.5 0
      vertex -10 4.65 0
      vertex -10.0752 4.64754 0
    endloop
  endfacet
  facet normal 0 0 -1
    outer loop
      vertex -9.08764 4.20008 0
      vertex -10.5 6.5 0
      vertex 10.5 6.5 0
    endloop
  endfacet
  facet normal 0 0 -1
    outer loop
      vertex -10.1501 4.64016 0
      vertex -10.5 6.5 0
      vertex -10.0752 4.64754 0
    endloop
  endfacet
  facet normal 0 0 -1
    outer loop
      vertex -10.2244 4.6279 0
      vertex -10.5 6.5 0
      vertex -10.1501 4.64016 0
    endloop
  endfacet
  facet normal 0 0 -1
    outer loop
      vertex -10.2976 4.61081 0
      vertex -10.5 6.5 0
      vertex -10.2244 4.6279 0
    endloop
  endfacet
  facet normal 0 0 -1
    outer loop
      vertex -10.6962 6.49358 0
      vertex -10.2976 4.61081 0
      vertex -10.3697 4.58897 0
    endloop
  endfacet
  facet normal 0 0 -1
    outer loop
      vertex -10.8916 6.47433 0
      vertex -10.3697 4.58897 0
      vertex -10.4401 4.56246 0
    endloop
  endfacet
  facet normal 0 0 -1
    outer loop
      vertex -11.0853 6.44235 0
      vertex -10.4401 4.56246 0
      vertex -10.5086 4.5314 0
    endloop
  endfacet
  facet normal 0 0 -1
    outer loop
      vertex -11.2765 6.39778 0
      vertex -10.5086 4.5314 0
      vertex -10.575 4.49593 0
    endloop
  endfacet
  facet normal 0 0 -1
    outer loop
      vertex -11.4643 6.34079 0
      vertex -10.575 4.49593 0
      vertex -10.6389 4.45619 0
    endloop
  endfacet
  facet normal 0 0 -1
    outer loop
      vertex -10.2976 4.61081 0
      vertex -10.6962 6.49358 0
      vertex -10.5 6.5 0
    endloop
  endfacet
  facet normal 0 0 -1
    outer loop
      vertex -11.6481 6.27164 0
      vertex -10.6389 4.45619 0
      vertex -10.7001 4.41236 0
    endloop
  endfacet
  facet normal 0 0 -1
    outer loop
      vertex -11.8269 6.19061 0
      vertex -10.7001 4.41236 0
      vertex -10.7582 4.36462 0
    endloop
  endfacet
  facet normal 0 0 -1
    outer loop
      vertex -12 6.09808 0
      vertex -10.7582 4.36462 0
      vertex -10.8132 4.31317 0
    endloop
  endfacet
  facet normal 0 0 -1
    outer loop
      vertex -12.3263 5.88007 0
      vertex -10.8132 4.31317 0
      vertex -10.8646 4.25825 0
    endloop
  endfacet
  facet normal 0 0 -1
    outer loop
      vertex -10.3697 4.58897 0
      vertex -10.8916 6.47433 0
      vertex -10.6962 6.49358 0
    endloop
  endfacet
  facet normal 0 0 -1
    outer loop
      vertex -12.478 5.75552 0
      vertex -10.8646 4.25825 0
      vertex -10.9124 4.20008 0
    endloop
  endfacet
  facet normal 0 0 -1
    outer loop
      vertex -12.6213 5.62132 0
      vertex -10.9124 4.20008 0
      vertex -10.9562 4.13891 0
    endloop
  endfacet
  facet normal 0 0 -1
    outer loop
      vertex -12.7555 5.47804 0
      vertex -10.9562 4.13891 0
      vertex -10.9959 4.075 0
    endloop
  endfacet
  facet normal 0 0 -1
    outer loop
      vertex -12.8801 5.32628 0
      vertex -10.9959 4.075 0
      vertex -11.0314 4.00863 0
    endloop
  endfacet
  facet normal 0 0 -1
    outer loop
      vertex -13.0981 5 0
      vertex -11.0314 4.00863 0
      vertex -11.0625 3.94009 0
    endloop
  endfacet
  facet normal 0 0 -1
    outer loop
      vertex -10.4401 4.56246 0
      vertex -11.0853 6.44235 0
      vertex -10.8916 6.47433 0
    endloop
  endfacet
  facet normal 0 0 -1
    outer loop
      vertex -13.1906 4.82686 0
      vertex -11.0625 3.94009 0
      vertex -11.089 3.86965 0
    endloop
  endfacet
  facet normal 0 0 -1
    outer loop
      vertex -13.2716 4.64806 0
      vertex -11.089 3.86965 0
      vertex -11.1108 3.79764 0
    endloop
  endfacet
  facet normal 0 0 -1
    outer loop
      vertex -13.3408 4.46432 0
      vertex -11.1108 3.79764 0
      vertex -11.1279 3.72435 0
    endloop
  endfacet
  facet normal 0 0 -1
    outer loop
      vertex -13.4424 4.08527 0
      vertex -11.1279 3.72435 0
      vertex -11.1402 3.6501 0
    endloop
  endfacet
  facet normal 0 0 -1
    outer loop
      vertex -13.4743 3.89157 0
      vertex -11.1402 3.6501 0
      vertex -11.1475 3.57521 0
    endloop
  endfacet
  facet normal 0 0 -1
    outer loop
      vertex -13.4936 3.69621 0
      vertex -11.1475 3.57521 0
      vertex -11.15 3.5 0
    endloop
  endfacet
  facet normal 0 0 -1
    outer loop
      vertex -10.5086 4.5314 0
      vertex -11.2765 6.39778 0
      vertex -11.0853 6.44235 0
    endloop
  endfacet
  facet normal 0 0 -1
    outer loop
      vertex -11.1402 3.34989 0
      vertex -13.5 3.5 0
      vertex -11.1475 3.42479 0
    endloop
  endfacet
  facet normal 0 0 -1
    outer loop
      vertex -12.478 -5.75552 0
      vertex -9.31242 -3.20499 0
      vertex -12.3263 -5.88007 0
    endloop
  endfacet
  facet normal 0 0 -1
    outer loop
      vertex -11.1475 3.42479 0
      vertex -13.5 3.5 0
      vertex -11.15 3.5 0
    endloop
  endfacet
  facet normal 0 0 -1
    outer loop
      vertex -12.6213 -5.62132 0
      vertex -9.31242 -3.20499 0
      vertex -12.478 -5.75552 0
    endloop
  endfacet
  facet normal 0 -0 -1
    outer loop
      vertex -13.4936 3.69621 0
      vertex -11.15 3.5 0
      vertex -13.5 3.5 0
    endloop
  endfacet
  facet normal -0 0 -1
    outer loop
      vertex -9.31242 -3.20499 0
      vertex -12.6213 -5.62132 0
      vertex -9.35561 -3.12419 0
    endloop
  endfacet
  facet normal 0 0 -1
    outer loop
      vertex -10.575 4.49593 0
      vertex -11.4643 6.34079 0
      vertex -11.2765 6.39778 0
    endloop
  endfacet
  facet normal 0 0 -1
    outer loop
      vertex -12.7555 -5.47804 0
      vertex -9.35561 -3.12419 0
      vertex -12.6213 -5.62132 0
    endloop
  endfacet
  facet normal 0 0 -1
    outer loop
      vertex -10.6389 4.45619 0
      vertex -11.6481 6.27164 0
      vertex -11.4643 6.34079 0
    endloop
  endfacet
  facet normal 0 0 -1
    outer loop
      vertex -12.8801 -5.32628 0
      vertex -9.35561 -3.12419 0
      vertex -12.7555 -5.47804 0
    endloop
  endfacet
  facet normal 0 0 -1
    outer loop
      vertex -10.7001 4.41236 0
      vertex -11.8269 6.19061 0
      vertex -11.6481 6.27164 0
    endloop
  endfacet
  facet normal 0 0 -1
    outer loop
      vertex -12.9944 -5.16672 0
      vertex -9.35561 -3.12419 0
      vertex -12.8801 -5.32628 0
    endloop
  endfacet
  facet normal 0 0 -1
    outer loop
      vertex -10.7582 4.36462 0
      vertex -12 6.09808 0
      vertex -11.8269 6.19061 0
    endloop
  endfacet
  facet normal 0 0 -1
    outer loop
      vertex -13.0981 -5 0
      vertex -9.35561 -3.12419 0
      vertex -12.9944 -5.16672 0
    endloop
  endfacet
  facet normal 0 0 -1
    outer loop
      vertex -10.8132 4.31317 0
      vertex -12.1667 5.99442 0
      vertex -12 6.09808 0
    endloop
  endfacet
  facet normal -0 0 -1
    outer loop
      vertex -9.35561 -3.12419 0
      vertex -13.0981 -5 0
      vertex -9.39342 -3.04074 0
    endloop
  endfacet
  facet normal 0 0 -1
    outer loop
      vertex -10.8132 4.31317 0
      vertex -12.3263 5.88007 0
      vertex -12.1667 5.99442 0
    endloop
  endfacet
  facet normal 0 0 -1
    outer loop
      vertex -13.1906 -4.82686 0
      vertex -9.39342 -3.04074 0
      vertex -13.0981 -5 0
    endloop
  endfacet
  facet normal 0 0 -1
    outer loop
      vertex -10.8646 4.25825 0
      vertex -12.478 5.75552 0
      vertex -12.3263 5.88007 0
    endloop
  endfacet
  facet normal 0 0 -1
    outer loop
      vertex -13.2716 -4.64806 0
      vertex -9.39342 -3.04074 0
      vertex -13.1906 -4.82686 0
    endloop
  endfacet
  facet normal 0 0 -1
    outer loop
      vertex -10.9124 4.20008 0
      vertex -12.6213 5.62132 0
      vertex -12.478 5.75552 0
    endloop
  endfacet
  facet normal 0 0 -1
    outer loop
      vertex -13.3408 -4.46432 0
      vertex -9.39342 -3.04074 0
      vertex -13.2716 -4.64806 0
    endloop
  endfacet
  facet normal 0 0 -1
    outer loop
      vertex -10.9562 4.13891 0
      vertex -12.7555 5.47804 0
      vertex -12.6213 5.62132 0
    endloop
  endfacet
  facet normal 0 0 -1
    outer loop
      vertex -13.3978 -4.27646 0
      vertex -9.39342 -3.04074 0
      vertex -13.3408 -4.46432 0
    endloop
  endfacet
  facet normal 0 0 -1
    outer loop
      vertex -10.9959 4.075 0
      vertex -12.8801 5.32628 0
      vertex -12.7555 5.47804 0
    endloop
  endfacet
  facet normal -0 0 -1
    outer loop
      vertex -9.39342 -3.04074 0
      vertex -13.3978 -4.27646 0
      vertex -9.42569 -2.955 0
    endloop
  endfacet
  facet normal 0 0 -1
    outer loop
      vertex -11.0314 4.00863 0
      vertex -12.9944 5.16672 0
      vertex -12.8801 5.32628 0
    endloop
  endfacet
  facet normal 0 0 -1
    outer loop
      vertex -13.4424 -4.08527 0
      vertex -9.42569 -2.955 0
      vertex -13.3978 -4.27646 0
    endloop
  endfacet
  facet normal 0 0 -1
    outer loop
      vertex -11.0314 4.00863 0
      vertex -13.0981 5 0
      vertex -12.9944 5.16672 0
    endloop
  endfacet
  facet normal 0 0 -1
    outer loop
      vertex -13.4743 -3.89157 0
      vertex -9.42569 -2.955 0
      vertex -13.4424 -4.08527 0
    endloop
  endfacet
  facet normal 0 0 -1
    outer loop
      vertex -11.0625 3.94009 0
      vertex -13.1906 4.82686 0
      vertex -13.0981 5 0
    endloop
  endfacet
  facet normal 0 0 -1
    outer loop
      vertex -13.4936 -3.69621 0
      vertex -9.42569 -2.955 0
      vertex -13.4743 -3.89157 0
    endloop
  endfacet
  facet normal 0 0 -1
    outer loop
      vertex -11.089 3.86965 0
      vertex -13.2716 4.64806 0
      vertex -13.1906 4.82686 0
    endloop
  endfacet
  facet normal -0 0 -1
    outer loop
      vertex -9.42569 -2.955 0
      vertex -13.4936 -3.69621 0
      vertex -9.45229 -2.86734 0
    endloop
  endfacet
  facet normal 0 0 -1
    outer loop
      vertex -11.1108 3.79764 0
      vertex -13.3408 4.46432 0
      vertex -13.2716 4.64806 0
    endloop
  endfacet
  facet normal 0 0 -1
    outer loop
      vertex -13.5 -3.5 0
      vertex -9.45229 -2.86734 0
      vertex -13.4936 -3.69621 0
    endloop
  endfacet
  facet normal 0 0 -1
    outer loop
      vertex -11.1279 3.72435 0
      vertex -13.3978 4.27646 0
      vertex -13.3408 4.46432 0
    endloop
  endfacet
  facet normal -0 0 -1
    outer loop
      vertex -9.45229 -2.86734 0
      vertex -13.5 -3.5 0
      vertex -9.47308 -2.77812 0
    endloop
  endfacet
  facet normal 0 0 -1
    outer loop
      vertex -11.1279 3.72435 0
      vertex -13.4424 4.08527 0
      vertex -13.3978 4.27646 0
    endloop
  endfacet
  facet normal 0 0 -1
    outer loop
      vertex -11.1402 3.6501 0
      vertex -13.4743 3.89157 0
      vertex -13.4424 4.08527 0
    endloop
  endfacet
  facet normal 0 0 -1
    outer loop
      vertex -11.1475 3.57521 0
      vertex -13.4936 3.69621 0
      vertex -13.4743 3.89157 0
    endloop
  endfacet
  facet normal 0 0 -1
    outer loop
      vertex 13.5 -3.5 0
      vertex 9.49998 -2.49501 0
      vertex 9.49699 -2.40344 0
    endloop
  endfacet
  facet normal 0 0 -1
    outer loop
      vertex 10.5086 2.4686 0
      vertex 9.26405 -1.71721 0
      vertex 10.4401 2.43754 0
    endloop
  endfacet
  facet normal 0 0 -1
    outer loop
      vertex 9.08994 -1.50507 0
      vertex 10.2976 2.38918 0
      vertex 9.15257 -1.57193 0
    endloop
  endfacet
  facet normal 0 0 -1
    outer loop
      vertex 10.2976 2.38918 0
      vertex 9.08994 -1.50507 0
      vertex 10.2244 2.3721 0
    endloop
  endfacet
  facet normal 0 0 -1
    outer loop
      vertex 9.02307 -1.44243 0
      vertex 10.2244 2.3721 0
      vertex 9.08994 -1.50507 0
    endloop
  endfacet
  facet normal 0 0 -1
    outer loop
      vertex 10.2244 2.3721 0
      vertex 9.02307 -1.44243 0
      vertex 10.1501 2.35984 0
    endloop
  endfacet
  facet normal 0 0 -1
    outer loop
      vertex 10.1501 2.35984 0
      vertex 9.02307 -1.44243 0
      vertex 10.0752 2.35246 0
    endloop
  endfacet
  facet normal 0 0 -1
    outer loop
      vertex 8.95226 -1.38432 0
      vertex 10.0752 2.35246 0
      vertex 9.02307 -1.44243 0
    endloop
  endfacet
  facet normal 0 0 -1
    outer loop
      vertex 10.0752 2.35246 0
      vertex 8.95226 -1.38432 0
      vertex 10 2.35 0
    endloop
  endfacet
  facet normal 0 0 -1
    outer loop
      vertex 8.87779 -1.33095 0
      vertex 10 2.35 0
      vertex 8.95226 -1.38432 0
    endloop
  endfacet
  facet normal -0 0 -1
    outer loop
      vertex 10 2.35 0
      vertex 8.87779 -1.33095 0
      vertex 9.92479 2.35246 0
    endloop
  endfacet
  facet normal 0 0 -1
    outer loop
      vertex 8.79999 -1.28258 0
      vertex 9.92479 2.35246 0
      vertex 8.87779 -1.33095 0
    endloop
  endfacet
  facet normal -0 0 -1
    outer loop
      vertex 9.92479 2.35246 0
      vertex 8.79999 -1.28258 0
      vertex 9.84989 2.35984 0
    endloop
  endfacet
  facet normal 0 0 -1
    outer loop
      vertex 8.71919 -1.2394 0
      vertex 9.84989 2.35984 0
      vertex 8.79999 -1.28258 0
    endloop
  endfacet
  facet normal -0 0 -1
    outer loop
      vertex 9.84989 2.35984 0
      vertex 8.71919 -1.2394 0
      vertex 9.77565 2.3721 0
    endloop
  endfacet
  facet normal 0 0 -1
    outer loop
      vertex 8.63574 -1.20158 0
      vertex 9.77565 2.3721 0
      vertex 8.71919 -1.2394 0
    endloop
  endfacet
  facet normal -0 0 -1
    outer loop
      vertex 9.77565 2.3721 0
      vertex 8.63574 -1.20158 0
      vertex 9.70236 2.38918 0
    endloop
  endfacet
  facet normal 0 0 -1
    outer loop
      vertex 8.55 -1.16931 0
      vertex 9.70236 2.38918 0
      vertex 8.63574 -1.20158 0
    endloop
  endfacet
  facet normal -0 0 -1
    outer loop
      vertex 9.70236 2.38918 0
      vertex 8.55 -1.16931 0
      vertex 9.63034 2.41103 0
    endloop
  endfacet
  facet normal 0 0 -1
    outer loop
      vertex 8.46234 -1.14272 0
      vertex 9.63034 2.41103 0
      vertex 8.55 -1.16931 0
    endloop
  endfacet
  facet normal -0 0 -1
    outer loop
      vertex 9.63034 2.41103 0
      vertex 8.46234 -1.14272 0
      vertex 9.55991 2.43754 0
    endloop
  endfacet
  facet normal 0 0 -1
    outer loop
      vertex 8.37312 -1.12192 0
      vertex 9.55991 2.43754 0
      vertex 8.46234 -1.14272 0
    endloop
  endfacet
  facet normal -0 0 -1
    outer loop
      vertex 9.55991 2.43754 0
      vertex 8.37312 -1.12192 0
      vertex 9.49137 2.4686 0
    endloop
  endfacet
  facet normal 0 0 -1
    outer loop
      vertex 8.28273 -1.10699 0
      vertex 9.49137 2.4686 0
      vertex 8.37312 -1.12192 0
    endloop
  endfacet
  facet normal -0 0 -1
    outer loop
      vertex 9.49137 2.4686 0
      vertex 8.28273 -1.10699 0
      vertex 9.425 2.50407 0
    endloop
  endfacet
  facet normal 0 0 -1
    outer loop
      vertex 8.19156 -1.09801 0
      vertex 9.425 2.50407 0
      vertex 8.28273 -1.10699 0
    endloop
  endfacet
  facet normal -0 0 -1
    outer loop
      vertex 9.425 2.50407 0
      vertex 8.19156 -1.09801 0
      vertex 9.36109 2.54381 0
    endloop
  endfacet
  facet normal 0 0 -1
    outer loop
      vertex 8.09999 -1.09502 0
      vertex 9.36109 2.54381 0
      vertex 8.19156 -1.09801 0
    endloop
  endfacet
  facet normal -0 0 -1
    outer loop
      vertex 9.36109 2.54381 0
      vertex 8.09999 -1.09502 0
      vertex 9.29992 2.58764 0
    endloop
  endfacet
  facet normal -0 0 -1
    outer loop
      vertex 9.29992 2.58764 0
      vertex 8.09999 -1.09502 0
      vertex 9.24175 2.63538 0
    endloop
  endfacet
  facet normal -0 0 -1
    outer loop
      vertex 9.24175 2.63538 0
      vertex 8.09999 -1.09502 0
      vertex 9.18683 2.68683 0
    endloop
  endfacet
  facet normal -0 0 -1
    outer loop
      vertex 9.18683 2.68683 0
      vertex 8.09999 -1.09502 0
      vertex 9.13538 2.74175 0
    endloop
  endfacet
  facet normal -0 0 -1
    outer loop
      vertex 9.13538 2.74175 0
      vertex 8.09999 -1.09502 0
      vertex 9.08764 2.79992 0
    endloop
  endfacet
  facet normal -0 0 -1
    outer loop
      vertex 9.08764 2.79992 0
      vertex 8.09999 -1.09502 0
      vertex 9.04381 2.86109 0
    endloop
  endfacet
  facet normal -0 0 -1
    outer loop
      vertex 9.04381 2.86109 0
      vertex 8.09999 -1.09502 0
      vertex 9.00407 2.925 0
    endloop
  endfacet
  facet normal -0.986709 0.162499 0
    outer loop
      vertex -13.4743 3.89157 0
      vertex -13.4424 4.08527 1.8
      vertex -13.4424 4.08527 0
    endloop
  endfacet
  facet normal -0.986709 0.162499 0
    outer loop
      vertex -13.4424 4.08527 1.8
      vertex -13.4743 3.89157 0
      vertex -13.4743 3.89157 1.8
    endloop
  endfacet
  facet normal 0.290385 0.95691 -0
    outer loop
      vertex 11.4643 6.34079 0
      vertex 11.2765 6.39778 1.8
      vertex 11.4643 6.34079 1.8
    endloop
  endfacet
  facet normal 0.290385 0.95691 0
    outer loop
      vertex 11.2765 6.39778 1.8
      vertex 11.4643 6.34079 0
      vertex 11.2765 6.39778 0
    endloop
  endfacet
  facet normal -0.956922 -0.290347 0
    outer loop
      vertex -13.3408 -4.46432 0
      vertex -13.3978 -4.27646 1.8
      vertex -13.3978 -4.27646 0
    endloop
  endfacet
  facet normal -0.956922 -0.290347 0
    outer loop
      vertex -13.3978 -4.27646 1.8
      vertex -13.3408 -4.46432 0
      vertex -13.3408 -4.46432 1.8
    endloop
  endfacet
  facet normal 0.352128 0.935952 -0
    outer loop
      vertex 11.6481 6.27164 0
      vertex 11.4643 6.34079 1.8
      vertex 11.6481 6.27164 1.8
    endloop
  endfacet
  facet normal 0.352128 0.935952 0
    outer loop
      vertex 11.4643 6.34079 1.8
      vertex 11.6481 6.27164 0
      vertex 11.4643 6.34079 0
    endloop
  endfacet
  facet normal -0.0980413 -0.995182 0
    outer loop
      vertex -10.8916 -6.47433 0
      vertex -10.6962 -6.49358 1.8
      vertex -10.8916 -6.47433 1.8
    endloop
  endfacet
  facet normal -0.0980413 -0.995182 -0
    outer loop
      vertex -10.6962 -6.49358 1.8
      vertex -10.8916 -6.47433 0
      vertex -10.6962 -6.49358 0
    endloop
  endfacet
  facet normal 0.471421 0.881908 -0
    outer loop
      vertex 12 6.09808 0
      vertex 11.8269 6.19061 1.8
      vertex 12 6.09808 1.8
    endloop
  endfacet
  facet normal 0.471421 0.881908 0
    outer loop
      vertex 11.8269 6.19061 1.8
      vertex 12 6.09808 0
      vertex 11.8269 6.19061 0
    endloop
  endfacet
  facet normal 0.528065 0.849204 -0
    outer loop
      vertex 12.1667 5.99442 0
      vertex 12 6.09808 1.8
      vertex 12.1667 5.99442 1.8
    endloop
  endfacet
  facet normal 0.528065 0.849204 0
    outer loop
      vertex 12 6.09808 1.8
      vertex 12.1667 5.99442 0
      vertex 12 6.09808 0
    endloop
  endfacet
  facet normal 0.352128 -0.935952 0
    outer loop
      vertex 11.4643 -6.34079 0
      vertex 11.6481 -6.27164 1.8
      vertex 11.4643 -6.34079 1.8
    endloop
  endfacet
  facet normal 0.352128 -0.935952 0
    outer loop
      vertex 11.6481 -6.27164 1.8
      vertex 11.4643 -6.34079 0
      vertex 11.6481 -6.27164 0
    endloop
  endfacet
  facet normal 0.986709 -0.162499 0
    outer loop
      vertex 13.4424 -4.08527 1.8
      vertex 13.4743 -3.89157 0
      vertex 13.4743 -3.89157 1.8
    endloop
  endfacet
  facet normal 0.986709 -0.162499 0
    outer loop
      vertex 13.4743 -3.89157 0
      vertex 13.4424 -4.08527 1.8
      vertex 13.4424 -4.08527 0
    endloop
  endfacet
  facet normal -0.683551 0.729902 0
    outer loop
      vertex -12.478 5.75552 0
      vertex -12.6213 5.62132 1.8
      vertex -12.478 5.75552 1.8
    endloop
  endfacet
  facet normal -0.683551 0.729902 0
    outer loop
      vertex -12.6213 5.62132 1.8
      vertex -12.478 5.75552 0
      vertex -12.6213 5.62132 0
    endloop
  endfacet
  facet normal -0.729855 0.683602 0
    outer loop
      vertex -12.7555 5.47804 0
      vertex -12.6213 5.62132 1.8
      vertex -12.6213 5.62132 0
    endloop
  endfacet
  facet normal -0.729855 0.683602 0
    outer loop
      vertex -12.6213 5.62132 1.8
      vertex -12.7555 5.47804 0
      vertex -12.7555 5.47804 1.8
    endloop
  endfacet
  facet normal 0.93583 -0.352452 0
    outer loop
      vertex 13.2716 -4.64806 1.8
      vertex 13.3408 -4.46432 0
      vertex 13.3408 -4.46432 1.8
    endloop
  endfacet
  facet normal 0.93583 -0.352452 0
    outer loop
      vertex 13.3408 -4.46432 0
      vertex 13.2716 -4.64806 1.8
      vertex 13.2716 -4.64806 0
    endloop
  endfacet
  facet normal 0.412778 -0.910832 0
    outer loop
      vertex 11.6481 -6.27164 0
      vertex 11.8269 -6.19061 1.8
      vertex 11.6481 -6.27164 1.8
    endloop
  endfacet
  facet normal 0.412778 -0.910832 0
    outer loop
      vertex 11.8269 -6.19061 1.8
      vertex 11.6481 -6.27164 0
      vertex 11.8269 -6.19061 0
    endloop
  endfacet
  facet normal -0.956922 0.290347 0
    outer loop
      vertex -13.3978 4.27646 0
      vertex -13.3408 4.46432 1.8
      vertex -13.3408 4.46432 0
    endloop
  endfacet
  facet normal -0.956922 0.290347 0
    outer loop
      vertex -13.3408 4.46432 1.8
      vertex -13.3978 4.27646 0
      vertex -13.3978 4.27646 1.8
    endloop
  endfacet
  facet normal 0.683551 0.729902 -0
    outer loop
      vertex 12.6213 5.62132 0
      vertex 12.478 5.75552 1.8
      vertex 12.6213 5.62132 1.8
    endloop
  endfacet
  facet normal 0.683551 0.729902 0
    outer loop
      vertex 12.478 5.75552 1.8
      vertex 12.6213 5.62132 0
      vertex 12.478 5.75552 0
    endloop
  endfacet
  facet normal 0.471421 -0.881908 0
    outer loop
      vertex 11.8269 -6.19061 0
      vertex 12 -6.09808 1.8
      vertex 11.8269 -6.19061 1.8
    endloop
  endfacet
  facet normal 0.471421 -0.881908 0
    outer loop
      vertex 12 -6.09808 1.8
      vertex 11.8269 -6.19061 0
      vertex 12 -6.09808 0
    endloop
  endfacet
  facet normal -0.412778 0.910832 0
    outer loop
      vertex -11.6481 6.27164 0
      vertex -11.8269 6.19061 1.8
      vertex -11.6481 6.27164 1.8
    endloop
  endfacet
  facet normal -0.412778 0.910832 0
    outer loop
      vertex -11.8269 6.19061 1.8
      vertex -11.6481 6.27164 0
      vertex -11.8269 6.19061 0
    endloop
  endfacet
  facet normal 0.849141 0.528166 0
    outer loop
      vertex 13.0981 5 1.8
      vertex 12.9944 5.16672 0
      vertex 12.9944 5.16672 1.8
    endloop
  endfacet
  facet normal 0.849141 0.528166 0
    outer loop
      vertex 12.9944 5.16672 0
      vertex 13.0981 5 1.8
      vertex 13.0981 5 0
    endloop
  endfacet
  facet normal -0.93583 0.352452 0
    outer loop
      vertex -13.3408 4.46432 0
      vertex -13.2716 4.64806 1.8
      vertex -13.2716 4.64806 0
    endloop
  endfacet
  facet normal -0.93583 0.352452 0
    outer loop
      vertex -13.2716 4.64806 1.8
      vertex -13.3408 4.46432 0
      vertex -13.3408 4.46432 1.8
    endloop
  endfacet
  facet normal 0 0 1
    outer loop
      vertex 13.5 -3.5 1.8
      vertex 9.49699 -2.40344 1.8
      vertex 9.49998 -2.49501 1.8
    endloop
  endfacet
  facet normal 0 0 1
    outer loop
      vertex 8.37312 -1.12192 1.8
      vertex 9.55991 2.43754 1.8
      vertex 9.49137 2.4686 1.8
    endloop
  endfacet
  facet normal 0 0 1
    outer loop
      vertex 9.63034 2.41103 1.8
      vertex 9.48801 -2.31227 1.8
      vertex 9.49699 -2.40344 1.8
    endloop
  endfacet
  facet normal 0 0 1
    outer loop
      vertex 9.63034 2.41103 1.8
      vertex 9.47308 -2.22188 1.8
      vertex 9.48801 -2.31227 1.8
    endloop
  endfacet
  facet normal 0 0 1
    outer loop
      vertex 9.63034 2.41103 1.8
      vertex 9.45229 -2.13266 1.8
      vertex 9.47308 -2.22188 1.8
    endloop
  endfacet
  facet normal 0 0 1
    outer loop
      vertex 9.63034 2.41103 1.8
      vertex 9.42569 -2.045 1.8
      vertex 9.45229 -2.13266 1.8
    endloop
  endfacet
  facet normal 0 0 1
    outer loop
      vertex 8.28273 -1.10699 1.8
      vertex 9.49137 2.4686 1.8
      vertex 9.425 2.50407 1.8
    endloop
  endfacet
  facet normal 0 0 1
    outer loop
      vertex 9.63034 2.41103 1.8
      vertex 9.39342 -1.95926 1.8
      vertex 9.42569 -2.045 1.8
    endloop
  endfacet
  facet normal 0 0 1
    outer loop
      vertex 8.19156 -1.09801 1.8
      vertex 9.425 2.50407 1.8
      vertex 9.36109 2.54381 1.8
    endloop
  endfacet
  facet normal 0 0 1
    outer loop
      vertex 9.63034 2.41103 1.8
      vertex 9.35561 -1.87581 1.8
      vertex 9.39342 -1.95926 1.8
    endloop
  endfacet
  facet normal 0 0 1
    outer loop
      vertex 9.63034 2.41103 1.8
      vertex 9.31242 -1.79501 1.8
      vertex 9.35561 -1.87581 1.8
    endloop
  endfacet
  facet normal 0 0 1
    outer loop
      vertex 8.09999 -1.09502 1.8
      vertex 9.36109 2.54381 1.8
      vertex 9.29992 2.58764 1.8
    endloop
  endfacet
  facet normal 0 0 1
    outer loop
      vertex 9.63034 2.41103 1.8
      vertex 9.26405 -1.71721 1.8
      vertex 9.31242 -1.79501 1.8
    endloop
  endfacet
  facet normal 0 0 1
    outer loop
      vertex 8.09999 -1.09502 1.8
      vertex 9.29992 2.58764 1.8
      vertex 9.24175 2.63538 1.8
    endloop
  endfacet
  facet normal 0 0 1
    outer loop
      vertex 9.63034 2.41103 1.8
      vertex 9.21068 -1.64275 1.8
      vertex 9.26405 -1.71721 1.8
    endloop
  endfacet
  facet normal 0 0 1
    outer loop
      vertex 8.09999 -1.09502 1.8
      vertex 9.24175 2.63538 1.8
      vertex 9.18683 2.68683 1.8
    endloop
  endfacet
  facet normal 0 0 1
    outer loop
      vertex 9.63034 2.41103 1.8
      vertex 9.15257 -1.57193 1.8
      vertex 9.21068 -1.64275 1.8
    endloop
  endfacet
  facet normal 0 0 1
    outer loop
      vertex 8.09999 -1.09502 1.8
      vertex 9.18683 2.68683 1.8
      vertex 9.13538 2.74175 1.8
    endloop
  endfacet
  facet normal 0 0 1
    outer loop
      vertex 9.63034 2.41103 1.8
      vertex 9.08994 -1.50507 1.8
      vertex 9.15257 -1.57193 1.8
    endloop
  endfacet
  facet normal 0 0 1
    outer loop
      vertex 8.09999 -1.09502 1.8
      vertex 9.13538 2.74175 1.8
      vertex 9.08764 2.79992 1.8
    endloop
  endfacet
  facet normal 0 0 1
    outer loop
      vertex 8.09999 -1.09502 1.8
      vertex 9.08764 2.79992 1.8
      vertex 9.04381 2.86109 1.8
    endloop
  endfacet
  facet normal 0 0 1
    outer loop
      vertex 9.63034 2.41103 1.8
      vertex 9.02307 -1.44243 1.8
      vertex 9.08994 -1.50507 1.8
    endloop
  endfacet
  facet normal 0 0 1
    outer loop
      vertex 8.09999 -1.09502 1.8
      vertex 9.04381 2.86109 1.8
      vertex 9.00407 2.925 1.8
    endloop
  endfacet
  facet normal 0 0 1
    outer loop
      vertex 8.09999 -1.09502 1.8
      vertex 9.00407 2.925 1.8
      vertex 8.9686 2.99137 1.8
    endloop
  endfacet
  facet normal 0 0 1
    outer loop
      vertex 9.63034 2.41103 1.8
      vertex 8.95226 -1.38432 1.8
      vertex 9.02307 -1.44243 1.8
    endloop
  endfacet
  facet normal 0 0 1
    outer loop
      vertex 8.09999 -1.09502 1.8
      vertex 8.9686 2.99137 1.8
      vertex 8.93754 3.05991 1.8
    endloop
  endfacet
  facet normal 0 0 1
    outer loop
      vertex 8.09999 -1.09502 1.8
      vertex 8.93754 3.05991 1.8
      vertex 8.91103 3.13034 1.8
    endloop
  endfacet
  facet normal 0 0 1
    outer loop
      vertex 8.09999 -1.09502 1.8
      vertex 8.91103 3.13034 1.8
      vertex 8.88918 3.20236 1.8
    endloop
  endfacet
  facet normal 0 0 1
    outer loop
      vertex 9.63034 2.41103 1.8
      vertex 8.87779 -1.33095 1.8
      vertex 8.95226 -1.38432 1.8
    endloop
  endfacet
  facet normal 0 0 1
    outer loop
      vertex 8.09999 -1.09502 1.8
      vertex 8.88918 3.20236 1.8
      vertex 8.8721 3.27565 1.8
    endloop
  endfacet
  facet normal 0 0 1
    outer loop
      vertex 8.09999 -1.09502 1.8
      vertex 8.8721 3.27565 1.8
      vertex 8.85984 3.34989 1.8
    endloop
  endfacet
  facet normal 0 0 1
    outer loop
      vertex 8.09999 -1.09502 1.8
      vertex 8.85984 3.34989 1.8
      vertex 8.85246 3.42479 1.8
    endloop
  endfacet
  facet normal 0 0 1
    outer loop
      vertex -8.85246 3.42479 1.8
      vertex 8.85246 3.42479 1.8
      vertex 8.85 3.5 1.8
    endloop
  endfacet
  facet normal 0 0 1
    outer loop
      vertex 9.63034 2.41103 1.8
      vertex 8.79999 -1.28258 1.8
      vertex 8.87779 -1.33095 1.8
    endloop
  endfacet
  facet normal 0 0 1
    outer loop
      vertex 11.15 3.5 1.8
      vertex 13.5 3.5 1.8
      vertex 13.4936 3.69621 1.8
    endloop
  endfacet
  facet normal 0 0 1
    outer loop
      vertex 10.7582 2.63538 1.8
      vertex 13.5 3.5 1.8
      vertex 10.8132 2.68683 1.8
    endloop
  endfacet
  facet normal 0 0 1
    outer loop
      vertex 11.1475 3.57521 1.8
      vertex 13.4936 3.69621 1.8
      vertex 13.4743 3.89157 1.8
    endloop
  endfacet
  facet normal 0 0 1
    outer loop
      vertex 13.5 3.5 1.8
      vertex 10.7582 2.63538 1.8
      vertex 13.5 -3.5 1.8
    endloop
  endfacet
  facet normal 0 0 1
    outer loop
      vertex 11.1402 3.6501 1.8
      vertex 13.4743 3.89157 1.8
      vertex 13.4424 4.08527 1.8
    endloop
  endfacet
  facet normal 0 0 1
    outer loop
      vertex 13.5 3.5 1.8
      vertex 10.8646 2.74175 1.8
      vertex 10.8132 2.68683 1.8
    endloop
  endfacet
  facet normal 0 0 1
    outer loop
      vertex 11.1279 3.72435 1.8
      vertex 13.4424 4.08527 1.8
      vertex 13.3978 4.27646 1.8
    endloop
  endfacet
  facet normal 0 0 1
    outer loop
      vertex 13.5 3.5 1.8
      vertex 10.9124 2.79992 1.8
      vertex 10.8646 2.74175 1.8
    endloop
  endfacet
  facet normal 0 0 1
    outer loop
      vertex 11.1279 3.72435 1.8
      vertex 13.3978 4.27646 1.8
      vertex 13.3408 4.46432 1.8
    endloop
  endfacet
  facet normal -0 0 1
    outer loop
      vertex 10.7001 2.58764 1.8
      vertex 13.5 -3.5 1.8
      vertex 10.7582 2.63538 1.8
    endloop
  endfacet
  facet normal 0 0 1
    outer loop
      vertex 11.1108 3.79764 1.8
      vertex 13.3408 4.46432 1.8
      vertex 13.2716 4.64806 1.8
    endloop
  endfacet
  facet normal 0 0 1
    outer loop
      vertex 13.5 3.5 1.8
      vertex 10.9562 2.86109 1.8
      vertex 10.9124 2.79992 1.8
    endloop
  endfacet
  facet normal 0 0 1
    outer loop
      vertex 11.089 3.86965 1.8
      vertex 13.2716 4.64806 1.8
      vertex 13.1906 4.82686 1.8
    endloop
  endfacet
  facet normal -0 0 1
    outer loop
      vertex 10.6389 2.54381 1.8
      vertex 13.5 -3.5 1.8
      vertex 10.7001 2.58764 1.8
    endloop
  endfacet
  facet normal 0 0 1
    outer loop
      vertex 11.0625 3.94009 1.8
      vertex 13.1906 4.82686 1.8
      vertex 13.0981 5 1.8
    endloop
  endfacet
  facet normal 0 0 1
    outer loop
      vertex 13.5 3.5 1.8
      vertex 10.9959 2.925 1.8
      vertex 10.9562 2.86109 1.8
    endloop
  endfacet
  facet normal 0 0 1
    outer loop
      vertex 11.0314 4.00863 1.8
      vertex 13.0981 5 1.8
      vertex 12.9944 5.16672 1.8
    endloop
  endfacet
  facet normal 0 0 1
    outer loop
      vertex 13.5 3.5 1.8
      vertex 11.0314 2.99137 1.8
      vertex 10.9959 2.925 1.8
    endloop
  endfacet
  facet normal 0 0 1
    outer loop
      vertex 11.0314 4.00863 1.8
      vertex 12.9944 5.16672 1.8
      vertex 12.8801 5.32628 1.8
    endloop
  endfacet
  facet normal -0 0 1
    outer loop
      vertex 10.575 2.50407 1.8
      vertex 13.5 -3.5 1.8
      vertex 10.6389 2.54381 1.8
    endloop
  endfacet
  facet normal 0 0 1
    outer loop
      vertex 10.9959 4.075 1.8
      vertex 12.8801 5.32628 1.8
      vertex 12.7555 5.47804 1.8
    endloop
  endfacet
  facet normal 0 0 1
    outer loop
      vertex 13.5 3.5 1.8
      vertex 11.0625 3.05991 1.8
      vertex 11.0314 2.99137 1.8
    endloop
  endfacet
  facet normal 0 0 1
    outer loop
      vertex 10.9562 4.13891 1.8
      vertex 12.7555 5.47804 1.8
      vertex 12.6213 5.62132 1.8
    endloop
  endfacet
  facet normal -0 0 1
    outer loop
      vertex 9.49699 -2.40344 1.8
      vertex 13.5 -3.5 1.8
      vertex 10.575 2.50407 1.8
    endloop
  endfacet
  facet normal 0 0 1
    outer loop
      vertex 10.9124 4.20008 1.8
      vertex 12.6213 5.62132 1.8
      vertex 12.478 5.75552 1.8
    endloop
  endfacet
  facet normal 0 0 1
    outer loop
      vertex 13.5 3.5 1.8
      vertex 11.089 3.13034 1.8
      vertex 11.0625 3.05991 1.8
    endloop
  endfacet
  facet normal 0 0 1
    outer loop
      vertex 10.8646 4.25825 1.8
      vertex 12.478 5.75552 1.8
      vertex 12.3263 5.88007 1.8
    endloop
  endfacet
  facet normal 0 0 1
    outer loop
      vertex 13.5 3.5 1.8
      vertex 11.1108 3.20236 1.8
      vertex 11.089 3.13034 1.8
    endloop
  endfacet
  facet normal 0 0 1
    outer loop
      vertex 10.8132 4.31317 1.8
      vertex 12.3263 5.88007 1.8
      vertex 12.1667 5.99442 1.8
    endloop
  endfacet
  facet normal -0 0 1
    outer loop
      vertex 9.49998 -2.50499 1.8
      vertex 13.5 -3.5 1.8
      vertex 9.49998 -2.49501 1.8
    endloop
  endfacet
  facet normal 0 0 1
    outer loop
      vertex 10.8132 4.31317 1.8
      vertex 12.1667 5.99442 1.8
      vertex 12 6.09808 1.8
    endloop
  endfacet
  facet normal 0 0 1
    outer loop
      vertex 13.5 3.5 1.8
      vertex 11.1279 3.27565 1.8
      vertex 11.1108 3.20236 1.8
    endloop
  endfacet
  facet normal 0 0 1
    outer loop
      vertex 10.7582 4.36462 1.8
      vertex 12 6.09808 1.8
      vertex 11.8269 6.19061 1.8
    endloop
  endfacet
  facet normal 0 0 1
    outer loop
      vertex 13.5 3.5 1.8
      vertex 11.1402 3.34989 1.8
      vertex 11.1279 3.27565 1.8
    endloop
  endfacet
  facet normal 0 0 1
    outer loop
      vertex 10.7001 4.41236 1.8
      vertex 11.8269 6.19061 1.8
      vertex 11.6481 6.27164 1.8
    endloop
  endfacet
  facet normal -0 0 1
    outer loop
      vertex 9.48801 -2.68773 1.8
      vertex 13.5 -3.5 1.8
      vertex 9.49699 -2.59656 1.8
    endloop
  endfacet
  facet normal 0 0 1
    outer loop
      vertex 10.6389 4.45619 1.8
      vertex 11.6481 6.27164 1.8
      vertex 11.4643 6.34079 1.8
    endloop
  endfacet
  facet normal 0 0 1
    outer loop
      vertex 13.5 3.5 1.8
      vertex 11.1475 3.42479 1.8
      vertex 11.1402 3.34989 1.8
    endloop
  endfacet
  facet normal 0 0 1
    outer loop
      vertex 10.575 4.49593 1.8
      vertex 11.4643 6.34079 1.8
      vertex 11.2765 6.39778 1.8
    endloop
  endfacet
  facet normal 0 0 1
    outer loop
      vertex 13.5 3.5 1.8
      vertex 11.15 3.5 1.8
      vertex 11.1475 3.42479 1.8
    endloop
  endfacet
  facet normal -0 0 1
    outer loop
      vertex 9.47308 -2.77812 1.8
      vertex 13.5 -3.5 1.8
      vertex 9.48801 -2.68773 1.8
    endloop
  endfacet
  facet normal 0 0 1
    outer loop
      vertex 13.4936 3.69621 1.8
      vertex 11.1475 3.57521 1.8
      vertex 11.15 3.5 1.8
    endloop
  endfacet
  facet normal 0 0 1
    outer loop
      vertex 13.4743 3.89157 1.8
      vertex 11.1402 3.6501 1.8
      vertex 11.1475 3.57521 1.8
    endloop
  endfacet
  facet normal 0 0 1
    outer loop
      vertex 13.4424 4.08527 1.8
      vertex 11.1279 3.72435 1.8
      vertex 11.1402 3.6501 1.8
    endloop
  endfacet
  facet normal 0 0 1
    outer loop
      vertex 13.3408 4.46432 1.8
      vertex 11.1108 3.79764 1.8
      vertex 11.1279 3.72435 1.8
    endloop
  endfacet
  facet normal 0 0 1
    outer loop
      vertex 13.2716 4.64806 1.8
      vertex 11.089 3.86965 1.8
      vertex 11.1108 3.79764 1.8
    endloop
  endfacet
  facet normal 0 0 1
    outer loop
      vertex 10.5086 4.5314 1.8
      vertex 11.2765 6.39778 1.8
      vertex 11.0853 6.44235 1.8
    endloop
  endfacet
  facet normal 0 0 1
    outer loop
      vertex 13.1906 4.82686 1.8
      vertex 11.0625 3.94009 1.8
      vertex 11.089 3.86965 1.8
    endloop
  endfacet
  facet normal 0 0 1
    outer loop
      vertex 13.0981 5 1.8
      vertex 11.0314 4.00863 1.8
      vertex 11.0625 3.94009 1.8
    endloop
  endfacet
  facet normal 0 0 1
    outer loop
      vertex 12.8801 5.32628 1.8
      vertex 10.9959 4.075 1.8
      vertex 11.0314 4.00863 1.8
    endloop
  endfacet
  facet normal 0 0 1
    outer loop
      vertex 12.7555 5.47804 1.8
      vertex 10.9562 4.13891 1.8
      vertex 10.9959 4.075 1.8
    endloop
  endfacet
  facet normal 0 0 1
    outer loop
      vertex 12.6213 5.62132 1.8
      vertex 10.9124 4.20008 1.8
      vertex 10.9562 4.13891 1.8
    endloop
  endfacet
  facet normal 0 0 1
    outer loop
      vertex 10.4401 4.56246 1.8
      vertex 11.0853 6.44235 1.8
      vertex 10.8916 6.47433 1.8
    endloop
  endfacet
  facet normal 0 0 1
    outer loop
      vertex 12.478 5.75552 1.8
      vertex 10.8646 4.25825 1.8
      vertex 10.9124 4.20008 1.8
    endloop
  endfacet
  facet normal 0 0 1
    outer loop
      vertex 12.3263 5.88007 1.8
      vertex 10.8132 4.31317 1.8
      vertex 10.8646 4.25825 1.8
    endloop
  endfacet
  facet normal 0 0 1
    outer loop
      vertex 12 6.09808 1.8
      vertex 10.7582 4.36462 1.8
      vertex 10.8132 4.31317 1.8
    endloop
  endfacet
  facet normal 0 0 1
    outer loop
      vertex 11.8269 6.19061 1.8
      vertex 10.7001 4.41236 1.8
      vertex 10.7582 4.36462 1.8
    endloop
  endfacet
  facet normal 0 0 1
    outer loop
      vertex 10.3697 4.58897 1.8
      vertex 10.8916 6.47433 1.8
      vertex 10.6962 6.49358 1.8
    endloop
  endfacet
  facet normal 0 0 1
    outer loop
      vertex 11.6481 6.27164 1.8
      vertex 10.6389 4.45619 1.8
      vertex 10.7001 4.41236 1.8
    endloop
  endfacet
  facet normal 0 0 1
    outer loop
      vertex 11.4643 6.34079 1.8
      vertex 10.575 4.49593 1.8
      vertex 10.6389 4.45619 1.8
    endloop
  endfacet
  facet normal 0 0 1
    outer loop
      vertex 11.2765 6.39778 1.8
      vertex 10.5086 4.5314 1.8
      vertex 10.575 4.49593 1.8
    endloop
  endfacet
  facet normal 0 0 1
    outer loop
      vertex 10.2976 4.61081 1.8
      vertex 10.6962 6.49358 1.8
      vertex 10.5 6.5 1.8
    endloop
  endfacet
  facet normal 0 0 1
    outer loop
      vertex 11.0853 6.44235 1.8
      vertex 10.4401 4.56246 1.8
      vertex 10.5086 4.5314 1.8
    endloop
  endfacet
  facet normal 0 0 1
    outer loop
      vertex 10.8916 6.47433 1.8
      vertex 10.3697 4.58897 1.8
      vertex 10.4401 4.56246 1.8
    endloop
  endfacet
  facet normal 0 0 1
    outer loop
      vertex 10.6962 6.49358 1.8
      vertex 10.2976 4.61081 1.8
      vertex 10.3697 4.58897 1.8
    endloop
  endfacet
  facet normal 0 0 1
    outer loop
      vertex 10.5 6.5 1.8
      vertex 10.2244 4.6279 1.8
      vertex 10.2976 4.61081 1.8
    endloop
  endfacet
  facet normal 0 0 1
    outer loop
      vertex 10.5 6.5 1.8
      vertex 10.1501 4.64016 1.8
      vertex 10.2244 4.6279 1.8
    endloop
  endfacet
  facet normal 0 0 1
    outer loop
      vertex 10.5 6.5 1.8
      vertex 10.0752 4.64754 1.8
      vertex 10.1501 4.64016 1.8
    endloop
  endfacet
  facet normal 0 0 1
    outer loop
      vertex 10.5 6.5 1.8
      vertex 10 4.65 1.8
      vertex 10.0752 4.64754 1.8
    endloop
  endfacet
  facet normal 0 0 1
    outer loop
      vertex 10.5 6.5 1.8
      vertex 9.92479 4.64754 1.8
      vertex 10 4.65 1.8
    endloop
  endfacet
  facet normal 0 0 1
    outer loop
      vertex 10.5 6.5 1.8
      vertex 9.84989 4.64016 1.8
      vertex 9.92479 4.64754 1.8
    endloop
  endfacet
  facet normal 0 0 1
    outer loop
      vertex 10.5 6.5 1.8
      vertex 9.77565 4.6279 1.8
      vertex 9.84989 4.64016 1.8
    endloop
  endfacet
  facet normal 0 0 1
    outer loop
      vertex 10.5 6.5 1.8
      vertex 9.70236 4.61081 1.8
      vertex 9.77565 4.6279 1.8
    endloop
  endfacet
  facet normal 0 0 1
    outer loop
      vertex 10.5 6.5 1.8
      vertex 9.63034 4.58897 1.8
      vertex 9.70236 4.61081 1.8
    endloop
  endfacet
  facet normal 0 0 1
    outer loop
      vertex 10.5 6.5 1.8
      vertex 9.55991 4.56246 1.8
      vertex 9.63034 4.58897 1.8
    endloop
  endfacet
  facet normal 0 0 1
    outer loop
      vertex 10.5 6.5 1.8
      vertex 9.49137 4.5314 1.8
      vertex 9.55991 4.56246 1.8
    endloop
  endfacet
  facet normal 0 0 1
    outer loop
      vertex 10.5 6.5 1.8
      vertex 9.425 4.49593 1.8
      vertex 9.49137 4.5314 1.8
    endloop
  endfacet
  facet normal 0 0 1
    outer loop
      vertex 10.5 6.5 1.8
      vertex 9.36109 4.45619 1.8
      vertex 9.425 4.49593 1.8
    endloop
  endfacet
  facet normal 0 0 1
    outer loop
      vertex 10.5 6.5 1.8
      vertex 9.29992 4.41236 1.8
      vertex 9.36109 4.45619 1.8
    endloop
  endfacet
  facet normal 0 0 1
    outer loop
      vertex 10.5 6.5 1.8
      vertex 9.24175 4.36462 1.8
      vertex 9.29992 4.41236 1.8
    endloop
  endfacet
  facet normal 0 0 1
    outer loop
      vertex 10.5 6.5 1.8
      vertex 9.18683 4.31317 1.8
      vertex 9.24175 4.36462 1.8
    endloop
  endfacet
  facet normal 0 0 1
    outer loop
      vertex 10.5 6.5 1.8
      vertex 9.13538 4.25825 1.8
      vertex 9.18683 4.31317 1.8
    endloop
  endfacet
  facet normal 0 0 1
    outer loop
      vertex 10.5 6.5 1.8
      vertex 9.08764 4.20008 1.8
      vertex 9.13538 4.25825 1.8
    endloop
  endfacet
  facet normal 0 0 1
    outer loop
      vertex -9.08764 4.20008 1.8
      vertex 9.08764 4.20008 1.8
      vertex 10.5 6.5 1.8
    endloop
  endfacet
  facet normal 0 0 1
    outer loop
      vertex 9.08764 4.20008 1.8
      vertex -9.08764 4.20008 1.8
      vertex 9.04381 4.13891 1.8
    endloop
  endfacet
  facet normal 0 0 1
    outer loop
      vertex 9.63034 2.41103 1.8
      vertex 8.71919 -1.2394 1.8
      vertex 8.79999 -1.28258 1.8
    endloop
  endfacet
  facet normal 0 0 1
    outer loop
      vertex 9.63034 2.41103 1.8
      vertex 8.63574 -1.20158 1.8
      vertex 8.71919 -1.2394 1.8
    endloop
  endfacet
  facet normal 0 0 1
    outer loop
      vertex -8.85 3.5 1.8
      vertex 8.85 3.5 1.8
      vertex 8.85246 3.57521 1.8
    endloop
  endfacet
  facet normal 0 0 1
    outer loop
      vertex 9.63034 2.41103 1.8
      vertex 8.55 -1.16931 1.8
      vertex 8.63574 -1.20158 1.8
    endloop
  endfacet
  facet normal 0 0 1
    outer loop
      vertex 9.63034 2.41103 1.8
      vertex 8.46234 -1.14272 1.8
      vertex 8.55 -1.16931 1.8
    endloop
  endfacet
  facet normal 0 0 1
    outer loop
      vertex 9.55991 2.43754 1.8
      vertex 8.37312 -1.12192 1.8
      vertex 8.46234 -1.14272 1.8
    endloop
  endfacet
  facet normal 0 0 1
    outer loop
      vertex -8.85246 3.57521 1.8
      vertex 8.85246 3.57521 1.8
      vertex 8.85984 3.6501 1.8
    endloop
  endfacet
  facet normal 0 0 1
    outer loop
      vertex 9.49137 2.4686 1.8
      vertex 8.28273 -1.10699 1.8
      vertex 8.37312 -1.12192 1.8
    endloop
  endfacet
  facet normal 0 0 1
    outer loop
      vertex 9.425 2.50407 1.8
      vertex 8.19156 -1.09801 1.8
      vertex 8.28273 -1.10699 1.8
    endloop
  endfacet
  facet normal 0 0 1
    outer loop
      vertex 9.36109 2.54381 1.8
      vertex 8.09999 -1.09502 1.8
      vertex 8.19156 -1.09801 1.8
    endloop
  endfacet
  facet normal 0 0 1
    outer loop
      vertex 8.85246 3.42479 1.8
      vertex -8.09999 -1.09502 1.8
      vertex 8.09999 -1.09502 1.8
    endloop
  endfacet
  facet normal 0 0 1
    outer loop
      vertex -8.85984 3.6501 1.8
      vertex 8.85984 3.6501 1.8
      vertex 8.8721 3.72435 1.8
    endloop
  endfacet
  facet normal 0 0 1
    outer loop
      vertex -8.8721 3.72435 1.8
      vertex 8.8721 3.72435 1.8
      vertex 8.88918 3.79764 1.8
    endloop
  endfacet
  facet normal 0 0 1
    outer loop
      vertex -8.88918 3.79764 1.8
      vertex 8.88918 3.79764 1.8
      vertex 8.91103 3.86965 1.8
    endloop
  endfacet
  facet normal 0 0 1
    outer loop
      vertex -8.91103 3.86965 1.8
      vertex 8.91103 3.86965 1.8
      vertex 8.93754 3.94009 1.8
    endloop
  endfacet
  facet normal 0 0 1
    outer loop
      vertex -8.93754 3.94009 1.8
      vertex 8.93754 3.94009 1.8
      vertex 8.9686 4.00863 1.8
    endloop
  endfacet
  facet normal 0 0 1
    outer loop
      vertex -8.9686 4.00863 1.8
      vertex 8.9686 4.00863 1.8
      vertex 9.00407 4.075 1.8
    endloop
  endfacet
  facet normal 0 -0 1
    outer loop
      vertex -9.04381 4.13891 1.8
      vertex 9.04381 4.13891 1.8
      vertex -9.08764 4.20008 1.8
    endloop
  endfacet
  facet normal 0 0 1
    outer loop
      vertex 8.85246 3.42479 1.8
      vertex -8.85246 3.42479 1.8
      vertex -8.09999 -1.09502 1.8
    endloop
  endfacet
  facet normal -0 0 1
    outer loop
      vertex -8.85984 3.34989 1.8
      vertex -8.09999 -1.09502 1.8
      vertex -8.85246 3.42479 1.8
    endloop
  endfacet
  facet normal -0 0 1
    outer loop
      vertex -8.88918 3.20236 1.8
      vertex -8.09999 -1.09502 1.8
      vertex -8.8721 3.27565 1.8
    endloop
  endfacet
  facet normal -0 0 1
    outer loop
      vertex -8.91103 3.13034 1.8
      vertex -8.09999 -1.09502 1.8
      vertex -8.88918 3.20236 1.8
    endloop
  endfacet
  facet normal -0 0 1
    outer loop
      vertex -8.93754 3.05991 1.8
      vertex -8.09999 -1.09502 1.8
      vertex -8.91103 3.13034 1.8
    endloop
  endfacet
  facet normal -0 0 1
    outer loop
      vertex -8.9686 2.99137 1.8
      vertex -8.09999 -1.09502 1.8
      vertex -8.93754 3.05991 1.8
    endloop
  endfacet
  facet normal -0 0 1
    outer loop
      vertex -9.00407 2.925 1.8
      vertex -8.09999 -1.09502 1.8
      vertex -8.9686 2.99137 1.8
    endloop
  endfacet
  facet normal -0 0 1
    outer loop
      vertex -8.8721 3.27565 1.8
      vertex -8.09999 -1.09502 1.8
      vertex -8.85984 3.34989 1.8
    endloop
  endfacet
  facet normal 0 0 1
    outer loop
      vertex 8.85 3.5 1.8
      vertex -8.85 3.5 1.8
      vertex -8.85246 3.42479 1.8
    endloop
  endfacet
  facet normal 0 0 1
    outer loop
      vertex 8.85246 3.57521 1.8
      vertex -8.85246 3.57521 1.8
      vertex -8.85 3.5 1.8
    endloop
  endfacet
  facet normal 0 0 1
    outer loop
      vertex 8.85984 3.6501 1.8
      vertex -8.85984 3.6501 1.8
      vertex -8.85246 3.57521 1.8
    endloop
  endfacet
  facet normal 0 0 1
    outer loop
      vertex 8.8721 3.72435 1.8
      vertex -8.8721 3.72435 1.8
      vertex -8.85984 3.6501 1.8
    endloop
  endfacet
  facet normal 0 0 1
    outer loop
      vertex 8.88918 3.79764 1.8
      vertex -8.88918 3.79764 1.8
      vertex -8.8721 3.72435 1.8
    endloop
  endfacet
  facet normal 0 0 1
    outer loop
      vertex 8.91103 3.86965 1.8
      vertex -8.91103 3.86965 1.8
      vertex -8.88918 3.79764 1.8
    endloop
  endfacet
  facet normal 0 0 1
    outer loop
      vertex 8.93754 3.94009 1.8
      vertex -8.93754 3.94009 1.8
      vertex -8.91103 3.86965 1.8
    endloop
  endfacet
  facet normal 0 0 1
    outer loop
      vertex 8.9686 4.00863 1.8
      vertex -8.9686 4.00863 1.8
      vertex -8.93754 3.94009 1.8
    endloop
  endfacet
  facet normal 0 0 1
    outer loop
      vertex 9.00407 4.075 1.8
      vertex -9.00407 4.075 1.8
      vertex -8.9686 4.00863 1.8
    endloop
  endfacet
  facet normal 0 0 1
    outer loop
      vertex 9.00407 4.075 1.8
      vertex -9.04381 4.13891 1.8
      vertex -9.00407 4.075 1.8
    endloop
  endfacet
  facet normal 0 0 1
    outer loop
      vertex 9.04381 4.13891 1.8
      vertex -9.04381 4.13891 1.8
      vertex 9.00407 4.075 1.8
    endloop
  endfacet
  facet normal -0 0 1
    outer loop
      vertex -10.5 6.5 1.8
      vertex -9.08764 4.20008 1.8
      vertex 10.5 6.5 1.8
    endloop
  endfacet
  facet normal 0 0 1
    outer loop
      vertex -9.08764 4.20008 1.8
      vertex -10.5 6.5 1.8
      vertex -9.13538 4.25825 1.8
    endloop
  endfacet
  facet normal 0 0 1
    outer loop
      vertex -9.13538 4.25825 1.8
      vertex -10.5 6.5 1.8
      vertex -9.18683 4.31317 1.8
    endloop
  endfacet
  facet normal 0 0 1
    outer loop
      vertex -9.18683 4.31317 1.8
      vertex -10.5 6.5 1.8
      vertex -9.24175 4.36462 1.8
    endloop
  endfacet
  facet normal 0 0 1
    outer loop
      vertex -9.24175 4.36462 1.8
      vertex -10.5 6.5 1.8
      vertex -9.29992 4.41236 1.8
    endloop
  endfacet
  facet normal 0 0 1
    outer loop
      vertex -9.29992 4.41236 1.8
      vertex -10.5 6.5 1.8
      vertex -9.36109 4.45619 1.8
    endloop
  endfacet
  facet normal 0 0 1
    outer loop
      vertex -9.36109 4.45619 1.8
      vertex -10.5 6.5 1.8
      vertex -9.425 4.49593 1.8
    endloop
  endfacet
  facet normal 0 0 1
    outer loop
      vertex -9.425 4.49593 1.8
      vertex -10.5 6.5 1.8
      vertex -9.49137 4.5314 1.8
    endloop
  endfacet
  facet normal 0 0 1
    outer loop
      vertex -9.49137 4.5314 1.8
      vertex -10.5 6.5 1.8
      vertex -9.55991 4.56246 1.8
    endloop
  endfacet
  facet normal 0 0 1
    outer loop
      vertex -9.55991 4.56246 1.8
      vertex -10.5 6.5 1.8
      vertex -9.63034 4.58897 1.8
    endloop
  endfacet
  facet normal 0 0 1
    outer loop
      vertex -9.63034 4.58897 1.8
      vertex -10.5 6.5 1.8
      vertex -9.70236 4.61081 1.8
    endloop
  endfacet
  facet normal 0 0 1
    outer loop
      vertex -9.70236 4.61081 1.8
      vertex -10.5 6.5 1.8
      vertex -9.77565 4.6279 1.8
    endloop
  endfacet
  facet normal 0 0 1
    outer loop
      vertex -9.77565 4.6279 1.8
      vertex -10.5 6.5 1.8
      vertex -9.84989 4.64016 1.8
    endloop
  endfacet
  facet normal 0 0 1
    outer loop
      vertex -9.84989 4.64016 1.8
      vertex -10.5 6.5 1.8
      vertex -9.92479 4.64754 1.8
    endloop
  endfacet
  facet normal 0 0 1
    outer loop
      vertex -9.92479 4.64754 1.8
      vertex -10.5 6.5 1.8
      vertex -10 4.65 1.8
    endloop
  endfacet
  facet normal 0 0 1
    outer loop
      vertex -10 4.65 1.8
      vertex -10.5 6.5 1.8
      vertex -10.0752 4.64754 1.8
    endloop
  endfacet
  facet normal 0 0 1
    outer loop
      vertex -10.5 6.5 1.8
      vertex -10.1501 4.64016 1.8
      vertex -10.0752 4.64754 1.8
    endloop
  endfacet
  facet normal 0 0 1
    outer loop
      vertex -10.5 6.5 1.8
      vertex -10.2244 4.6279 1.8
      vertex -10.1501 4.64016 1.8
    endloop
  endfacet
  facet normal 0 0 1
    outer loop
      vertex -10.5 6.5 1.8
      vertex -10.2976 4.61081 1.8
      vertex -10.2244 4.6279 1.8
    endloop
  endfacet
  facet normal -0 0 1
    outer loop
      vertex -10.6962 6.49358 1.8
      vertex -10.2976 4.61081 1.8
      vertex -10.5 6.5 1.8
    endloop
  endfacet
  facet normal 0 0 1
    outer loop
      vertex -10.2976 4.61081 1.8
      vertex -10.6962 6.49358 1.8
      vertex -10.3697 4.58897 1.8
    endloop
  endfacet
  facet normal -0 0 1
    outer loop
      vertex -10.8916 6.47433 1.8
      vertex -10.3697 4.58897 1.8
      vertex -10.6962 6.49358 1.8
    endloop
  endfacet
  facet normal 0 0 1
    outer loop
      vertex -10.3697 4.58897 1.8
      vertex -10.8916 6.47433 1.8
      vertex -10.4401 4.56246 1.8
    endloop
  endfacet
  facet normal -0 0 1
    outer loop
      vertex -11.0853 6.44235 1.8
      vertex -10.4401 4.56246 1.8
      vertex -10.8916 6.47433 1.8
    endloop
  endfacet
  facet normal 0 0 1
    outer loop
      vertex -10.4401 4.56246 1.8
      vertex -11.0853 6.44235 1.8
      vertex -10.5086 4.5314 1.8
    endloop
  endfacet
  facet normal -0 0 1
    outer loop
      vertex -11.2765 6.39778 1.8
      vertex -10.5086 4.5314 1.8
      vertex -11.0853 6.44235 1.8
    endloop
  endfacet
  facet normal 0 0 1
    outer loop
      vertex -10.5086 4.5314 1.8
      vertex -11.2765 6.39778 1.8
      vertex -10.575 4.49593 1.8
    endloop
  endfacet
  facet normal -0 0 1
    outer loop
      vertex -11.4643 6.34079 1.8
      vertex -10.575 4.49593 1.8
      vertex -11.2765 6.39778 1.8
    endloop
  endfacet
  facet normal 0 0 1
    outer loop
      vertex -10.575 4.49593 1.8
      vertex -11.4643 6.34079 1.8
      vertex -10.6389 4.45619 1.8
    endloop
  endfacet
  facet normal -0 0 1
    outer loop
      vertex -11.6481 6.27164 1.8
      vertex -10.6389 4.45619 1.8
      vertex -11.4643 6.34079 1.8
    endloop
  endfacet
  facet normal 0 0 1
    outer loop
      vertex -10.6389 4.45619 1.8
      vertex -11.6481 6.27164 1.8
      vertex -10.7001 4.41236 1.8
    endloop
  endfacet
  facet normal -0 0 1
    outer loop
      vertex -11.8269 6.19061 1.8
      vertex -10.7001 4.41236 1.8
      vertex -11.6481 6.27164 1.8
    endloop
  endfacet
  facet normal 0 0 1
    outer loop
      vertex -10.7001 4.41236 1.8
      vertex -11.8269 6.19061 1.8
      vertex -10.7582 4.36462 1.8
    endloop
  endfacet
  facet normal -0 0 1
    outer loop
      vertex -12 6.09808 1.8
      vertex -10.7582 4.36462 1.8
      vertex -11.8269 6.19061 1.8
    endloop
  endfacet
  facet normal 0 0 1
    outer loop
      vertex -10.7582 4.36462 1.8
      vertex -12 6.09808 1.8
      vertex -10.8132 4.31317 1.8
    endloop
  endfacet
  facet normal -0 0 1
    outer loop
      vertex -12.1667 5.99442 1.8
      vertex -10.8132 4.31317 1.8
      vertex -12 6.09808 1.8
    endloop
  endfacet
  facet normal -0 0 1
    outer loop
      vertex -12.3263 5.88007 1.8
      vertex -10.8132 4.31317 1.8
      vertex -12.1667 5.99442 1.8
    endloop
  endfacet
  facet normal 0 0 1
    outer loop
      vertex -10.8132 4.31317 1.8
      vertex -12.3263 5.88007 1.8
      vertex -10.8646 4.25825 1.8
    endloop
  endfacet
  facet normal -0 0 1
    outer loop
      vertex -12.478 5.75552 1.8
      vertex -10.8646 4.25825 1.8
      vertex -12.3263 5.88007 1.8
    endloop
  endfacet
  facet normal 0 0 1
    outer loop
      vertex -10.8646 4.25825 1.8
      vertex -12.478 5.75552 1.8
      vertex -10.9124 4.20008 1.8
    endloop
  endfacet
  facet normal -0 0 1
    outer loop
      vertex -12.6213 5.62132 1.8
      vertex -10.9124 4.20008 1.8
      vertex -12.478 5.75552 1.8
    endloop
  endfacet
  facet normal 0 0 1
    outer loop
      vertex -10.9124 4.20008 1.8
      vertex -12.6213 5.62132 1.8
      vertex -10.9562 4.13891 1.8
    endloop
  endfacet
  facet normal -0 0 1
    outer loop
      vertex -12.7555 5.47804 1.8
      vertex -10.9562 4.13891 1.8
      vertex -12.6213 5.62132 1.8
    endloop
  endfacet
  facet normal 0 0 1
    outer loop
      vertex 13.5 -3.5 1.8
      vertex 9.45229 -2.86734 1.8
      vertex 13.4936 -3.69621 1.8
    endloop
  endfacet
  facet normal -0 0 1
    outer loop
      vertex 9.42569 -2.955 1.8
      vertex 13.4936 -3.69621 1.8
      vertex 9.45229 -2.86734 1.8
    endloop
  endfacet
  facet normal 0 0 1
    outer loop
      vertex 13.4743 -3.89157 1.8
      vertex 9.42569 -2.955 1.8
      vertex 13.4424 -4.08527 1.8
    endloop
  endfacet
  facet normal 0 0 1
    outer loop
      vertex 13.4424 -4.08527 1.8
      vertex 9.42569 -2.955 1.8
      vertex 13.3978 -4.27646 1.8
    endloop
  endfacet
  facet normal 0 0 1
    outer loop
      vertex 13.3978 -4.27646 1.8
      vertex 9.39342 -3.04074 1.8
      vertex 13.3408 -4.46432 1.8
    endloop
  endfacet
  facet normal 0 0 1
    outer loop
      vertex 13.3408 -4.46432 1.8
      vertex 9.39342 -3.04074 1.8
      vertex 13.2716 -4.64806 1.8
    endloop
  endfacet
  facet normal 0 0 1
    outer loop
      vertex 13.1906 -4.82686 1.8
      vertex 9.39342 -3.04074 1.8
      vertex 13.0981 -5 1.8
    endloop
  endfacet
  facet normal -0 0 1
    outer loop
      vertex 9.35561 -3.12419 1.8
      vertex 13.0981 -5 1.8
      vertex 9.39342 -3.04074 1.8
    endloop
  endfacet
  facet normal 0 0 1
    outer loop
      vertex 12.9944 -5.16672 1.8
      vertex 9.35561 -3.12419 1.8
      vertex 12.8801 -5.32628 1.8
    endloop
  endfacet
  facet normal 0 0 1
    outer loop
      vertex 12.8801 -5.32628 1.8
      vertex 9.35561 -3.12419 1.8
      vertex 12.7555 -5.47804 1.8
    endloop
  endfacet
  facet normal 0 0 1
    outer loop
      vertex 12.7555 -5.47804 1.8
      vertex 9.35561 -3.12419 1.8
      vertex 12.6213 -5.62132 1.8
    endloop
  endfacet
  facet normal -0 0 1
    outer loop
      vertex 9.31242 -3.20499 1.8
      vertex 12.6213 -5.62132 1.8
      vertex 9.35561 -3.12419 1.8
    endloop
  endfacet
  facet normal 0 0 1
    outer loop
      vertex 13.0981 -5 1.8
      vertex 9.35561 -3.12419 1.8
      vertex 12.9944 -5.16672 1.8
    endloop
  endfacet
  facet normal 0 0 1
    outer loop
      vertex 13.2716 -4.64806 1.8
      vertex 9.39342 -3.04074 1.8
      vertex 13.1906 -4.82686 1.8
    endloop
  endfacet
  facet normal -0 0 1
    outer loop
      vertex 9.39342 -3.04074 1.8
      vertex 13.3978 -4.27646 1.8
      vertex 9.42569 -2.955 1.8
    endloop
  endfacet
  facet normal 0 0 1
    outer loop
      vertex 13.4936 -3.69621 1.8
      vertex 9.42569 -2.955 1.8
      vertex 13.4743 -3.89157 1.8
    endloop
  endfacet
  facet normal 0 0 1
    outer loop
      vertex 12.6213 -5.62132 1.8
      vertex 9.31242 -3.20499 1.8
      vertex 12.478 -5.75552 1.8
    endloop
  endfacet
  facet normal -0 0 1
    outer loop
      vertex 9.45229 -2.86734 1.8
      vertex 13.5 -3.5 1.8
      vertex 9.47308 -2.77812 1.8
    endloop
  endfacet
  facet normal -0 0 1
    outer loop
      vertex 9.49699 -2.59656 1.8
      vertex 13.5 -3.5 1.8
      vertex 9.49998 -2.50499 1.8
    endloop
  endfacet
  facet normal 0 0 1
    outer loop
      vertex 9.49699 -2.40344 1.8
      vertex 10.575 2.50407 1.8
      vertex 10.5086 2.4686 1.8
    endloop
  endfacet
  facet normal 0 0 1
    outer loop
      vertex 12.478 -5.75552 1.8
      vertex 9.31242 -3.20499 1.8
      vertex 12.3263 -5.88007 1.8
    endloop
  endfacet
  facet normal 0 0 1
    outer loop
      vertex 9.49699 -2.40344 1.8
      vertex 10.5086 2.4686 1.8
      vertex 10.4401 2.43754 1.8
    endloop
  endfacet
  facet normal 0 0 1
    outer loop
      vertex 9.49699 -2.40344 1.8
      vertex 10.4401 2.43754 1.8
      vertex 10.3697 2.41103 1.8
    endloop
  endfacet
  facet normal 0 0 1
    outer loop
      vertex 9.49699 -2.40344 1.8
      vertex 10.3697 2.41103 1.8
      vertex 10.2976 2.38918 1.8
    endloop
  endfacet
  facet normal 0 0 1
    outer loop
      vertex 9.49699 -2.40344 1.8
      vertex 10.2976 2.38918 1.8
      vertex 10.2244 2.3721 1.8
    endloop
  endfacet
  facet normal 0 0 1
    outer loop
      vertex 9.49699 -2.40344 1.8
      vertex 10.2244 2.3721 1.8
      vertex 10.1501 2.35984 1.8
    endloop
  endfacet
  facet normal 0 0 1
    outer loop
      vertex 9.49699 -2.40344 1.8
      vertex 10.1501 2.35984 1.8
      vertex 10.0752 2.35246 1.8
    endloop
  endfacet
  facet normal 0 0 1
    outer loop
      vertex 9.49699 -2.40344 1.8
      vertex 10.0752 2.35246 1.8
      vertex 10 2.35 1.8
    endloop
  endfacet
  facet normal 0 0 1
    outer loop
      vertex 9.49699 -2.40344 1.8
      vertex 10 2.35 1.8
      vertex 9.92479 2.35246 1.8
    endloop
  endfacet
  facet normal 0 0 1
    outer loop
      vertex 9.49699 -2.40344 1.8
      vertex 9.92479 2.35246 1.8
      vertex 9.84989 2.35984 1.8
    endloop
  endfacet
  facet normal 0 0 1
    outer loop
      vertex 9.49699 -2.40344 1.8
      vertex 9.84989 2.35984 1.8
      vertex 9.77565 2.3721 1.8
    endloop
  endfacet
  facet normal 0 0 1
    outer loop
      vertex 9.49699 -2.40344 1.8
      vertex 9.77565 2.3721 1.8
      vertex 9.70236 2.38918 1.8
    endloop
  endfacet
  facet normal 0 0 1
    outer loop
      vertex 9.49699 -2.40344 1.8
      vertex 9.70236 2.38918 1.8
      vertex 9.63034 2.41103 1.8
    endloop
  endfacet
  facet normal 0 0 1
    outer loop
      vertex 8.46234 -1.14272 1.8
      vertex 9.63034 2.41103 1.8
      vertex 9.55991 2.43754 1.8
    endloop
  endfacet
  facet normal 0 0 1
    outer loop
      vertex 12.3263 -5.88007 1.8
      vertex 9.31242 -3.20499 1.8
      vertex 12.1667 -5.99442 1.8
    endloop
  endfacet
  facet normal 0 0 1
    outer loop
      vertex 12.1667 -5.99442 1.8
      vertex 9.31242 -3.20499 1.8
      vertex 12 -6.09808 1.8
    endloop
  endfacet
  facet normal -0 0 1
    outer loop
      vertex 9.26405 -3.28279 1.8
      vertex 12 -6.09808 1.8
      vertex 9.31242 -3.20499 1.8
    endloop
  endfacet
  facet normal 0 0 1
    outer loop
      vertex 12 -6.09808 1.8
      vertex 9.26405 -3.28279 1.8
      vertex 11.8269 -6.19061 1.8
    endloop
  endfacet
  facet normal 0 0 1
    outer loop
      vertex 11.8269 -6.19061 1.8
      vertex 9.26405 -3.28279 1.8
      vertex 11.6481 -6.27164 1.8
    endloop
  endfacet
  facet normal 0 0 1
    outer loop
      vertex 11.6481 -6.27164 1.8
      vertex 9.26405 -3.28279 1.8
      vertex 11.4643 -6.34079 1.8
    endloop
  endfacet
  facet normal -0 0 1
    outer loop
      vertex 9.21068 -3.35725 1.8
      vertex 11.4643 -6.34079 1.8
      vertex 9.26405 -3.28279 1.8
    endloop
  endfacet
  facet normal 0 0 1
    outer loop
      vertex 11.4643 -6.34079 1.8
      vertex 9.21068 -3.35725 1.8
      vertex 11.2765 -6.39778 1.8
    endloop
  endfacet
  facet normal 0 0 1
    outer loop
      vertex 11.2765 -6.39778 1.8
      vertex 9.21068 -3.35725 1.8
      vertex 11.0853 -6.44235 1.8
    endloop
  endfacet
  facet normal 0 0 1
    outer loop
      vertex 11.0853 -6.44235 1.8
      vertex 9.21068 -3.35725 1.8
      vertex 10.8916 -6.47433 1.8
    endloop
  endfacet
  facet normal -0 0 1
    outer loop
      vertex 9.15257 -3.42807 1.8
      vertex 10.8916 -6.47433 1.8
      vertex 9.21068 -3.35725 1.8
    endloop
  endfacet
  facet normal 0 0 1
    outer loop
      vertex 10.8916 -6.47433 1.8
      vertex 9.15257 -3.42807 1.8
      vertex 10.6962 -6.49358 1.8
    endloop
  endfacet
  facet normal 0 0 1
    outer loop
      vertex 10.6962 -6.49358 1.8
      vertex 9.15257 -3.42807 1.8
      vertex 10.5 -6.5 1.8
    endloop
  endfacet
  facet normal -0 0 1
    outer loop
      vertex 9.08994 -3.49493 1.8
      vertex 10.5 -6.5 1.8
      vertex 9.15257 -3.42807 1.8
    endloop
  endfacet
  facet normal -0 0 1
    outer loop
      vertex 9.02307 -3.55757 1.8
      vertex 10.5 -6.5 1.8
      vertex 9.08994 -3.49493 1.8
    endloop
  endfacet
  facet normal -0 0 1
    outer loop
      vertex 8.95226 -3.61568 1.8
      vertex 10.5 -6.5 1.8
      vertex 9.02307 -3.55757 1.8
    endloop
  endfacet
  facet normal -0 0 1
    outer loop
      vertex 8.87779 -3.66905 1.8
      vertex 10.5 -6.5 1.8
      vertex 8.95226 -3.61568 1.8
    endloop
  endfacet
  facet normal -0 0 1
    outer loop
      vertex 8.79999 -3.71742 1.8
      vertex 10.5 -6.5 1.8
      vertex 8.87779 -3.66905 1.8
    endloop
  endfacet
  facet normal -0 0 1
    outer loop
      vertex 8.71919 -3.7606 1.8
      vertex 10.5 -6.5 1.8
      vertex 8.79999 -3.71742 1.8
    endloop
  endfacet
  facet normal -0 0 1
    outer loop
      vertex 8.63574 -3.79842 1.8
      vertex 10.5 -6.5 1.8
      vertex 8.71919 -3.7606 1.8
    endloop
  endfacet
  facet normal -0 0 1
    outer loop
      vertex 8.55 -3.83069 1.8
      vertex 10.5 -6.5 1.8
      vertex 8.63574 -3.79842 1.8
    endloop
  endfacet
  facet normal -0 0 1
    outer loop
      vertex 8.46234 -3.85728 1.8
      vertex 10.5 -6.5 1.8
      vertex 8.55 -3.83069 1.8
    endloop
  endfacet
  facet normal -0 0 1
    outer loop
      vertex 8.37312 -3.87808 1.8
      vertex 10.5 -6.5 1.8
      vertex 8.46234 -3.85728 1.8
    endloop
  endfacet
  facet normal -0 0 1
    outer loop
      vertex 8.28273 -3.89301 1.8
      vertex 10.5 -6.5 1.8
      vertex 8.37312 -3.87808 1.8
    endloop
  endfacet
  facet normal -0 0 1
    outer loop
      vertex 8.19156 -3.90199 1.8
      vertex 10.5 -6.5 1.8
      vertex 8.28273 -3.89301 1.8
    endloop
  endfacet
  facet normal -0 0 1
    outer loop
      vertex 8.09999 -3.90498 1.8
      vertex 10.5 -6.5 1.8
      vertex 8.19156 -3.90199 1.8
    endloop
  endfacet
  facet normal -0 0 1
    outer loop
      vertex -8.09999 -3.90498 1.8
      vertex 10.5 -6.5 1.8
      vertex 8.09999 -3.90498 1.8
    endloop
  endfacet
  facet normal 0 0 1
    outer loop
      vertex -10.5 -6.5 1.8
      vertex -8.09999 -3.90498 1.8
      vertex -8.19156 -3.90199 1.8
    endloop
  endfacet
  facet normal 0 0 1
    outer loop
      vertex -10.5 -6.5 1.8
      vertex -8.19156 -3.90199 1.8
      vertex -8.28273 -3.89301 1.8
    endloop
  endfacet
  facet normal 0 0 1
    outer loop
      vertex -10.4401 2.43754 1.8
      vertex -9.21068 -1.64275 1.8
      vertex -10.3697 2.41103 1.8
    endloop
  endfacet
  facet normal 0 0 1
    outer loop
      vertex -9.21068 -1.64275 1.8
      vertex -10.4401 2.43754 1.8
      vertex -9.26405 -1.71721 1.8
    endloop
  endfacet
  facet normal 0 0 1
    outer loop
      vertex -10.5086 2.4686 1.8
      vertex -9.26405 -1.71721 1.8
      vertex -10.4401 2.43754 1.8
    endloop
  endfacet
  facet normal 0 0 1
    outer loop
      vertex -9.26405 -1.71721 1.8
      vertex -10.5086 2.4686 1.8
      vertex -9.31242 -1.79501 1.8
    endloop
  endfacet
  facet normal 0 0 1
    outer loop
      vertex -10.575 2.50407 1.8
      vertex -9.31242 -1.79501 1.8
      vertex -10.5086 2.4686 1.8
    endloop
  endfacet
  facet normal 0 0 1
    outer loop
      vertex -9.31242 -1.79501 1.8
      vertex -10.575 2.50407 1.8
      vertex -9.35561 -1.87581 1.8
    endloop
  endfacet
  facet normal 0 0 1
    outer loop
      vertex -13.5 -3.5 1.8
      vertex -9.35561 -1.87581 1.8
      vertex -10.575 2.50407 1.8
    endloop
  endfacet
  facet normal 0 0 1
    outer loop
      vertex -9.35561 -1.87581 1.8
      vertex -13.5 -3.5 1.8
      vertex -9.39342 -1.95926 1.8
    endloop
  endfacet
  facet normal 0 0 1
    outer loop
      vertex -9.39342 -1.95926 1.8
      vertex -13.5 -3.5 1.8
      vertex -9.42569 -2.045 1.8
    endloop
  endfacet
  facet normal 0 0 1
    outer loop
      vertex -9.42569 -2.045 1.8
      vertex -13.5 -3.5 1.8
      vertex -9.45229 -2.13266 1.8
    endloop
  endfacet
  facet normal 0 0 1
    outer loop
      vertex -9.45229 -2.13266 1.8
      vertex -13.5 -3.5 1.8
      vertex -9.47308 -2.22188 1.8
    endloop
  endfacet
  facet normal 0 0 1
    outer loop
      vertex -9.47308 -2.22188 1.8
      vertex -13.5 -3.5 1.8
      vertex -9.48801 -2.31227 1.8
    endloop
  endfacet
  facet normal 0 0 1
    outer loop
      vertex -9.49699 -2.40344 1.8
      vertex -13.5 -3.5 1.8
      vertex -9.49998 -2.49501 1.8
    endloop
  endfacet
  facet normal 0 0 1
    outer loop
      vertex -9.49998 -2.49501 1.8
      vertex -13.5 -3.5 1.8
      vertex -9.49998 -2.50499 1.8
    endloop
  endfacet
  facet normal 0 0 1
    outer loop
      vertex -9.49998 -2.50499 1.8
      vertex -13.5 -3.5 1.8
      vertex -9.49699 -2.59656 1.8
    endloop
  endfacet
  facet normal 0 0 1
    outer loop
      vertex -8.09999 -3.90498 1.8
      vertex -10.5 -6.5 1.8
      vertex 10.5 -6.5 1.8
    endloop
  endfacet
  facet normal 0 0 1
    outer loop
      vertex -8.37312 -3.87808 1.8
      vertex -10.5 -6.5 1.8
      vertex -8.28273 -3.89301 1.8
    endloop
  endfacet
  facet normal 0 0 1
    outer loop
      vertex -8.46234 -3.85728 1.8
      vertex -10.5 -6.5 1.8
      vertex -8.37312 -3.87808 1.8
    endloop
  endfacet
  facet normal 0 0 1
    outer loop
      vertex -8.55 -3.83069 1.8
      vertex -10.5 -6.5 1.8
      vertex -8.46234 -3.85728 1.8
    endloop
  endfacet
  facet normal 0 0 1
    outer loop
      vertex -8.63574 -3.79842 1.8
      vertex -10.5 -6.5 1.8
      vertex -8.55 -3.83069 1.8
    endloop
  endfacet
  facet normal 0 0 1
    outer loop
      vertex -8.71919 -3.7606 1.8
      vertex -10.5 -6.5 1.8
      vertex -8.63574 -3.79842 1.8
    endloop
  endfacet
  facet normal 0 0 1
    outer loop
      vertex -8.79999 -3.71742 1.8
      vertex -10.5 -6.5 1.8
      vertex -8.71919 -3.7606 1.8
    endloop
  endfacet
  facet normal 0 0 1
    outer loop
      vertex -8.87779 -3.66905 1.8
      vertex -10.5 -6.5 1.8
      vertex -8.79999 -3.71742 1.8
    endloop
  endfacet
  facet normal 0 0 1
    outer loop
      vertex -8.95226 -3.61568 1.8
      vertex -10.5 -6.5 1.8
      vertex -8.87779 -3.66905 1.8
    endloop
  endfacet
  facet normal 0 0 1
    outer loop
      vertex -9.02307 -3.55757 1.8
      vertex -10.5 -6.5 1.8
      vertex -8.95226 -3.61568 1.8
    endloop
  endfacet
  facet normal 0 0 1
    outer loop
      vertex -9.08994 -3.49493 1.8
      vertex -10.5 -6.5 1.8
      vertex -9.02307 -3.55757 1.8
    endloop
  endfacet
  facet normal 0 0 1
    outer loop
      vertex -9.15257 -3.42807 1.8
      vertex -10.5 -6.5 1.8
      vertex -9.08994 -3.49493 1.8
    endloop
  endfacet
  facet normal 0 0 1
    outer loop
      vertex -10.8916 -6.47433 1.8
      vertex -9.15257 -3.42807 1.8
      vertex -9.21068 -3.35725 1.8
    endloop
  endfacet
  facet normal 0 0 1
    outer loop
      vertex -11.4643 -6.34079 1.8
      vertex -9.21068 -3.35725 1.8
      vertex -9.26405 -3.28279 1.8
    endloop
  endfacet
  facet normal 0 0 1
    outer loop
      vertex -12 -6.09808 1.8
      vertex -9.26405 -3.28279 1.8
      vertex -9.31242 -3.20499 1.8
    endloop
  endfacet
  facet normal 0 0 1
    outer loop
      vertex -12.6213 -5.62132 1.8
      vertex -9.31242 -3.20499 1.8
      vertex -9.35561 -3.12419 1.8
    endloop
  endfacet
  facet normal 0 0 1
    outer loop
      vertex -13.0981 -5 1.8
      vertex -9.35561 -3.12419 1.8
      vertex -9.39342 -3.04074 1.8
    endloop
  endfacet
  facet normal 0 0 1
    outer loop
      vertex -13.3978 -4.27646 1.8
      vertex -9.39342 -3.04074 1.8
      vertex -9.42569 -2.955 1.8
    endloop
  endfacet
  facet normal 0 0 1
    outer loop
      vertex -13.4936 -3.69621 1.8
      vertex -9.42569 -2.955 1.8
      vertex -9.45229 -2.86734 1.8
    endloop
  endfacet
  facet normal 0 0 1
    outer loop
      vertex -13.5 -3.5 1.8
      vertex -9.45229 -2.86734 1.8
      vertex -9.47308 -2.77812 1.8
    endloop
  endfacet
  facet normal 0 0 1
    outer loop
      vertex -9.49699 -2.59656 1.8
      vertex -13.5 -3.5 1.8
      vertex -9.48801 -2.68773 1.8
    endloop
  endfacet
  facet normal 0 0 1
    outer loop
      vertex -9.48801 -2.68773 1.8
      vertex -13.5 -3.5 1.8
      vertex -9.47308 -2.77812 1.8
    endloop
  endfacet
  facet normal 0 0 1
    outer loop
      vertex -9.48801 -2.31227 1.8
      vertex -13.5 -3.5 1.8
      vertex -9.49699 -2.40344 1.8
    endloop
  endfacet
  facet normal 0 0 1
    outer loop
      vertex -13.5 -3.5 1.8
      vertex -10.575 2.50407 1.8
      vertex -10.6389 2.54381 1.8
    endloop
  endfacet
  facet normal 0 0 1
    outer loop
      vertex -9.45229 -2.86734 1.8
      vertex -13.5 -3.5 1.8
      vertex -13.4936 -3.69621 1.8
    endloop
  endfacet
  facet normal 0 0 1
    outer loop
      vertex -13.5 -3.5 1.8
      vertex -10.6389 2.54381 1.8
      vertex -10.7001 2.58764 1.8
    endloop
  endfacet
  facet normal 0 0 1
    outer loop
      vertex -13.5 -3.5 1.8
      vertex -10.7001 2.58764 1.8
      vertex -10.7582 2.63538 1.8
    endloop
  endfacet
  facet normal 0 0 1
    outer loop
      vertex -13.5 3.5 1.8
      vertex -10.7582 2.63538 1.8
      vertex -10.8132 2.68683 1.8
    endloop
  endfacet
  facet normal 0 0 1
    outer loop
      vertex -13.5 3.5 1.8
      vertex -10.8132 2.68683 1.8
      vertex -10.8646 2.74175 1.8
    endloop
  endfacet
  facet normal 0 0 1
    outer loop
      vertex -9.15257 -3.42807 1.8
      vertex -10.6962 -6.49358 1.8
      vertex -10.5 -6.5 1.8
    endloop
  endfacet
  facet normal 0 0 1
    outer loop
      vertex -13.5 3.5 1.8
      vertex -10.8646 2.74175 1.8
      vertex -10.9124 2.79992 1.8
    endloop
  endfacet
  facet normal 0 0 1
    outer loop
      vertex -13.5 3.5 1.8
      vertex -10.9124 2.79992 1.8
      vertex -10.9562 2.86109 1.8
    endloop
  endfacet
  facet normal 0 0 1
    outer loop
      vertex -13.5 3.5 1.8
      vertex -10.9562 2.86109 1.8
      vertex -10.9959 2.925 1.8
    endloop
  endfacet
  facet normal 0 0 1
    outer loop
      vertex -13.5 3.5 1.8
      vertex -10.9959 2.925 1.8
      vertex -11.0314 2.99137 1.8
    endloop
  endfacet
  facet normal 0 0 1
    outer loop
      vertex -13.5 3.5 1.8
      vertex -11.0314 2.99137 1.8
      vertex -11.0625 3.05991 1.8
    endloop
  endfacet
  facet normal 0 0 1
    outer loop
      vertex -9.15257 -3.42807 1.8
      vertex -10.8916 -6.47433 1.8
      vertex -10.6962 -6.49358 1.8
    endloop
  endfacet
  facet normal 0 0 1
    outer loop
      vertex -13.5 3.5 1.8
      vertex -11.0625 3.05991 1.8
      vertex -11.089 3.13034 1.8
    endloop
  endfacet
  facet normal 0 0 1
    outer loop
      vertex -13.5 3.5 1.8
      vertex -11.089 3.13034 1.8
      vertex -11.1108 3.20236 1.8
    endloop
  endfacet
  facet normal 0 0 1
    outer loop
      vertex -13.5 3.5 1.8
      vertex -11.1108 3.20236 1.8
      vertex -11.1279 3.27565 1.8
    endloop
  endfacet
  facet normal 0 0 1
    outer loop
      vertex -13.5 3.5 1.8
      vertex -11.1279 3.27565 1.8
      vertex -11.1402 3.34989 1.8
    endloop
  endfacet
  facet normal 0 0 1
    outer loop
      vertex -13.5 3.5 1.8
      vertex -11.1402 3.34989 1.8
      vertex -11.1475 3.42479 1.8
    endloop
  endfacet
  facet normal -0 0 1
    outer loop
      vertex -13.5 3.5 1.8
      vertex -11.1475 3.42479 1.8
      vertex -11.15 3.5 1.8
    endloop
  endfacet
  facet normal 0 0 1
    outer loop
      vertex -10.9562 4.13891 1.8
      vertex -12.7555 5.47804 1.8
      vertex -10.9959 4.075 1.8
    endloop
  endfacet
  facet normal 0 0 1
    outer loop
      vertex -10.7582 2.63538 1.8
      vertex -13.5 3.5 1.8
      vertex -13.5 -3.5 1.8
    endloop
  endfacet
  facet normal -0 0 1
    outer loop
      vertex -12.8801 5.32628 1.8
      vertex -10.9959 4.075 1.8
      vertex -12.7555 5.47804 1.8
    endloop
  endfacet
  facet normal 0 0 1
    outer loop
      vertex -9.21068 -3.35725 1.8
      vertex -11.0853 -6.44235 1.8
      vertex -10.8916 -6.47433 1.8
    endloop
  endfacet
  facet normal 0 0 1
    outer loop
      vertex -10.9959 4.075 1.8
      vertex -12.8801 5.32628 1.8
      vertex -11.0314 4.00863 1.8
    endloop
  endfacet
  facet normal 0 0 1
    outer loop
      vertex -9.21068 -3.35725 1.8
      vertex -11.2765 -6.39778 1.8
      vertex -11.0853 -6.44235 1.8
    endloop
  endfacet
  facet normal -0 0 1
    outer loop
      vertex -12.9944 5.16672 1.8
      vertex -11.0314 4.00863 1.8
      vertex -12.8801 5.32628 1.8
    endloop
  endfacet
  facet normal 0 0 1
    outer loop
      vertex -9.21068 -3.35725 1.8
      vertex -11.4643 -6.34079 1.8
      vertex -11.2765 -6.39778 1.8
    endloop
  endfacet
  facet normal -0 0 1
    outer loop
      vertex -13.0981 5 1.8
      vertex -11.0314 4.00863 1.8
      vertex -12.9944 5.16672 1.8
    endloop
  endfacet
  facet normal 0 0 1
    outer loop
      vertex -9.26405 -3.28279 1.8
      vertex -11.6481 -6.27164 1.8
      vertex -11.4643 -6.34079 1.8
    endloop
  endfacet
  facet normal 0 0 1
    outer loop
      vertex -11.0314 4.00863 1.8
      vertex -13.0981 5 1.8
      vertex -11.0625 3.94009 1.8
    endloop
  endfacet
  facet normal 0 0 1
    outer loop
      vertex -9.26405 -3.28279 1.8
      vertex -11.8269 -6.19061 1.8
      vertex -11.6481 -6.27164 1.8
    endloop
  endfacet
  facet normal -0 0 1
    outer loop
      vertex -13.1906 4.82686 1.8
      vertex -11.0625 3.94009 1.8
      vertex -13.0981 5 1.8
    endloop
  endfacet
  facet normal 0 0 1
    outer loop
      vertex -9.26405 -3.28279 1.8
      vertex -12 -6.09808 1.8
      vertex -11.8269 -6.19061 1.8
    endloop
  endfacet
  facet normal 0 0 1
    outer loop
      vertex -11.0625 3.94009 1.8
      vertex -13.1906 4.82686 1.8
      vertex -11.089 3.86965 1.8
    endloop
  endfacet
  facet normal 0 0 1
    outer loop
      vertex -9.31242 -3.20499 1.8
      vertex -12.1667 -5.99442 1.8
      vertex -12 -6.09808 1.8
    endloop
  endfacet
  facet normal -0 0 1
    outer loop
      vertex -13.2716 4.64806 1.8
      vertex -11.089 3.86965 1.8
      vertex -13.1906 4.82686 1.8
    endloop
  endfacet
  facet normal 0 0 1
    outer loop
      vertex -9.31242 -3.20499 1.8
      vertex -12.3263 -5.88007 1.8
      vertex -12.1667 -5.99442 1.8
    endloop
  endfacet
  facet normal 0 0 1
    outer loop
      vertex -11.089 3.86965 1.8
      vertex -13.2716 4.64806 1.8
      vertex -11.1108 3.79764 1.8
    endloop
  endfacet
  facet normal 0 0 1
    outer loop
      vertex -9.31242 -3.20499 1.8
      vertex -12.478 -5.75552 1.8
      vertex -12.3263 -5.88007 1.8
    endloop
  endfacet
  facet normal -0 0 1
    outer loop
      vertex -13.3408 4.46432 1.8
      vertex -11.1108 3.79764 1.8
      vertex -13.2716 4.64806 1.8
    endloop
  endfacet
  facet normal 0 0 1
    outer loop
      vertex -9.31242 -3.20499 1.8
      vertex -12.6213 -5.62132 1.8
      vertex -12.478 -5.75552 1.8
    endloop
  endfacet
  facet normal 0 0 1
    outer loop
      vertex -11.1108 3.79764 1.8
      vertex -13.3408 4.46432 1.8
      vertex -11.1279 3.72435 1.8
    endloop
  endfacet
  facet normal 0 0 1
    outer loop
      vertex -9.35561 -3.12419 1.8
      vertex -12.7555 -5.47804 1.8
      vertex -12.6213 -5.62132 1.8
    endloop
  endfacet
  facet normal -0 0 1
    outer loop
      vertex -13.3978 4.27646 1.8
      vertex -11.1279 3.72435 1.8
      vertex -13.3408 4.46432 1.8
    endloop
  endfacet
  facet normal 0 0 1
    outer loop
      vertex -9.35561 -3.12419 1.8
      vertex -12.8801 -5.32628 1.8
      vertex -12.7555 -5.47804 1.8
    endloop
  endfacet
  facet normal -0 0 1
    outer loop
      vertex -13.4424 4.08527 1.8
      vertex -11.1279 3.72435 1.8
      vertex -13.3978 4.27646 1.8
    endloop
  endfacet
  facet normal 0 0 1
    outer loop
      vertex -9.35561 -3.12419 1.8
      vertex -12.9944 -5.16672 1.8
      vertex -12.8801 -5.32628 1.8
    endloop
  endfacet
  facet normal 0 0 1
    outer loop
      vertex -11.1279 3.72435 1.8
      vertex -13.4424 4.08527 1.8
      vertex -11.1402 3.6501 1.8
    endloop
  endfacet
  facet normal 0 0 1
    outer loop
      vertex -9.35561 -3.12419 1.8
      vertex -13.0981 -5 1.8
      vertex -12.9944 -5.16672 1.8
    endloop
  endfacet
  facet normal -0 0 1
    outer loop
      vertex -13.4743 3.89157 1.8
      vertex -11.1402 3.6501 1.8
      vertex -13.4424 4.08527 1.8
    endloop
  endfacet
  facet normal 0 0 1
    outer loop
      vertex -9.39342 -3.04074 1.8
      vertex -13.1906 -4.82686 1.8
      vertex -13.0981 -5 1.8
    endloop
  endfacet
  facet normal 0 0 1
    outer loop
      vertex -11.1402 3.6501 1.8
      vertex -13.4743 3.89157 1.8
      vertex -11.1475 3.57521 1.8
    endloop
  endfacet
  facet normal 0 0 1
    outer loop
      vertex -9.39342 -3.04074 1.8
      vertex -13.2716 -4.64806 1.8
      vertex -13.1906 -4.82686 1.8
    endloop
  endfacet
  facet normal -0 0 1
    outer loop
      vertex -13.4936 3.69621 1.8
      vertex -11.1475 3.57521 1.8
      vertex -13.4743 3.89157 1.8
    endloop
  endfacet
  facet normal 0 0 1
    outer loop
      vertex -9.39342 -3.04074 1.8
      vertex -13.3408 -4.46432 1.8
      vertex -13.2716 -4.64806 1.8
    endloop
  endfacet
  facet normal 0 0 1
    outer loop
      vertex -11.1475 3.57521 1.8
      vertex -13.4936 3.69621 1.8
      vertex -11.15 3.5 1.8
    endloop
  endfacet
  facet normal 0 0 1
    outer loop
      vertex -9.39342 -3.04074 1.8
      vertex -13.3978 -4.27646 1.8
      vertex -13.3408 -4.46432 1.8
    endloop
  endfacet
  facet normal 0 0 1
    outer loop
      vertex -11.15 3.5 1.8
      vertex -13.4936 3.69621 1.8
      vertex -13.5 3.5 1.8
    endloop
  endfacet
  facet normal 0 0 1
    outer loop
      vertex -9.42569 -2.955 1.8
      vertex -13.4424 -4.08527 1.8
      vertex -13.3978 -4.27646 1.8
    endloop
  endfacet
  facet normal 0 0 1
    outer loop
      vertex -9.42569 -2.955 1.8
      vertex -13.4743 -3.89157 1.8
      vertex -13.4424 -4.08527 1.8
    endloop
  endfacet
  facet normal 0 0 1
    outer loop
      vertex -9.42569 -2.955 1.8
      vertex -13.4936 -3.69621 1.8
      vertex -13.4743 -3.89157 1.8
    endloop
  endfacet
  facet normal -0 0 1
    outer loop
      vertex -9.04381 2.86109 1.8
      vertex -8.09999 -1.09502 1.8
      vertex -9.00407 2.925 1.8
    endloop
  endfacet
  facet normal -0 0 1
    outer loop
      vertex -9.08764 2.79992 1.8
      vertex -8.09999 -1.09502 1.8
      vertex -9.04381 2.86109 1.8
    endloop
  endfacet
  facet normal -0 0 1
    outer loop
      vertex -9.13538 2.74175 1.8
      vertex -8.09999 -1.09502 1.8
      vertex -9.08764 2.79992 1.8
    endloop
  endfacet
  facet normal -0 0 1
    outer loop
      vertex -9.18683 2.68683 1.8
      vertex -8.09999 -1.09502 1.8
      vertex -9.13538 2.74175 1.8
    endloop
  endfacet
  facet normal -0 0 1
    outer loop
      vertex -9.24175 2.63538 1.8
      vertex -8.09999 -1.09502 1.8
      vertex -9.18683 2.68683 1.8
    endloop
  endfacet
  facet normal -0 0 1
    outer loop
      vertex -9.29992 2.58764 1.8
      vertex -8.09999 -1.09502 1.8
      vertex -9.24175 2.63538 1.8
    endloop
  endfacet
  facet normal -0 0 1
    outer loop
      vertex -9.36109 2.54381 1.8
      vertex -8.09999 -1.09502 1.8
      vertex -9.29992 2.58764 1.8
    endloop
  endfacet
  facet normal 0 0 1
    outer loop
      vertex -8.09999 -1.09502 1.8
      vertex -9.36109 2.54381 1.8
      vertex -8.19156 -1.09801 1.8
    endloop
  endfacet
  facet normal -0 0 1
    outer loop
      vertex -9.425 2.50407 1.8
      vertex -8.19156 -1.09801 1.8
      vertex -9.36109 2.54381 1.8
    endloop
  endfacet
  facet normal 0 0 1
    outer loop
      vertex -8.19156 -1.09801 1.8
      vertex -9.425 2.50407 1.8
      vertex -8.28273 -1.10699 1.8
    endloop
  endfacet
  facet normal -0 0 1
    outer loop
      vertex -9.49137 2.4686 1.8
      vertex -8.28273 -1.10699 1.8
      vertex -9.425 2.50407 1.8
    endloop
  endfacet
  facet normal 0 0 1
    outer loop
      vertex -8.28273 -1.10699 1.8
      vertex -9.49137 2.4686 1.8
      vertex -8.37312 -1.12192 1.8
    endloop
  endfacet
  facet normal -0 0 1
    outer loop
      vertex -9.55991 2.43754 1.8
      vertex -8.37312 -1.12192 1.8
      vertex -9.49137 2.4686 1.8
    endloop
  endfacet
  facet normal 0 0 1
    outer loop
      vertex -8.37312 -1.12192 1.8
      vertex -9.55991 2.43754 1.8
      vertex -8.46234 -1.14272 1.8
    endloop
  endfacet
  facet normal -0 0 1
    outer loop
      vertex -9.63034 2.41103 1.8
      vertex -8.46234 -1.14272 1.8
      vertex -9.55991 2.43754 1.8
    endloop
  endfacet
  facet normal 0 0 1
    outer loop
      vertex -8.46234 -1.14272 1.8
      vertex -9.63034 2.41103 1.8
      vertex -8.55 -1.16931 1.8
    endloop
  endfacet
  facet normal -0 0 1
    outer loop
      vertex -9.70236 2.38918 1.8
      vertex -8.55 -1.16931 1.8
      vertex -9.63034 2.41103 1.8
    endloop
  endfacet
  facet normal 0 0 1
    outer loop
      vertex -8.55 -1.16931 1.8
      vertex -9.70236 2.38918 1.8
      vertex -8.63574 -1.20158 1.8
    endloop
  endfacet
  facet normal -0 0 1
    outer loop
      vertex -9.77565 2.3721 1.8
      vertex -8.63574 -1.20158 1.8
      vertex -9.70236 2.38918 1.8
    endloop
  endfacet
  facet normal 0 0 1
    outer loop
      vertex -8.63574 -1.20158 1.8
      vertex -9.77565 2.3721 1.8
      vertex -8.71919 -1.2394 1.8
    endloop
  endfacet
  facet normal -0 0 1
    outer loop
      vertex -9.84989 2.35984 1.8
      vertex -8.71919 -1.2394 1.8
      vertex -9.77565 2.3721 1.8
    endloop
  endfacet
  facet normal 0 0 1
    outer loop
      vertex -8.71919 -1.2394 1.8
      vertex -9.84989 2.35984 1.8
      vertex -8.79999 -1.28258 1.8
    endloop
  endfacet
  facet normal -0 0 1
    outer loop
      vertex -9.92479 2.35246 1.8
      vertex -8.79999 -1.28258 1.8
      vertex -9.84989 2.35984 1.8
    endloop
  endfacet
  facet normal 0 0 1
    outer loop
      vertex -8.79999 -1.28258 1.8
      vertex -9.92479 2.35246 1.8
      vertex -8.87779 -1.33095 1.8
    endloop
  endfacet
  facet normal -0 0 1
    outer loop
      vertex -10 2.35 1.8
      vertex -8.87779 -1.33095 1.8
      vertex -9.92479 2.35246 1.8
    endloop
  endfacet
  facet normal 0 0 1
    outer loop
      vertex -8.87779 -1.33095 1.8
      vertex -10 2.35 1.8
      vertex -8.95226 -1.38432 1.8
    endloop
  endfacet
  facet normal 0 0 1
    outer loop
      vertex -10.0752 2.35246 1.8
      vertex -8.95226 -1.38432 1.8
      vertex -10 2.35 1.8
    endloop
  endfacet
  facet normal 0 0 1
    outer loop
      vertex -8.95226 -1.38432 1.8
      vertex -10.0752 2.35246 1.8
      vertex -9.02307 -1.44243 1.8
    endloop
  endfacet
  facet normal 0 0 1
    outer loop
      vertex -10.1501 2.35984 1.8
      vertex -9.02307 -1.44243 1.8
      vertex -10.0752 2.35246 1.8
    endloop
  endfacet
  facet normal 0 0 1
    outer loop
      vertex -10.2244 2.3721 1.8
      vertex -9.02307 -1.44243 1.8
      vertex -10.1501 2.35984 1.8
    endloop
  endfacet
  facet normal 0 0 1
    outer loop
      vertex -9.02307 -1.44243 1.8
      vertex -10.2244 2.3721 1.8
      vertex -9.08994 -1.50507 1.8
    endloop
  endfacet
  facet normal 0 0 1
    outer loop
      vertex -10.2976 2.38918 1.8
      vertex -9.08994 -1.50507 1.8
      vertex -10.2244 2.3721 1.8
    endloop
  endfacet
  facet normal 0 0 1
    outer loop
      vertex -9.08994 -1.50507 1.8
      vertex -10.2976 2.38918 1.8
      vertex -9.15257 -1.57193 1.8
    endloop
  endfacet
  facet normal 0 0 1
    outer loop
      vertex -9.15257 -1.57193 1.8
      vertex -10.3697 2.41103 1.8
      vertex -9.21068 -1.64275 1.8
    endloop
  endfacet
  facet normal 0 0 1
    outer loop
      vertex -10.3697 2.41103 1.8
      vertex -9.15257 -1.57193 1.8
      vertex -10.2976 2.38918 1.8
    endloop
  endfacet
  facet normal 0.528065 -0.849204 0
    outer loop
      vertex 12 -6.09808 0
      vertex 12.1667 -5.99442 1.8
      vertex 12 -6.09808 1.8
    endloop
  endfacet
  facet normal 0.528065 -0.849204 0
    outer loop
      vertex 12.1667 -5.99442 1.8
      vertex 12 -6.09808 0
      vertex 12.1667 -5.99442 0
    endloop
  endfacet
  facet normal -0.471421 0.881908 0
    outer loop
      vertex -11.8269 6.19061 0
      vertex -12 6.09808 1.8
      vertex -11.8269 6.19061 1.8
    endloop
  endfacet
  facet normal -0.471421 0.881908 0
    outer loop
      vertex -12 6.09808 1.8
      vertex -11.8269 6.19061 0
      vertex -12 6.09808 0
    endloop
  endfacet
  facet normal 0.0327042 0.999465 -0
    outer loop
      vertex 10.6962 6.49358 0
      vertex 10.5 6.5 1.8
      vertex 10.6962 6.49358 1.8
    endloop
  endfacet
  facet normal 0.0327042 0.999465 0
    outer loop
      vertex 10.5 6.5 1.8
      vertex 10.6962 6.49358 0
      vertex 10.5 6.5 0
    endloop
  endfacet
  facet normal -0.729855 -0.683602 0
    outer loop
      vertex -12.6213 -5.62132 0
      vertex -12.7555 -5.47804 1.8
      vertex -12.7555 -5.47804 0
    endloop
  endfacet
  facet normal -0.729855 -0.683602 0
    outer loop
      vertex -12.7555 -5.47804 1.8
      vertex -12.6213 -5.62132 0
      vertex -12.6213 -5.62132 1.8
    endloop
  endfacet
  facet normal 0.162895 0.986643 -0
    outer loop
      vertex 11.0853 6.44235 0
      vertex 10.8916 6.47433 1.8
      vertex 11.0853 6.44235 1.8
    endloop
  endfacet
  facet normal 0.162895 0.986643 0
    outer loop
      vertex 10.8916 6.47433 1.8
      vertex 11.0853 6.44235 0
      vertex 10.8916 6.47433 0
    endloop
  endfacet
  facet normal 0.956922 -0.290347 0
    outer loop
      vertex 13.3408 -4.46432 1.8
      vertex 13.3978 -4.27646 0
      vertex 13.3978 -4.27646 1.8
    endloop
  endfacet
  facet normal 0.956922 -0.290347 0
    outer loop
      vertex 13.3978 -4.27646 0
      vertex 13.3408 -4.46432 1.8
      vertex 13.3408 -4.46432 0
    endloop
  endfacet
  facet normal -0.973854 0.227176 0
    outer loop
      vertex -13.4424 4.08527 0
      vertex -13.3978 4.27646 1.8
      vertex -13.3978 4.27646 0
    endloop
  endfacet
  facet normal -0.973854 0.227176 0
    outer loop
      vertex -13.3978 4.27646 1.8
      vertex -13.4424 4.08527 0
      vertex -13.4424 4.08527 1.8
    endloop
  endfacet
  facet normal -0.882017 -0.471217 0
    outer loop
      vertex -13.0981 -5 0
      vertex -13.1906 -4.82686 1.8
      vertex -13.1906 -4.82686 0
    endloop
  endfacet
  facet normal -0.882017 -0.471217 0
    outer loop
      vertex -13.1906 -4.82686 1.8
      vertex -13.0981 -5 0
      vertex -13.0981 -5 1.8
    endloop
  endfacet
  facet normal 0.772876 -0.634557 0
    outer loop
      vertex 12.7555 -5.47804 1.8
      vertex 12.8801 -5.32628 0
      vertex 12.8801 -5.32628 1.8
    endloop
  endfacet
  facet normal 0.772876 -0.634557 0
    outer loop
      vertex 12.8801 -5.32628 0
      vertex 12.7555 -5.47804 1.8
      vertex 12.7555 -5.47804 0
    endloop
  endfacet
  facet normal 0.995156 -0.0983134 0
    outer loop
      vertex 13.4743 -3.89157 1.8
      vertex 13.4936 -3.69621 0
      vertex 13.4936 -3.69621 1.8
    endloop
  endfacet
  facet normal 0.995156 -0.0983134 0
    outer loop
      vertex 13.4936 -3.69621 0
      vertex 13.4743 -3.89157 1.8
      vertex 13.4743 -3.89157 0
    endloop
  endfacet
  facet normal 0.849141 -0.528166 0
    outer loop
      vertex 12.9944 -5.16672 1.8
      vertex 13.0981 -5 0
      vertex 13.0981 -5 1.8
    endloop
  endfacet
  facet normal 0.849141 -0.528166 0
    outer loop
      vertex 13.0981 -5 0
      vertex 12.9944 -5.16672 1.8
      vertex 12.9944 -5.16672 0
    endloop
  endfacet
  facet normal 0.729855 -0.683602 0
    outer loop
      vertex 12.6213 -5.62132 1.8
      vertex 12.7555 -5.47804 0
      vertex 12.7555 -5.47804 1.8
    endloop
  endfacet
  facet normal 0.729855 -0.683602 0
    outer loop
      vertex 12.7555 -5.47804 0
      vertex 12.6213 -5.62132 1.8
      vertex 12.6213 -5.62132 0
    endloop
  endfacet
  facet normal 0.582418 -0.812889 0
    outer loop
      vertex 12.1667 -5.99442 0
      vertex 12.3263 -5.88007 1.8
      vertex 12.1667 -5.99442 1.8
    endloop
  endfacet
  facet normal 0.582418 -0.812889 0
    outer loop
      vertex 12.3263 -5.88007 1.8
      vertex 12.1667 -5.99442 0
      vertex 12.3263 -5.88007 0
    endloop
  endfacet
  facet normal -0.93583 -0.352452 0
    outer loop
      vertex -13.2716 -4.64806 0
      vertex -13.3408 -4.46432 1.8
      vertex -13.3408 -4.46432 0
    endloop
  endfacet
  facet normal -0.93583 -0.352452 0
    outer loop
      vertex -13.3408 -4.46432 1.8
      vertex -13.2716 -4.64806 0
      vertex -13.2716 -4.64806 1.8
    endloop
  endfacet
  facet normal -0.910889 -0.412651 0
    outer loop
      vertex -13.1906 -4.82686 0
      vertex -13.2716 -4.64806 1.8
      vertex -13.2716 -4.64806 0
    endloop
  endfacet
  facet normal -0.910889 -0.412651 0
    outer loop
      vertex -13.2716 -4.64806 1.8
      vertex -13.1906 -4.82686 0
      vertex -13.1906 -4.82686 1.8
    endloop
  endfacet
  facet normal 0.634555 -0.772878 0
    outer loop
      vertex 12.3263 -5.88007 0
      vertex 12.478 -5.75552 1.8
      vertex 12.3263 -5.88007 1.8
    endloop
  endfacet
  facet normal 0.634555 -0.772878 0
    outer loop
      vertex 12.478 -5.75552 1.8
      vertex 12.3263 -5.88007 0
      vertex 12.478 -5.75552 0
    endloop
  endfacet
  facet normal 0.290385 -0.95691 0
    outer loop
      vertex 11.2765 -6.39778 0
      vertex 11.4643 -6.34079 1.8
      vertex 11.2765 -6.39778 1.8
    endloop
  endfacet
  facet normal 0.290385 -0.95691 0
    outer loop
      vertex 11.4643 -6.34079 1.8
      vertex 11.2765 -6.39778 0
      vertex 11.4643 -6.34079 0
    endloop
  endfacet
  facet normal 0.910889 -0.412651 0
    outer loop
      vertex 13.1906 -4.82686 1.8
      vertex 13.2716 -4.64806 0
      vertex 13.2716 -4.64806 1.8
    endloop
  endfacet
  facet normal 0.910889 -0.412651 0
    outer loop
      vertex 13.2716 -4.64806 0
      vertex 13.1906 -4.82686 1.8
      vertex 13.1906 -4.82686 0
    endloop
  endfacet
  facet normal 0.882017 -0.471217 0
    outer loop
      vertex 13.0981 -5 1.8
      vertex 13.1906 -4.82686 0
      vertex 13.1906 -4.82686 1.8
    endloop
  endfacet
  facet normal 0.882017 -0.471217 0
    outer loop
      vertex 13.1906 -4.82686 0
      vertex 13.0981 -5 1.8
      vertex 13.0981 -5 0
    endloop
  endfacet
  facet normal -0.0326352 0.999467 0
    outer loop
      vertex 8.19156 -3.90199 0
      vertex 8.09999 -3.90498 1.8
      vertex 8.19156 -3.90199 1.8
    endloop
  endfacet
  facet normal -0.0326352 0.999467 0
    outer loop
      vertex 8.09999 -3.90498 1.8
      vertex 8.19156 -3.90199 0
      vertex 8.09999 -3.90498 0
    endloop
  endfacet
  facet normal 0.0326352 -0.999467 0
    outer loop
      vertex -8.19156 -1.09801 0
      vertex -8.09999 -1.09502 1.8
      vertex -8.19156 -1.09801 1.8
    endloop
  endfacet
  facet normal 0.0326352 -0.999467 0
    outer loop
      vertex -8.09999 -1.09502 1.8
      vertex -8.19156 -1.09801 0
      vertex -8.09999 -1.09502 0
    endloop
  endfacet
  facet normal -0.849247 0.527996 0
    outer loop
      vertex 9.26405 -3.28279 0
      vertex 9.31242 -3.20499 1.8
      vertex 9.31242 -3.20499 0
    endloop
  endfacet
  facet normal -0.849247 0.527996 0
    outer loop
      vertex 9.31242 -3.20499 1.8
      vertex 9.26405 -3.28279 0
      vertex 9.26405 -3.28279 1.8
    endloop
  endfacet
  facet normal 0.471325 -0.88196 0
    outer loop
      vertex -8.79999 -1.28258 0
      vertex -8.71919 -1.2394 1.8
      vertex -8.79999 -1.28258 1.8
    endloop
  endfacet
  facet normal 0.471325 -0.88196 0
    outer loop
      vertex -8.71919 -1.2394 1.8
      vertex -8.79999 -1.28258 0
      vertex -8.71919 -1.2394 0
    endloop
  endfacet
  facet normal 0.986632 -0.162965 0
    outer loop
      vertex -9.48801 -2.31227 1.8
      vertex -9.47308 -2.22188 0
      vertex -9.47308 -2.22188 1.8
    endloop
  endfacet
  facet normal 0.986632 -0.162965 0
    outer loop
      vertex -9.47308 -2.22188 0
      vertex -9.48801 -2.31227 1.8
      vertex -9.48801 -2.31227 0
    endloop
  endfacet
  facet normal 0.290271 0.956944 -0
    outer loop
      vertex -8.46234 -3.85728 0
      vertex -8.55 -3.83069 1.8
      vertex -8.46234 -3.85728 1.8
    endloop
  endfacet
  facet normal 0.290271 0.956944 0
    outer loop
      vertex -8.55 -3.83069 1.8
      vertex -8.46234 -3.85728 0
      vertex -8.55 -3.83069 0
    endloop
  endfacet
  facet normal 0.634379 -0.773023 0
    outer loop
      vertex -9.02307 -1.44243 0
      vertex -8.95226 -1.38432 1.8
      vertex -9.02307 -1.44243 1.8
    endloop
  endfacet
  facet normal 0.634379 -0.773023 0
    outer loop
      vertex -8.95226 -1.38432 1.8
      vertex -9.02307 -1.44243 0
      vertex -8.95226 -1.38432 0
    endloop
  endfacet
  facet normal 0.683647 0.729813 -0
    outer loop
      vertex -9.02307 -3.55757 0
      vertex -9.08994 -3.49493 1.8
      vertex -9.02307 -3.55757 1.8
    endloop
  endfacet
  facet normal 0.683647 0.729813 0
    outer loop
      vertex -9.08994 -3.49493 1.8
      vertex -9.02307 -3.55757 0
      vertex -9.08994 -3.49493 0
    endloop
  endfacet
  facet normal -0.956914 -0.290371 0
    outer loop
      vertex 9.45229 -2.13266 0
      vertex 9.42569 -2.045 1.8
      vertex 9.42569 -2.045 0
    endloop
  endfacet
  facet normal -0.956914 -0.290371 0
    outer loop
      vertex 9.42569 -2.045 1.8
      vertex 9.45229 -2.13266 0
      vertex 9.45229 -2.13266 1.8
    endloop
  endfacet
  facet normal 0.0326352 0.999467 -0
    outer loop
      vertex -8.09999 -3.90498 0
      vertex -8.19156 -3.90199 1.8
      vertex -8.09999 -3.90498 1.8
    endloop
  endfacet
  facet normal 0.0326352 0.999467 0
    outer loop
      vertex -8.19156 -3.90199 1.8
      vertex -8.09999 -3.90498 0
      vertex -8.19156 -3.90199 0
    endloop
  endfacet
  facet normal -0.352248 0.935907 0
    outer loop
      vertex 8.63574 -3.79842 0
      vertex 8.55 -3.83069 1.8
      vertex 8.63574 -3.79842 1.8
    endloop
  endfacet
  facet normal -0.352248 0.935907 0
    outer loop
      vertex 8.55 -3.83069 1.8
      vertex 8.63574 -3.79842 0
      vertex 8.55 -3.83069 0
    endloop
  endfacet
  facet normal 0.729816 0.683643 0
    outer loop
      vertex -9.08994 -3.49493 1.8
      vertex -9.15257 -3.42807 0
      vertex -9.15257 -3.42807 1.8
    endloop
  endfacet
  facet normal 0.729816 0.683643 0
    outer loop
      vertex -9.15257 -3.42807 0
      vertex -9.08994 -3.49493 1.8
      vertex -9.08994 -3.49493 0
    endloop
  endfacet
  facet normal 0.935907 0.352248 0
    outer loop
      vertex -9.39342 -3.04074 1.8
      vertex -9.42569 -2.955 0
      vertex -9.42569 -2.955 1.8
    endloop
  endfacet
  facet normal 0.935907 0.352248 0
    outer loop
      vertex -9.42569 -2.955 0
      vertex -9.39342 -3.04074 1.8
      vertex -9.39342 -3.04074 0
    endloop
  endfacet
  facet normal 0 1 -0
    outer loop
      vertex 8.09999 -3.90498 0
      vertex -8.09999 -3.90498 1.8
      vertex 8.09999 -3.90498 1.8
    endloop
  endfacet
  facet normal 0 1 0
    outer loop
      vertex -8.09999 -3.90498 1.8
      vertex 8.09999 -3.90498 0
      vertex -8.09999 -3.90498 0
    endloop
  endfacet
  facet normal -0.0326352 -0.999467 0
    outer loop
      vertex 8.09999 -1.09502 0
      vertex 8.19156 -1.09801 1.8
      vertex 8.09999 -1.09502 1.8
    endloop
  endfacet
  facet normal -0.0326352 -0.999467 -0
    outer loop
      vertex 8.19156 -1.09801 1.8
      vertex 8.09999 -1.09502 0
      vertex 8.19156 -1.09801 0
    endloop
  endfacet
  facet normal 0 -1 0
    outer loop
      vertex -8.09999 -1.09502 0
      vertex 8.09999 -1.09502 1.8
      vertex -8.09999 -1.09502 1.8
    endloop
  endfacet
  facet normal 0 -1 -0
    outer loop
      vertex 8.09999 -1.09502 1.8
      vertex -8.09999 -1.09502 0
      vertex 8.09999 -1.09502 0
    endloop
  endfacet
  facet normal 0.729816 -0.683643 0
    outer loop
      vertex -9.15257 -1.57193 1.8
      vertex -9.08994 -1.50507 0
      vertex -9.08994 -1.50507 1.8
    endloop
  endfacet
  facet normal 0.729816 -0.683643 0
    outer loop
      vertex -9.08994 -1.50507 0
      vertex -9.15257 -1.57193 1.8
      vertex -9.15257 -1.57193 0
    endloop
  endfacet
  facet normal 0.986632 0.162965 0
    outer loop
      vertex -9.47308 -2.77812 1.8
      vertex -9.48801 -2.68773 0
      vertex -9.48801 -2.68773 1.8
    endloop
  endfacet
  facet normal 0.986632 0.162965 0
    outer loop
      vertex -9.48801 -2.68773 0
      vertex -9.47308 -2.77812 1.8
      vertex -9.47308 -2.77812 0
    endloop
  endfacet
  facet normal 0.849247 -0.527996 0
    outer loop
      vertex -9.31242 -1.79501 1.8
      vertex -9.26405 -1.71721 0
      vertex -9.26405 -1.71721 1.8
    endloop
  endfacet
  facet normal 0.849247 -0.527996 0
    outer loop
      vertex -9.26405 -1.71721 0
      vertex -9.31242 -1.79501 1.8
      vertex -9.31242 -1.79501 0
    endloop
  endfacet
  facet normal -0.352248 -0.935907 0
    outer loop
      vertex 8.55 -1.16931 0
      vertex 8.63574 -1.20158 1.8
      vertex 8.55 -1.16931 1.8
    endloop
  endfacet
  facet normal -0.352248 -0.935907 -0
    outer loop
      vertex 8.63574 -1.20158 1.8
      vertex 8.55 -1.16931 0
      vertex 8.63574 -1.20158 0
    endloop
  endfacet
  facet normal 0.352248 -0.935907 0
    outer loop
      vertex -8.63574 -1.20158 0
      vertex -8.55 -1.16931 1.8
      vertex -8.63574 -1.20158 1.8
    endloop
  endfacet
  facet normal 0.352248 -0.935907 0
    outer loop
      vertex -8.55 -1.16931 1.8
      vertex -8.63574 -1.20158 0
      vertex -8.55 -1.16931 0
    endloop
  endfacet
  facet normal -0.098023 -0.995184 0
    outer loop
      vertex 8.19156 -1.09801 0
      vertex 8.28273 -1.10699 1.8
      vertex 8.19156 -1.09801 1.8
    endloop
  endfacet
  facet normal -0.098023 -0.995184 -0
    outer loop
      vertex 8.28273 -1.10699 1.8
      vertex 8.19156 -1.09801 0
      vertex 8.28273 -1.10699 0
    endloop
  endfacet
  facet normal -0.290271 -0.956944 0
    outer loop
      vertex 8.46234 -1.14272 0
      vertex 8.55 -1.16931 1.8
      vertex 8.46234 -1.14272 1.8
    endloop
  endfacet
  facet normal -0.290271 -0.956944 -0
    outer loop
      vertex 8.55 -1.16931 1.8
      vertex 8.46234 -1.14272 0
      vertex 8.55 -1.16931 0
    endloop
  endfacet
  facet normal -0.162965 -0.986632 0
    outer loop
      vertex 8.28273 -1.10699 0
      vertex 8.37312 -1.12192 1.8
      vertex 8.28273 -1.10699 1.8
    endloop
  endfacet
  facet normal -0.162965 -0.986632 -0
    outer loop
      vertex 8.37312 -1.12192 1.8
      vertex 8.28273 -1.10699 0
      vertex 8.37312 -1.12192 0
    endloop
  endfacet
  facet normal -0.729816 0.683643 0
    outer loop
      vertex 9.08994 -3.49493 0
      vertex 9.15257 -3.42807 1.8
      vertex 9.15257 -3.42807 0
    endloop
  endfacet
  facet normal -0.729816 0.683643 0
    outer loop
      vertex 9.15257 -3.42807 1.8
      vertex 9.08994 -3.49493 0
      vertex 9.08994 -3.49493 1.8
    endloop
  endfacet
  facet normal 0.471325 0.88196 -0
    outer loop
      vertex -8.71919 -3.7606 0
      vertex -8.79999 -3.71742 1.8
      vertex -8.71919 -3.7606 1.8
    endloop
  endfacet
  facet normal 0.471325 0.88196 0
    outer loop
      vertex -8.79999 -3.71742 1.8
      vertex -8.71919 -3.7606 0
      vertex -8.79999 -3.71742 0
    endloop
  endfacet
  facet normal -0.935907 0.352248 0
    outer loop
      vertex 9.39342 -3.04074 0
      vertex 9.42569 -2.955 1.8
      vertex 9.42569 -2.955 0
    endloop
  endfacet
  facet normal -0.935907 0.352248 0
    outer loop
      vertex 9.42569 -2.955 1.8
      vertex 9.39342 -3.04074 0
      vertex 9.39342 -3.04074 1.8
    endloop
  endfacet
  facet normal 0.527996 -0.849247 0
    outer loop
      vertex -8.87779 -1.33095 0
      vertex -8.79999 -1.28258 1.8
      vertex -8.87779 -1.33095 1.8
    endloop
  endfacet
  facet normal 0.527996 -0.849247 0
    outer loop
      vertex -8.79999 -1.28258 1.8
      vertex -8.87779 -1.33095 0
      vertex -8.79999 -1.28258 0
    endloop
  endfacet
  facet normal 0.162965 0.986632 -0
    outer loop
      vertex -8.28273 -3.89301 0
      vertex -8.37312 -3.87808 1.8
      vertex -8.28273 -3.89301 1.8
    endloop
  endfacet
  facet normal 0.162965 0.986632 0
    outer loop
      vertex -8.37312 -3.87808 1.8
      vertex -8.28273 -3.89301 0
      vertex -8.37312 -3.87808 0
    endloop
  endfacet
  facet normal -0.412791 -0.910826 0
    outer loop
      vertex 8.63574 -1.20158 0
      vertex 8.71919 -1.2394 1.8
      vertex 8.63574 -1.20158 1.8
    endloop
  endfacet
  facet normal -0.412791 -0.910826 -0
    outer loop
      vertex 8.71919 -1.2394 1.8
      vertex 8.63574 -1.20158 0
      vertex 8.71919 -1.2394 0
    endloop
  endfacet
  facet normal -0.729816 -0.683643 0
    outer loop
      vertex 9.15257 -1.57193 0
      vertex 9.08994 -1.50507 1.8
      vertex 9.08994 -1.50507 0
    endloop
  endfacet
  facet normal -0.729816 -0.683643 0
    outer loop
      vertex 9.08994 -1.50507 1.8
      vertex 9.15257 -1.57193 0
      vertex 9.15257 -1.57193 1.8
    endloop
  endfacet
  facet normal -0.683647 0.729813 0
    outer loop
      vertex 9.08994 -3.49493 0
      vertex 9.02307 -3.55757 1.8
      vertex 9.08994 -3.49493 1.8
    endloop
  endfacet
  facet normal -0.683647 0.729813 0
    outer loop
      vertex 9.02307 -3.55757 1.8
      vertex 9.08994 -3.49493 0
      vertex 9.02307 -3.55757 0
    endloop
  endfacet
  facet normal -0.999467 0.0326352 0
    outer loop
      vertex 9.49699 -2.59656 0
      vertex 9.49998 -2.50499 1.8
      vertex 9.49998 -2.50499 0
    endloop
  endfacet
  facet normal -0.999467 0.0326352 0
    outer loop
      vertex 9.49998 -2.50499 1.8
      vertex 9.49699 -2.59656 0
      vertex 9.49699 -2.59656 1.8
    endloop
  endfacet
  facet normal 0.881914 -0.471409 0
    outer loop
      vertex -9.35561 -1.87581 1.8
      vertex -9.31242 -1.79501 0
      vertex -9.31242 -1.79501 1.8
    endloop
  endfacet
  facet normal 0.881914 -0.471409 0
    outer loop
      vertex -9.31242 -1.79501 0
      vertex -9.35561 -1.87581 1.8
      vertex -9.35561 -1.87581 0
    endloop
  endfacet
  facet normal 0.935907 -0.352248 0
    outer loop
      vertex -9.42569 -2.045 1.8
      vertex -9.39342 -1.95926 0
      vertex -9.39342 -1.95926 1.8
    endloop
  endfacet
  facet normal 0.935907 -0.352248 0
    outer loop
      vertex -9.39342 -1.95926 0
      vertex -9.42569 -2.045 1.8
      vertex -9.42569 -2.045 0
    endloop
  endfacet
  facet normal -0.227043 -0.973885 0
    outer loop
      vertex 8.37312 -1.12192 0
      vertex 8.46234 -1.14272 1.8
      vertex 8.37312 -1.12192 1.8
    endloop
  endfacet
  facet normal -0.227043 -0.973885 -0
    outer loop
      vertex 8.46234 -1.14272 1.8
      vertex 8.37312 -1.12192 0
      vertex 8.46234 -1.14272 0
    endloop
  endfacet
  facet normal -0.995184 -0.098023 0
    outer loop
      vertex 9.49699 -2.40344 0
      vertex 9.48801 -2.31227 1.8
      vertex 9.48801 -2.31227 0
    endloop
  endfacet
  facet normal -0.995184 -0.098023 0
    outer loop
      vertex 9.48801 -2.31227 1.8
      vertex 9.49699 -2.40344 0
      vertex 9.49699 -2.40344 1.8
    endloop
  endfacet
  facet normal 0.973909 -0.22694 0
    outer loop
      vertex -9.47308 -2.22188 1.8
      vertex -9.45229 -2.13266 0
      vertex -9.45229 -2.13266 1.8
    endloop
  endfacet
  facet normal 0.973909 -0.22694 0
    outer loop
      vertex -9.45229 -2.13266 0
      vertex -9.47308 -2.22188 1.8
      vertex -9.47308 -2.22188 0
    endloop
  endfacet
  facet normal -0.582518 -0.812818 0
    outer loop
      vertex 8.87779 -1.33095 0
      vertex 8.95226 -1.38432 1.8
      vertex 8.87779 -1.33095 1.8
    endloop
  endfacet
  facet normal -0.582518 -0.812818 -0
    outer loop
      vertex 8.95226 -1.38432 1.8
      vertex 8.87779 -1.33095 0
      vertex 8.95226 -1.38432 0
    endloop
  endfacet
  facet normal -0.995184 0.098023 0
    outer loop
      vertex 9.48801 -2.68773 0
      vertex 9.49699 -2.59656 1.8
      vertex 9.49699 -2.59656 0
    endloop
  endfacet
  facet normal -0.995184 0.098023 0
    outer loop
      vertex 9.49699 -2.59656 1.8
      vertex 9.48801 -2.68773 0
      vertex 9.48801 -2.68773 1.8
    endloop
  endfacet
  facet normal -0.471325 -0.88196 0
    outer loop
      vertex 8.71919 -1.2394 0
      vertex 8.79999 -1.28258 1.8
      vertex 8.71919 -1.2394 1.8
    endloop
  endfacet
  facet normal -0.471325 -0.88196 -0
    outer loop
      vertex 8.79999 -1.28258 1.8
      vertex 8.71919 -1.2394 0
      vertex 8.79999 -1.28258 0
    endloop
  endfacet
  facet normal 0.352248 0.935907 -0
    outer loop
      vertex -8.55 -3.83069 0
      vertex -8.63574 -3.79842 1.8
      vertex -8.55 -3.83069 1.8
    endloop
  endfacet
  facet normal 0.352248 0.935907 0
    outer loop
      vertex -8.63574 -3.79842 1.8
      vertex -8.55 -3.83069 0
      vertex -8.63574 -3.79842 0
    endloop
  endfacet
  facet normal 0.910867 -0.412701 0
    outer loop
      vertex -9.39342 -1.95926 1.8
      vertex -9.35561 -1.87581 0
      vertex -9.35561 -1.87581 1.8
    endloop
  endfacet
  facet normal 0.910867 -0.412701 0
    outer loop
      vertex -9.35561 -1.87581 0
      vertex -9.39342 -1.95926 1.8
      vertex -9.39342 -1.95926 0
    endloop
  endfacet
  facet normal -0.986632 0.162965 0
    outer loop
      vertex 9.47308 -2.77812 0
      vertex 9.48801 -2.68773 1.8
      vertex 9.48801 -2.68773 0
    endloop
  endfacet
  facet normal -0.986632 0.162965 0
    outer loop
      vertex 9.48801 -2.68773 1.8
      vertex 9.47308 -2.77812 0
      vertex 9.47308 -2.77812 1.8
    endloop
  endfacet
  facet normal 0.910867 0.412701 0
    outer loop
      vertex -9.35561 -3.12419 1.8
      vertex -9.39342 -3.04074 0
      vertex -9.39342 -3.04074 1.8
    endloop
  endfacet
  facet normal 0.910867 0.412701 0
    outer loop
      vertex -9.39342 -3.04074 0
      vertex -9.35561 -3.12419 1.8
      vertex -9.35561 -3.12419 0
    endloop
  endfacet
  facet normal 0.098023 -0.995184 0
    outer loop
      vertex -8.28273 -1.10699 0
      vertex -8.19156 -1.09801 1.8
      vertex -8.28273 -1.10699 1.8
    endloop
  endfacet
  facet normal 0.098023 -0.995184 0
    outer loop
      vertex -8.19156 -1.09801 1.8
      vertex -8.28273 -1.10699 0
      vertex -8.19156 -1.09801 0
    endloop
  endfacet
  facet normal 0.773067 -0.634325 0
    outer loop
      vertex -9.21068 -1.64275 1.8
      vertex -9.15257 -1.57193 0
      vertex -9.15257 -1.57193 1.8
    endloop
  endfacet
  facet normal 0.773067 -0.634325 0
    outer loop
      vertex -9.15257 -1.57193 0
      vertex -9.21068 -1.64275 1.8
      vertex -9.21068 -1.64275 0
    endloop
  endfacet
  facet normal 0.162965 -0.986632 0
    outer loop
      vertex -8.37312 -1.12192 0
      vertex -8.28273 -1.10699 1.8
      vertex -8.37312 -1.12192 1.8
    endloop
  endfacet
  facet normal 0.162965 -0.986632 0
    outer loop
      vertex -8.28273 -1.10699 1.8
      vertex -8.37312 -1.12192 0
      vertex -8.28273 -1.10699 0
    endloop
  endfacet
  facet normal 0.290271 -0.956944 0
    outer loop
      vertex -8.55 -1.16931 0
      vertex -8.46234 -1.14272 1.8
      vertex -8.55 -1.16931 1.8
    endloop
  endfacet
  facet normal 0.290271 -0.956944 0
    outer loop
      vertex -8.46234 -1.14272 1.8
      vertex -8.55 -1.16931 0
      vertex -8.46234 -1.14272 0
    endloop
  endfacet
  facet normal -0.773067 -0.634325 0
    outer loop
      vertex 9.21068 -1.64275 0
      vertex 9.15257 -1.57193 1.8
      vertex 9.15257 -1.57193 0
    endloop
  endfacet
  facet normal -0.773067 -0.634325 0
    outer loop
      vertex 9.15257 -1.57193 1.8
      vertex 9.21068 -1.64275 0
      vertex 9.21068 -1.64275 1.8
    endloop
  endfacet
  facet normal -0.634379 -0.773023 0
    outer loop
      vertex 8.95226 -1.38432 0
      vertex 9.02307 -1.44243 1.8
      vertex 8.95226 -1.38432 1.8
    endloop
  endfacet
  facet normal -0.634379 -0.773023 -0
    outer loop
      vertex 9.02307 -1.44243 1.8
      vertex 8.95226 -1.38432 0
      vertex 9.02307 -1.44243 0
    endloop
  endfacet
  facet normal 0.098023 0.995184 -0
    outer loop
      vertex -8.19156 -3.90199 0
      vertex -8.28273 -3.89301 1.8
      vertex -8.19156 -3.90199 1.8
    endloop
  endfacet
  facet normal 0.098023 0.995184 0
    outer loop
      vertex -8.28273 -3.89301 1.8
      vertex -8.19156 -3.90199 0
      vertex -8.28273 -3.89301 0
    endloop
  endfacet
  facet normal 0.227043 0.973885 -0
    outer loop
      vertex -8.37312 -3.87808 0
      vertex -8.46234 -3.85728 1.8
      vertex -8.37312 -3.87808 1.8
    endloop
  endfacet
  facet normal 0.227043 0.973885 0
    outer loop
      vertex -8.46234 -3.85728 1.8
      vertex -8.37312 -3.87808 0
      vertex -8.46234 -3.85728 0
    endloop
  endfacet
  facet normal -0.881914 0.471409 0
    outer loop
      vertex 9.31242 -3.20499 0
      vertex 9.35561 -3.12419 1.8
      vertex 9.35561 -3.12419 0
    endloop
  endfacet
  facet normal -0.881914 0.471409 0
    outer loop
      vertex 9.35561 -3.12419 1.8
      vertex 9.31242 -3.20499 0
      vertex 9.31242 -3.20499 1.8
    endloop
  endfacet
  facet normal 0.999467 -0.0326352 0
    outer loop
      vertex -9.49998 -2.49501 1.8
      vertex -9.49699 -2.40344 0
      vertex -9.49699 -2.40344 1.8
    endloop
  endfacet
  facet normal 0.999467 -0.0326352 0
    outer loop
      vertex -9.49699 -2.40344 0
      vertex -9.49998 -2.49501 1.8
      vertex -9.49998 -2.49501 0
    endloop
  endfacet
  facet normal 0.683647 -0.729813 0
    outer loop
      vertex -9.08994 -1.50507 0
      vertex -9.02307 -1.44243 1.8
      vertex -9.08994 -1.50507 1.8
    endloop
  endfacet
  facet normal 0.683647 -0.729813 0
    outer loop
      vertex -9.02307 -1.44243 1.8
      vertex -9.08994 -1.50507 0
      vertex -9.02307 -1.44243 0
    endloop
  endfacet
  facet normal 0.227043 -0.973885 0
    outer loop
      vertex -8.46234 -1.14272 0
      vertex -8.37312 -1.12192 1.8
      vertex -8.46234 -1.14272 1.8
    endloop
  endfacet
  facet normal 0.227043 -0.973885 0
    outer loop
      vertex -8.37312 -1.12192 1.8
      vertex -8.46234 -1.14272 0
      vertex -8.37312 -1.12192 0
    endloop
  endfacet
  facet normal 0.956914 -0.290371 0
    outer loop
      vertex -9.45229 -2.13266 1.8
      vertex -9.42569 -2.045 0
      vertex -9.42569 -2.045 1.8
    endloop
  endfacet
  facet normal 0.956914 -0.290371 0
    outer loop
      vertex -9.42569 -2.045 0
      vertex -9.45229 -2.13266 1.8
      vertex -9.45229 -2.13266 0
    endloop
  endfacet
  facet normal 0.995184 0.098023 0
    outer loop
      vertex -9.48801 -2.68773 1.8
      vertex -9.49699 -2.59656 0
      vertex -9.49699 -2.59656 1.8
    endloop
  endfacet
  facet normal 0.995184 0.098023 0
    outer loop
      vertex -9.49699 -2.59656 0
      vertex -9.48801 -2.68773 1.8
      vertex -9.48801 -2.68773 0
    endloop
  endfacet
  facet normal -0.773067 0.634325 0
    outer loop
      vertex 9.15257 -3.42807 0
      vertex 9.21068 -3.35725 1.8
      vertex 9.21068 -3.35725 0
    endloop
  endfacet
  facet normal -0.773067 0.634325 0
    outer loop
      vertex 9.21068 -3.35725 1.8
      vertex 9.15257 -3.42807 0
      vertex 9.15257 -3.42807 1.8
    endloop
  endfacet
  facet normal 0.995184 -0.098023 0
    outer loop
      vertex -9.49699 -2.40344 1.8
      vertex -9.48801 -2.31227 0
      vertex -9.48801 -2.31227 1.8
    endloop
  endfacet
  facet normal 0.995184 -0.098023 0
    outer loop
      vertex -9.48801 -2.31227 0
      vertex -9.49699 -2.40344 1.8
      vertex -9.49699 -2.40344 0
    endloop
  endfacet
  facet normal 0.412791 0.910826 -0
    outer loop
      vertex -8.63574 -3.79842 0
      vertex -8.71919 -3.7606 1.8
      vertex -8.63574 -3.79842 1.8
    endloop
  endfacet
  facet normal 0.412791 0.910826 0
    outer loop
      vertex -8.71919 -3.7606 1.8
      vertex -8.63574 -3.79842 0
      vertex -8.71919 -3.7606 0
    endloop
  endfacet
  facet normal -0.412791 0.910826 0
    outer loop
      vertex 8.71919 -3.7606 0
      vertex 8.63574 -3.79842 1.8
      vertex 8.71919 -3.7606 1.8
    endloop
  endfacet
  facet normal -0.412791 0.910826 0
    outer loop
      vertex 8.63574 -3.79842 1.8
      vertex 8.71919 -3.7606 0
      vertex 8.63574 -3.79842 0
    endloop
  endfacet
  facet normal 0.412791 -0.910826 0
    outer loop
      vertex -8.71919 -1.2394 0
      vertex -8.63574 -1.20158 1.8
      vertex -8.71919 -1.2394 1.8
    endloop
  endfacet
  facet normal 0.412791 -0.910826 0
    outer loop
      vertex -8.63574 -1.20158 1.8
      vertex -8.71919 -1.2394 0
      vertex -8.63574 -1.20158 0
    endloop
  endfacet
  facet normal 0.849247 0.527996 0
    outer loop
      vertex -9.26405 -3.28279 1.8
      vertex -9.31242 -3.20499 0
      vertex -9.31242 -3.20499 1.8
    endloop
  endfacet
  facet normal 0.849247 0.527996 0
    outer loop
      vertex -9.31242 -3.20499 0
      vertex -9.26405 -3.28279 1.8
      vertex -9.26405 -3.28279 0
    endloop
  endfacet
  facet normal 0.773067 0.634325 0
    outer loop
      vertex -9.15257 -3.42807 1.8
      vertex -9.21068 -3.35725 0
      vertex -9.21068 -3.35725 1.8
    endloop
  endfacet
  facet normal 0.773067 0.634325 0
    outer loop
      vertex -9.21068 -3.35725 0
      vertex -9.15257 -3.42807 1.8
      vertex -9.15257 -3.42807 0
    endloop
  endfacet
  facet normal -0.227043 0.973885 0
    outer loop
      vertex 8.46234 -3.85728 0
      vertex 8.37312 -3.87808 1.8
      vertex 8.46234 -3.85728 1.8
    endloop
  endfacet
  facet normal -0.227043 0.973885 0
    outer loop
      vertex 8.37312 -3.87808 1.8
      vertex 8.46234 -3.85728 0
      vertex 8.37312 -3.87808 0
    endloop
  endfacet
  facet normal 0.812781 -0.582569 0
    outer loop
      vertex -9.26405 -1.71721 1.8
      vertex -9.21068 -1.64275 0
      vertex -9.21068 -1.64275 1.8
    endloop
  endfacet
  facet normal 0.812781 -0.582569 0
    outer loop
      vertex -9.21068 -1.64275 0
      vertex -9.26405 -1.71721 1.8
      vertex -9.26405 -1.71721 0
    endloop
  endfacet
  facet normal 0.527996 0.849247 -0
    outer loop
      vertex -8.79999 -3.71742 0
      vertex -8.87779 -3.66905 1.8
      vertex -8.79999 -3.71742 1.8
    endloop
  endfacet
  facet normal 0.527996 0.849247 0
    outer loop
      vertex -8.87779 -3.66905 1.8
      vertex -8.79999 -3.71742 0
      vertex -8.87779 -3.66905 0
    endloop
  endfacet
  facet normal 0.582518 0.812818 -0
    outer loop
      vertex -8.87779 -3.66905 0
      vertex -8.95226 -3.61568 1.8
      vertex -8.87779 -3.66905 1.8
    endloop
  endfacet
  facet normal 0.582518 0.812818 0
    outer loop
      vertex -8.95226 -3.61568 1.8
      vertex -8.87779 -3.66905 0
      vertex -8.95226 -3.61568 0
    endloop
  endfacet
  facet normal 0.634379 0.773023 -0
    outer loop
      vertex -8.95226 -3.61568 0
      vertex -9.02307 -3.55757 1.8
      vertex -8.95226 -3.61568 1.8
    endloop
  endfacet
  facet normal 0.634379 0.773023 0
    outer loop
      vertex -9.02307 -3.55757 1.8
      vertex -8.95226 -3.61568 0
      vertex -9.02307 -3.55757 0
    endloop
  endfacet
  facet normal -0.098023 0.995184 0
    outer loop
      vertex 8.28273 -3.89301 0
      vertex 8.19156 -3.90199 1.8
      vertex 8.28273 -3.89301 1.8
    endloop
  endfacet
  facet normal -0.098023 0.995184 0
    outer loop
      vertex 8.19156 -3.90199 1.8
      vertex 8.28273 -3.89301 0
      vertex 8.19156 -3.90199 0
    endloop
  endfacet
  facet normal -0.582518 0.812818 0
    outer loop
      vertex 8.95226 -3.61568 0
      vertex 8.87779 -3.66905 1.8
      vertex 8.95226 -3.61568 1.8
    endloop
  endfacet
  facet normal -0.582518 0.812818 0
    outer loop
      vertex 8.87779 -3.66905 1.8
      vertex 8.95226 -3.61568 0
      vertex 8.87779 -3.66905 0
    endloop
  endfacet
  facet normal 0.973909 0.22694 0
    outer loop
      vertex -9.45229 -2.86734 1.8
      vertex -9.47308 -2.77812 0
      vertex -9.47308 -2.77812 1.8
    endloop
  endfacet
  facet normal 0.973909 0.22694 0
    outer loop
      vertex -9.47308 -2.77812 0
      vertex -9.45229 -2.86734 1.8
      vertex -9.45229 -2.86734 0
    endloop
  endfacet
  facet normal -0.634379 0.773023 0
    outer loop
      vertex 9.02307 -3.55757 0
      vertex 8.95226 -3.61568 1.8
      vertex 9.02307 -3.55757 1.8
    endloop
  endfacet
  facet normal -0.634379 0.773023 0
    outer loop
      vertex 8.95226 -3.61568 1.8
      vertex 9.02307 -3.55757 0
      vertex 8.95226 -3.61568 0
    endloop
  endfacet
  facet normal 0.999467 0.0326352 0
    outer loop
      vertex -9.49699 -2.59656 1.8
      vertex -9.49998 -2.50499 0
      vertex -9.49998 -2.50499 1.8
    endloop
  endfacet
  facet normal 0.999467 0.0326352 0
    outer loop
      vertex -9.49998 -2.50499 0
      vertex -9.49699 -2.59656 1.8
      vertex -9.49699 -2.59656 0
    endloop
  endfacet
  facet normal 0.812781 0.582569 0
    outer loop
      vertex -9.21068 -3.35725 1.8
      vertex -9.26405 -3.28279 0
      vertex -9.26405 -3.28279 1.8
    endloop
  endfacet
  facet normal 0.812781 0.582569 0
    outer loop
      vertex -9.26405 -3.28279 0
      vertex -9.21068 -3.35725 1.8
      vertex -9.21068 -3.35725 0
    endloop
  endfacet
  facet normal -0.471325 0.88196 0
    outer loop
      vertex 8.79999 -3.71742 0
      vertex 8.71919 -3.7606 1.8
      vertex 8.79999 -3.71742 1.8
    endloop
  endfacet
  facet normal -0.471325 0.88196 0
    outer loop
      vertex 8.71919 -3.7606 1.8
      vertex 8.79999 -3.71742 0
      vertex 8.71919 -3.7606 0
    endloop
  endfacet
  facet normal -0.973909 0.22694 0
    outer loop
      vertex 9.45229 -2.86734 0
      vertex 9.47308 -2.77812 1.8
      vertex 9.47308 -2.77812 0
    endloop
  endfacet
  facet normal -0.973909 0.22694 0
    outer loop
      vertex 9.47308 -2.77812 1.8
      vertex 9.45229 -2.86734 0
      vertex 9.45229 -2.86734 1.8
    endloop
  endfacet
  facet normal -0.683647 -0.729813 0
    outer loop
      vertex 9.02307 -1.44243 0
      vertex 9.08994 -1.50507 1.8
      vertex 9.02307 -1.44243 1.8
    endloop
  endfacet
  facet normal -0.683647 -0.729813 -0
    outer loop
      vertex 9.08994 -1.50507 1.8
      vertex 9.02307 -1.44243 0
      vertex 9.08994 -1.50507 0
    endloop
  endfacet
  facet normal -0.999467 -0.0326352 0
    outer loop
      vertex 9.49998 -2.49501 0
      vertex 9.49699 -2.40344 1.8
      vertex 9.49699 -2.40344 0
    endloop
  endfacet
  facet normal -0.999467 -0.0326352 0
    outer loop
      vertex 9.49699 -2.40344 1.8
      vertex 9.49998 -2.49501 0
      vertex 9.49998 -2.49501 1.8
    endloop
  endfacet
  facet normal 0.582518 -0.812818 0
    outer loop
      vertex -8.95226 -1.38432 0
      vertex -8.87779 -1.33095 1.8
      vertex -8.95226 -1.38432 1.8
    endloop
  endfacet
  facet normal 0.582518 -0.812818 0
    outer loop
      vertex -8.87779 -1.33095 1.8
      vertex -8.95226 -1.38432 0
      vertex -8.87779 -1.33095 0
    endloop
  endfacet
  facet normal -0.956914 0.290371 0
    outer loop
      vertex 9.42569 -2.955 0
      vertex 9.45229 -2.86734 1.8
      vertex 9.45229 -2.86734 0
    endloop
  endfacet
  facet normal -0.956914 0.290371 0
    outer loop
      vertex 9.45229 -2.86734 1.8
      vertex 9.42569 -2.955 0
      vertex 9.42569 -2.955 1.8
    endloop
  endfacet
  facet normal -0.527996 0.849247 0
    outer loop
      vertex 8.87779 -3.66905 0
      vertex 8.79999 -3.71742 1.8
      vertex 8.87779 -3.66905 1.8
    endloop
  endfacet
  facet normal -0.527996 0.849247 0
    outer loop
      vertex 8.79999 -3.71742 1.8
      vertex 8.87779 -3.66905 0
      vertex 8.79999 -3.71742 0
    endloop
  endfacet
  facet normal -1 0 0
    outer loop
      vertex 9.49998 -2.50499 0
      vertex 9.49998 -2.49501 1.8
      vertex 9.49998 -2.49501 0
    endloop
  endfacet
  facet normal -1 -0 0
    outer loop
      vertex 9.49998 -2.49501 1.8
      vertex 9.49998 -2.50499 0
      vertex 9.49998 -2.50499 1.8
    endloop
  endfacet
  facet normal 0.956914 0.290371 0
    outer loop
      vertex -9.42569 -2.955 1.8
      vertex -9.45229 -2.86734 0
      vertex -9.45229 -2.86734 1.8
    endloop
  endfacet
  facet normal 0.956914 0.290371 0
    outer loop
      vertex -9.45229 -2.86734 0
      vertex -9.42569 -2.955 1.8
      vertex -9.42569 -2.955 0
    endloop
  endfacet
  facet normal -0.849247 -0.527996 0
    outer loop
      vertex 9.31242 -1.79501 0
      vertex 9.26405 -1.71721 1.8
      vertex 9.26405 -1.71721 0
    endloop
  endfacet
  facet normal -0.849247 -0.527996 0
    outer loop
      vertex 9.26405 -1.71721 1.8
      vertex 9.31242 -1.79501 0
      vertex 9.31242 -1.79501 1.8
    endloop
  endfacet
  facet normal -0.881914 -0.471409 0
    outer loop
      vertex 9.35561 -1.87581 0
      vertex 9.31242 -1.79501 1.8
      vertex 9.31242 -1.79501 0
    endloop
  endfacet
  facet normal -0.881914 -0.471409 0
    outer loop
      vertex 9.31242 -1.79501 1.8
      vertex 9.35561 -1.87581 0
      vertex 9.35561 -1.87581 1.8
    endloop
  endfacet
  facet normal -0.162965 0.986632 0
    outer loop
      vertex 8.37312 -3.87808 0
      vertex 8.28273 -3.89301 1.8
      vertex 8.37312 -3.87808 1.8
    endloop
  endfacet
  facet normal -0.162965 0.986632 0
    outer loop
      vertex 8.28273 -3.89301 1.8
      vertex 8.37312 -3.87808 0
      vertex 8.28273 -3.89301 0
    endloop
  endfacet
  facet normal -0.527996 -0.849247 0
    outer loop
      vertex 8.79999 -1.28258 0
      vertex 8.87779 -1.33095 1.8
      vertex 8.79999 -1.28258 1.8
    endloop
  endfacet
  facet normal -0.527996 -0.849247 -0
    outer loop
      vertex 8.87779 -1.33095 1.8
      vertex 8.79999 -1.28258 0
      vertex 8.87779 -1.33095 0
    endloop
  endfacet
  facet normal 0.881914 0.471409 0
    outer loop
      vertex -9.31242 -3.20499 1.8
      vertex -9.35561 -3.12419 0
      vertex -9.35561 -3.12419 1.8
    endloop
  endfacet
  facet normal 0.881914 0.471409 0
    outer loop
      vertex -9.35561 -3.12419 0
      vertex -9.31242 -3.20499 1.8
      vertex -9.31242 -3.20499 0
    endloop
  endfacet
  facet normal -0.290271 0.956944 0
    outer loop
      vertex 8.55 -3.83069 0
      vertex 8.46234 -3.85728 1.8
      vertex 8.55 -3.83069 1.8
    endloop
  endfacet
  facet normal -0.290271 0.956944 0
    outer loop
      vertex 8.46234 -3.85728 1.8
      vertex 8.55 -3.83069 0
      vertex 8.46234 -3.85728 0
    endloop
  endfacet
  facet normal -0.986632 -0.162965 0
    outer loop
      vertex 9.48801 -2.31227 0
      vertex 9.47308 -2.22188 1.8
      vertex 9.47308 -2.22188 0
    endloop
  endfacet
  facet normal -0.986632 -0.162965 0
    outer loop
      vertex 9.47308 -2.22188 1.8
      vertex 9.48801 -2.31227 0
      vertex 9.48801 -2.31227 1.8
    endloop
  endfacet
  facet normal -0.910867 0.412701 0
    outer loop
      vertex 9.35561 -3.12419 0
      vertex 9.39342 -3.04074 1.8
      vertex 9.39342 -3.04074 0
    endloop
  endfacet
  facet normal -0.910867 0.412701 0
    outer loop
      vertex 9.39342 -3.04074 1.8
      vertex 9.35561 -3.12419 0
      vertex 9.35561 -3.12419 1.8
    endloop
  endfacet
  facet normal 1 -0 0
    outer loop
      vertex -9.49998 -2.50499 1.8
      vertex -9.49998 -2.49501 0
      vertex -9.49998 -2.49501 1.8
    endloop
  endfacet
  facet normal 1 0 0
    outer loop
      vertex -9.49998 -2.49501 0
      vertex -9.49998 -2.50499 1.8
      vertex -9.49998 -2.50499 0
    endloop
  endfacet
  facet normal -0.935907 -0.352248 0
    outer loop
      vertex 9.42569 -2.045 0
      vertex 9.39342 -1.95926 1.8
      vertex 9.39342 -1.95926 0
    endloop
  endfacet
  facet normal -0.935907 -0.352248 0
    outer loop
      vertex 9.39342 -1.95926 1.8
      vertex 9.42569 -2.045 0
      vertex 9.42569 -2.045 1.8
    endloop
  endfacet
  facet normal -0.973909 -0.22694 0
    outer loop
      vertex 9.47308 -2.22188 0
      vertex 9.45229 -2.13266 1.8
      vertex 9.45229 -2.13266 0
    endloop
  endfacet
  facet normal -0.973909 -0.22694 0
    outer loop
      vertex 9.45229 -2.13266 1.8
      vertex 9.47308 -2.22188 0
      vertex 9.47308 -2.22188 1.8
    endloop
  endfacet
  facet normal -0.910867 -0.412701 0
    outer loop
      vertex 9.39342 -1.95926 0
      vertex 9.35561 -1.87581 1.8
      vertex 9.35561 -1.87581 0
    endloop
  endfacet
  facet normal -0.910867 -0.412701 0
    outer loop
      vertex 9.35561 -1.87581 1.8
      vertex 9.39342 -1.95926 0
      vertex 9.39342 -1.95926 1.8
    endloop
  endfacet
  facet normal -0.812781 -0.582569 0
    outer loop
      vertex 9.26405 -1.71721 0
      vertex 9.21068 -1.64275 1.8
      vertex 9.21068 -1.64275 0
    endloop
  endfacet
  facet normal -0.812781 -0.582569 0
    outer loop
      vertex 9.21068 -1.64275 1.8
      vertex 9.26405 -1.71721 0
      vertex 9.26405 -1.71721 1.8
    endloop
  endfacet
  facet normal -0.812781 0.582569 0
    outer loop
      vertex 9.21068 -3.35725 0
      vertex 9.26405 -3.28279 1.8
      vertex 9.26405 -3.28279 0
    endloop
  endfacet
  facet normal -0.812781 0.582569 0
    outer loop
      vertex 9.26405 -3.28279 1.8
      vertex 9.21068 -3.35725 0
      vertex 9.21068 -3.35725 1.8
    endloop
  endfacet
endsolid OpenSCAD_Model
